locus_tag	ftype	length_bp	gene	EC_number	COG	product
M6475_00001	CDS	1524	rpoC_1	2.7.7.6	COG0086	DNA-directed RNA polymerase subunit beta'
M6475_00002	CDS	2046	rpoC_2	2.7.7.6	COG0086	DNA-directed RNA polymerase subunit beta'
M6475_00003	CDS	99				hypothetical protein
M6475_00004	CDS	270	rpoB_1	2.7.7.6	COG0085	DNA-directed RNA polymerase subunit beta
M6475_00005	CDS	1077	rpoB_2	2.7.7.6	COG0085	DNA-directed RNA polymerase subunit beta
M6475_00006	CDS	2697	rpoB_3	2.7.7.6		DNA-directed RNA polymerase subunit beta
M6475_00007	CDS	507				hypothetical protein
M6475_00008	CDS	183				hypothetical protein
M6475_00009	CDS	396				hypothetical protein
M6475_00010	CDS	240				hypothetical protein
M6475_00011	CDS	285				hypothetical protein
M6475_00012	CDS	210				hypothetical protein
M6475_00013	CDS	180				hypothetical protein
M6475_00014	CDS	216				hypothetical protein
M6475_00015	CDS	171				hypothetical protein
M6475_00016	CDS	246	ileS_1	6.1.1.5		Isoleucine--tRNA ligase
M6475_00017	CDS	273	ileS_2	6.1.1.5		Isoleucine--tRNA ligase
M6475_00018	CDS	366	ileS_3	6.1.1.5		Isoleucine--tRNA ligase
M6475_00019	CDS	168	trmL	2.1.1.207	COG0219	tRNA (cytidine(34)-2'-O)-methyltransferase
M6475_00020	CDS	114				hypothetical protein
M6475_00021	CDS	342	trmB	2.1.1.33	COG0220	tRNA (guanine-N(7)-)-methyltransferase
M6475_00022	CDS	156				hypothetical protein
M6475_00023	tRNA	76				tRNA-His(gtg)
M6475_00024	CDS	522				hypothetical protein
M6475_00025	CDS	246				hypothetical protein
M6475_00026	tRNA	88				tRNA-Leu(gag)
M6475_00027	CDS	117				hypothetical protein
M6475_00028	CDS	243				hypothetical protein
M6475_00029	CDS	342				hypothetical protein
M6475_00030	CDS	216				hypothetical protein
M6475_00031	CDS	261				hypothetical protein
M6475_00032	tRNA	82				tRNA-Leu(caa)
M6475_00033	CDS	210				hypothetical protein
M6475_00034	CDS	162	ppa_1	3.6.1.1	COG0221	Inorganic pyrophosphatase
M6475_00035	CDS	219	ppa_2	3.6.1.1	COG0221	Inorganic pyrophosphatase
M6475_00036	CDS	309	recU	3.1.22.4	COG3331	Holliday junction resolvase RecU
M6475_00037	CDS	315				hypothetical protein
M6475_00038	CDS	414				putative protein MG354
M6475_00039	CDS	885	clpB_1		COG0542	Chaperone protein ClpB
M6475_00040	CDS	273	clpB_2			Chaperone protein ClpB
M6475_00041	CDS	639	clpB_3			Chaperone protein ClpB
M6475_00042	CDS	360				hypothetical protein
M6475_00043	CDS	513	ackA_1	2.7.2.1	COG0282	Acetate kinase
M6475_00044	CDS	498	ackA_2	2.7.2.1	COG0282	Acetate kinase
M6475_00045	CDS	210				hypothetical protein
M6475_00046	CDS	228				hypothetical protein
M6475_00047	CDS	501	ruvA	3.6.4.12		Holliday junction ATP-dependent DNA helicase RuvA
M6475_00048	CDS	924	ruvB	3.6.4.12	COG2255	Holliday junction ATP-dependent DNA helicase RuvB
M6475_00049	CDS	288				hypothetical protein
M6475_00050	CDS	564	dinB	2.7.7.7	COG0389	DNA polymerase IV
M6475_00051	CDS	489	rplJ			50S ribosomal protein L10
M6475_00052	CDS	369	rplL			50S ribosomal protein L7/L12
M6475_00053	CDS	174	rpmF			50S ribosomal protein L32
M6475_00054	CDS	267				hypothetical protein
M6475_00055	CDS	156				hypothetical protein
M6475_00056	CDS	357				hypothetical protein
M6475_00057	CDS	132				hypothetical protein
M6475_00058	CDS	366	fmt	2.1.2.9		Methionyl-tRNA formyltransferase
M6475_00059	CDS	942				hypothetical protein
M6475_00060	CDS	282				hypothetical protein
M6475_00061	CDS	123				hypothetical protein
M6475_00062	CDS	297	rnc	3.1.26.3		Ribonuclease 3
M6475_00063	CDS	987	plsX	2.3.1.274		Phosphate acyltransferase
M6475_00064	CDS	1155				putative protein
M6475_00065	CDS	513				putative protein
M6475_00066	CDS	270				hypothetical protein
M6475_00067	CDS	594	rluC	5.4.99.24	COG0564	Ribosomal large subunit pseudouridine synthase C
M6475_00068	CDS	120				hypothetical protein
M6475_00069	CDS	255				hypothetical protein
M6475_00070	CDS	99				hypothetical protein
M6475_00071	CDS	378	nrnA_1	3.1.-.-	COG0618	Bifunctional oligoribonuclease and PAP phosphatase NrnA
M6475_00072	CDS	1158	thiI	2.8.1.4	COG0301	putative tRNA sulfurtransferase
M6475_00073	CDS	162				hypothetical protein
M6475_00074	CDS	360				hypothetical protein
M6475_00075	CDS	168				hypothetical protein
M6475_00076	CDS	357				hypothetical protein
M6475_00077	CDS	129				hypothetical protein
M6475_00078	CDS	585	thrS_1	6.1.1.3		Threonine--tRNA ligase
M6475_00079	CDS	477	thrS_2	6.1.1.3		Threonine--tRNA ligase
M6475_00080	CDS	183	thrS_3	6.1.1.3		Threonine--tRNA ligase
M6475_00081	CDS	318				hypothetical protein
M6475_00082	CDS	150				putative protein MG376 
M6475_00083	CDS	159				putative protein MG377 
M6475_00084	CDS	381				putative protein MG377 
M6475_00085	CDS	441	argS_1	6.1.1.19	COG0018	Arginine--tRNA ligase
M6475_00086	CDS	177				hypothetical protein
M6475_00087	CDS	453	argS_2	6.1.1.19	COG0018	Arginine--tRNA ligase
M6475_00088	CDS	180				hypothetical protein
M6475_00089	CDS	1305	mnmG_1			tRNA uridine 5-carboxymethylaminomethyl modification enzyme MnmG
M6475_00090	CDS	534	mnmG_2			tRNA uridine 5-carboxymethylaminomethyl modification enzyme MnmG
M6475_00091	CDS	579	rsmG	2.1.1.170		Ribosomal RNA small subunit methyltransferase G
M6475_00092	CDS	345				hypothetical protein
M6475_00093	tRNA	76				tRNA-Arg(tct)
M6475_00094	CDS	204	udk	2.7.1.48	COG0572	Uridine kinase
M6475_00095	CDS	156				hypothetical protein
M6475_00096	CDS	444	nadE	6.3.1.5	COG0171	NH(3)-dependent NAD(+) synthetase
M6475_00097	CDS	981	obg	3.6.5.-	COG0536	GTPase Obg
M6475_00098	CDS	177				hypothetical protein
M6475_00099	CDS	447				hypothetical protein
M6475_00100	CDS	108				hypothetical protein
M6475_00101	CDS	270				hypothetical protein
M6475_00102	CDS	2406				hypothetical protein
M6475_00103	CDS	198				hypothetical protein
M6475_00104	CDS	168				hypothetical protein
M6475_00105	CDS	495				Protein P200
M6475_00106	CDS	204	era_1			GTPase Era
M6475_00107	CDS	480	era_2			GTPase Era
M6475_00108	CDS	324	ybeY	3.1.-.-		Endoribonuclease YbeY
M6475_00109	CDS	195				hypothetical protein
M6475_00110	CDS	111				hypothetical protein
M6475_00111	CDS	348				hypothetical protein
M6475_00112	CDS	681				hypothetical protein
M6475_00113	CDS	294				hypothetical protein
M6475_00114	CDS	234	pepA_1	3.4.11.10		cytosol aminopeptidase
M6475_00115	CDS	1056	pepA_2	3.4.11.10		cytosol aminopeptidase
M6475_00116	CDS	1632	groL			60 kDa chaperonin
M6475_00117	CDS	333	groS			10 kDa chaperonin
M6475_00118	CDS	327	glyA_1	2.1.2.1	COG0112	Serine hydroxymethyltransferase
M6475_00119	CDS	870	glyA_2	2.1.2.1	COG0112	Serine hydroxymethyltransferase
M6475_00120	CDS	708				hypothetical protein
M6475_00121	CDS	171				hypothetical protein
M6475_00122	CDS	345				hypothetical protein
M6475_00123	CDS	132				hypothetical protein
M6475_00124	CDS	459	rpiB	5.3.1.6	COG0698	Ribose-5-phosphate isomerase B
M6475_00125	CDS	768				hypothetical protein
M6475_00126	CDS	351				hypothetical protein
M6475_00127	CDS	312				hypothetical protein
M6475_00128	CDS	402	atpC			ATP synthase epsilon chain
M6475_00129	CDS	1431	atpD_1	7.2.2.1	COG0055	ATP synthase subunit beta, sodium ion specific
M6475_00130	CDS	396	atpG_1		COG0224	ATP synthase gamma chain, sodium ion specific
M6475_00131	CDS	348	atpG_2		COG0224	ATP synthase gamma chain
M6475_00132	CDS	789	atpA_1	7.2.2.1		ATP synthase subunit alpha, sodium ion specific
M6475_00133	CDS	747	atpA_2	7.1.2.2	COG0056	ATP synthase subunit alpha
M6475_00134	CDS	531	atpD_2			ATP synthase subunit delta
M6475_00135	CDS	246	atpF			ATP synthase subunit b
M6475_00136	CDS	309	atpH			ATP synthase subunit c
M6475_00137	CDS	129				hypothetical protein
M6475_00138	CDS	102				hypothetical protein
M6475_00139	CDS	291				hypothetical protein
M6475_00140	CDS	180				hypothetical protein
M6475_00141	CDS	273				hypothetical protein
M6475_00142	CDS	375	eno_1	4.2.1.11	COG0148	Enolase
M6475_00143	CDS	744	eno_2	4.2.1.11		Enolase
M6475_00144	CDS	678				hypothetical protein
M6475_00145	CDS	345	pstB3_1	7.3.2.1	COG1117	Phosphate import ATP-binding protein PstB 3
M6475_00146	CDS	156	pstB3_2	7.3.2.1	COG1117	Phosphate import ATP-binding protein PstB 3
M6475_00147	CDS	234				hypothetical protein
M6475_00148	CDS	630				hypothetical protein
M6475_00149	CDS	177				hypothetical protein
M6475_00150	CDS	651				hypothetical protein
M6475_00151	CDS	201				hypothetical protein
M6475_00152	CDS	387				hypothetical protein
M6475_00153	CDS	306				hypothetical protein
M6475_00154	CDS	744				hypothetical protein
M6475_00155	CDS	639				hypothetical protein
M6475_00156	CDS	294				hypothetical protein
M6475_00157	CDS	252				hypothetical protein
M6475_00158	CDS	336				hypothetical protein
M6475_00159	CDS	501				hypothetical protein
M6475_00160	CDS	645				hypothetical protein
M6475_00161	CDS	399	rpsI		COG0103	30S ribosomal protein S9
M6475_00162	CDS	186	rplM_1		COG0102	50S ribosomal protein L13
M6475_00163	CDS	231	rplM_2		COG0102	50S ribosomal protein L13
M6475_00164	CDS	117				hypothetical protein
M6475_00165	CDS	1107				hypothetical protein
M6475_00166	CDS	198	dnaX	2.7.7.7	COG2812	DNA polymerase III subunit tau
M6475_00167	CDS	1635	uvrA_1			UvrABC system protein A
M6475_00168	CDS	519	uvrA_2			UvrABC system protein A
M6475_00169	CDS	264				hypothetical protein
M6475_00170	CDS	270				hypothetical protein
M6475_00171	CDS	354				hypothetical protein
M6475_00172	CDS	153				hypothetical protein
M6475_00173	CDS	438				hypothetical protein
M6475_00174	CDS	192				hypothetical protein
M6475_00175	CDS	165				hypothetical protein
M6475_00176	CDS	1446	rnjB_1	3.1.-.-	COG0595	Ribonuclease J2
M6475_00177	CDS	162	rnjB_2	3.1.-.-	COG0595	Ribonuclease J2
M6475_00178	CDS	261	rpsO			30S ribosomal protein S15
M6475_00179	CDS	339	cshA	3.6.4.13	COG0513	DEAD-box ATP-dependent RNA helicase CshA
M6475_00180	CDS	948	rhpA	3.6.4.13		DEAD-box ATP-dependent RNA helicase RhpA
M6475_00181	CDS	195				hypothetical protein
M6475_00182	CDS	291		1.11.1.-	COG1765	Hydroperoxide reductase
M6475_00183	CDS	297				hypothetical protein
M6475_00184	CDS	231	ptsI_1	2.7.3.9	COG1080	Phosphoenolpyruvate-protein phosphotransferase
M6475_00185	CDS	498	ptsI_2	2.7.3.9		Phosphoenolpyruvate-protein phosphotransferase
M6475_00186	CDS	189				hypothetical protein
M6475_00187	CDS	720	ptsI_3	2.7.3.9		Phosphoenolpyruvate-protein phosphotransferase
M6475_00188	CDS	1524	gpmI	5.4.2.12		2,3-bisphosphoglycerate-independent phosphoglycerate mutase
M6475_00189	CDS	489	tpiA	5.3.1.1		Triosephosphate isomerase
M6475_00190	CDS	213				hypothetical protein
M6475_00191	CDS	276				hypothetical protein
M6475_00192	CDS	333				hypothetical protein
M6475_00193	CDS	117	TSFM			Elongation factor Ts, mitochondrial
M6475_00194	CDS	393	tsf		COG0264	Elongation factor Ts
M6475_00195	CDS	732	pyrH	2.7.4.22	COG0528	Uridylate kinase
M6475_00196	CDS	429	frr			Ribosome-recycling factor
M6475_00197	CDS	306				hypothetical protein
M6475_00198	CDS	90				hypothetical protein
M6475_00199	CDS	171				hypothetical protein
M6475_00200	CDS	516			COG0732	Putative type-1 restriction enzyme specificity protein MG438
M6475_00201	CDS	552			COG0732	Putative type-1 restriction enzyme specificity protein MG438
M6475_00202	CDS	354				hypothetical protein
M6475_00203	CDS	210				hypothetical protein
M6475_00204	CDS	573				hypothetical protein
M6475_00205	CDS	195				hypothetical protein
M6475_00206	CDS	813	rbgA		COG1161	Ribosome biogenesis GTPase A
M6475_00207	CDS	393				hypothetical protein
M6475_00208	CDS	498				hypothetical protein
M6475_00209	CDS	360	rplS		COG0335	50S ribosomal protein L19
M6475_00210	CDS	543	trmD	2.1.1.228		tRNA (guanine-N(1)-)-methyltransferase
M6475_00211	CDS	114				hypothetical protein
M6475_00212	CDS	156	rpsP		COG0228	30S ribosomal protein S16
M6475_00213	CDS	138				hypothetical protein
M6475_00214	CDS	180				hypothetical protein
M6475_00215	CDS	690				hypothetical protein
M6475_00216	CDS	429				hypothetical protein
M6475_00217	CDS	186	msrB	1.8.4.12		Peptide methionine sulfoxide reductase MsrB
M6475_00218	CDS	204	msrAB		COG0225	Peptide methionine sulfoxide reductase MsrA/MsrB
M6475_00219	CDS	402				hypothetical protein
M6475_00220	CDS	126				hypothetical protein
M6475_00221	CDS	270				hypothetical protein
M6475_00222	CDS	309				hypothetical protein
M6475_00223	CDS	1185	tuf			Elongation factor Tu
M6475_00224	CDS	150				hypothetical protein
M6475_00225	CDS	378				hypothetical protein
M6475_00226	CDS	879	gtaB	2.7.7.9		UTP--glucose-1-phosphate uridylyltransferase
M6475_00227	CDS	468	ohrB		COG1764	Organic hydroperoxide resistance protein OhrB
M6475_00228	CDS	351	tyrS	6.1.1.1	COG0162	Tyrosine--tRNA ligase
M6475_00229	CDS	225	tyrS1	6.1.1.1	COG0162	Tyrosine--tRNA ligase 1
M6475_00230	CDS	333				hypothetical protein
M6475_00231	CDS	717				hypothetical protein
M6475_00232	CDS	279				hypothetical protein
M6475_00233	CDS	222				hypothetical protein
M6475_00234	CDS	1428	ftsH	3.4.24.-	COG0465	ATP-dependent zinc metalloprotease FtsH
M6475_00235	CDS	159				hypothetical protein
M6475_00236	CDS	159				hypothetical protein
M6475_00237	CDS	528	hpt	2.4.2.8		Hypoxanthine-guanine phosphoribosyltransferase
M6475_00238	CDS	309				hypothetical protein
M6475_00239	CDS	939	ldh	1.1.1.27		L-lactate dehydrogenase
M6475_00240	CDS	270				hypothetical protein
M6475_00241	CDS	759				hypothetical protein
M6475_00242	CDS	159	gltX_1	6.1.1.17		Glutamate--tRNA ligase
M6475_00243	CDS	222				hypothetical protein
M6475_00244	CDS	243	gltX_2	6.1.1.17		Glutamate--tRNA ligase
M6475_00245	CDS	498	gltX_3	6.1.1.17		Glutamate--tRNA ligase
M6475_00246	CDS	780	rsmA	2.1.1.182	COG0030	Ribosomal RNA small subunit methyltransferase A
M6475_00247	CDS	315				hypothetical protein
M6475_00248	CDS	429	yidC			Membrane protein insertase YidC
M6475_00249	CDS	147	rpmH		COG0230	50S ribosomal protein L34
M6475_00250	CDS	396	macB	3.6.3.-		Macrolide export ATP-binding/permease protein MacB
M6475_00251	CDS	354				putative ABC transporter permease MG468 
M6475_00252	CDS	1722				putative ABC transporter permease MG468 
M6475_00253	CDS	774				putative ABC transporter permease MG468 
M6475_00254	CDS	171				putative ABC transporter permease MG468 
M6475_00255	CDS	150				hypothetical protein
M6475_00256	CDS	204				putative ABC transporter permease MG468 
M6475_00257	CDS	261				hypothetical protein
M6475_00258	CDS	876				putative ABC transporter permease MG468 
M6475_00259	CDS	849	btuD_1	7.6.2.8		Vitamin B12 import ATP-binding protein BtuD
M6475_00260	CDS	1314	dnaA			Chromosomal replication initiator protein DnaA
M6475_00261	CDS	246				hypothetical protein
M6475_00262	CDS	810			COG1192	putative protein
M6475_00263	CDS	1143	dnaN		COG0592	Beta sliding clamp
M6475_00264	CDS	246	dnaJ_1			Chaperone protein DnaJ
M6475_00265	CDS	156				hypothetical protein
M6475_00266	CDS	135	gyrB_1	5.6.2.2		DNA gyrase subunit B
M6475_00267	CDS	246	gyrB_2	5.6.2.2		DNA gyrase subunit B
M6475_00268	CDS	195	gyrB_3	5.6.2.2		DNA gyrase subunit B
M6475_00269	CDS	1029	gyrB_4	5.6.2.2		DNA gyrase subunit B
M6475_00270	CDS	153	gyrB_5	5.6.2.2		DNA gyrase subunit B
M6475_00271	CDS	2511	gyrA_1	5.6.2.2		DNA gyrase subunit A
M6475_00272	CDS	564	serS_1	6.1.1.11	COG0172	Serine--tRNA ligase
M6475_00273	CDS	189	serS_2	6.1.1.11		Serine--tRNA ligase
M6475_00274	CDS	252	serS_3	6.1.1.11	COG0172	Serine--tRNA ligase
M6475_00275	CDS	633	tmk	2.7.4.9	COG0125	Thymidylate kinase
M6475_00276	CDS	168				hypothetical protein
M6475_00277	CDS	288				hypothetical protein
M6475_00278	CDS	1137	mnmE	3.6.-.-		tRNA modification GTPase MnmE
M6475_00279	CDS	642	ycfH	3.1.-.-	COG0084	putative metal-dependent hydrolase YcfH
M6475_00280	CDS	177				hypothetical protein
M6475_00281	CDS	228				hypothetical protein
M6475_00282	CDS	309				hypothetical protein
M6475_00283	CDS	192				hypothetical protein
M6475_00284	CDS	300				hypothetical protein
M6475_00285	CDS	216				hypothetical protein
M6475_00286	CDS	636	folD		COG0190	Bifunctional protein FolD protein
M6475_00287	tRNA	76				tRNA-Ala(tgc)
M6475_00288	tRNA	77				tRNA-Ile(gat)
M6475_00289	CDS	756				hypothetical protein
M6475_00290	CDS	432				hypothetical protein
M6475_00291	CDS	426			COG1132	putative ABC transporter ATP-binding protein
M6475_00292	CDS	273				hypothetical protein
M6475_00293	CDS	615			COG1132	putative ABC transporter ATP-binding protein
M6475_00294	CDS	357			COG1132	putative ABC transporter ATP-binding protein
M6475_00295	CDS	372				hypothetical protein
M6475_00296	CDS	912				hypothetical protein
M6475_00297	CDS	435				hypothetical protein
M6475_00298	CDS	114				hypothetical protein
M6475_00299	CDS	552				hypothetical protein
M6475_00300	CDS	1170	dnaJ_2			Chaperone protein DnaJ
M6475_00301	CDS	201	pip	3.4.11.5	COG0596	Proline iminopeptidase
M6475_00302	CDS	168				hypothetical protein
M6475_00303	CDS	255				hypothetical protein
M6475_00304	CDS	243	metG_1	6.1.1.10		Methionine--tRNA ligase
M6475_00305	CDS	396	metG_2	6.1.1.10		Methionine--tRNA ligase
M6475_00306	CDS	237	metG_3	6.1.1.10		Methionine--tRNA ligase
M6475_00307	CDS	93				hypothetical protein
M6475_00308	CDS	213				hypothetical protein
M6475_00309	CDS	552	fba_1	4.1.2.13		Fructose-bisphosphate aldolase
M6475_00310	CDS	297	fba_2	4.1.2.13	COG0191	Fructose-bisphosphate aldolase
M6475_00311	CDS	888	ychF		COG0012	Ribosome-binding ATPase YchF
M6475_00312	CDS	108	OLA1			Obg-like ATPase 1
M6475_00313	CDS	654				hypothetical protein
M6475_00314	CDS	120				hypothetical protein
M6475_00315	CDS	573	efp			Elongation factor P
M6475_00316	CDS	168			COG0781	putative protein MG027
M6475_00317	CDS	219			COG0781	putative protein MG027
M6475_00318	CDS	171				hypothetical protein
M6475_00319	CDS	594				hypothetical protein
M6475_00320	CDS	621	upp	2.4.2.9	COG0035	Uracil phosphoribosyltransferase
M6475_00321	CDS	462	polC_1	2.7.7.7		DNA polymerase III PolC-type
M6475_00322	CDS	204	polC_2	2.7.7.7		DNA polymerase III PolC-type
M6475_00323	CDS	255	polC_3	2.7.7.7		DNA polymerase III PolC-type
M6475_00324	CDS	435	polC_4	2.7.7.7		DNA polymerase III PolC-type
M6475_00325	CDS	171	polC_5	2.7.7.7		DNA polymerase III PolC-type
M6475_00326	CDS	675	polC_6	2.7.7.7		DNA polymerase III PolC-type
M6475_00327	CDS	468	polC_7	2.7.7.7		DNA polymerase III PolC-type
M6475_00328	CDS	90	polC_8	2.7.7.7		DNA polymerase III PolC-type
M6475_00329	CDS	294	polC_9	2.7.7.7		DNA polymerase III PolC-type
M6475_00330	CDS	201	polC_10	2.7.7.7		DNA polymerase III PolC-type
M6475_00331	CDS	981				hypothetical protein
M6475_00332	CDS	129				hypothetical protein
M6475_00333	CDS	243				hypothetical protein
M6475_00334	CDS	153				hypothetical protein
M6475_00335	CDS	123				hypothetical protein
M6475_00336	CDS	528	hisS_1	6.1.1.21		Histidine--tRNA ligase
M6475_00337	CDS	147				hypothetical protein
M6475_00338	CDS	249	hisS_2	6.1.1.21		Histidine--tRNA ligase
M6475_00339	CDS	537	aspS	6.1.1.12		Aspartate--tRNA(Asp/Asn) ligase
M6475_00340	CDS	225	aspS1	6.1.1.12	COG0173	Aspartate--tRNA(Asp) ligase
M6475_00341	CDS	162				hypothetical protein
M6475_00342	CDS	666				hypothetical protein
M6475_00343	CDS	96				hypothetical protein
M6475_00344	CDS	351				hypothetical protein
M6475_00345	CDS	180	glpK_1	2.7.1.30	COG0554	Glycerol kinase
M6475_00346	CDS	153	glpK_2	2.7.1.30		Glycerol kinase
M6475_00347	CDS	261				hypothetical protein
M6475_00348	CDS	90				hypothetical protein
M6475_00349	CDS	138	glpK_3	2.7.1.30	COG0554	Glycerol kinase
M6475_00350	CDS	375				putative protein MG039 
M6475_00351	CDS	135				putative protein MG039 
M6475_00352	CDS	219				putative protein MG039 
M6475_00353	CDS	276				hypothetical protein
M6475_00354	CDS	597				hypothetical protein
M6475_00355	CDS	246				hypothetical protein
M6475_00356	CDS	267	ptsH			Phosphocarrier protein HPr
M6475_00357	CDS	324	potA	7.6.2.11	COG3842	Spermidine/putrescine import ATP-binding protein PotA
M6475_00358	CDS	153				hypothetical protein
M6475_00359	CDS	330	cysA	7.3.2.3	COG1118	Sulfate/thiosulfate import ATP-binding protein CysA
M6475_00360	CDS	129				hypothetical protein
M6475_00361	CDS	495				hypothetical protein
M6475_00362	CDS	405				hypothetical protein
M6475_00363	CDS	366				hypothetical protein
M6475_00364	CDS	285				hypothetical protein
M6475_00365	CDS	834				hypothetical protein
M6475_00366	CDS	615	tsaD	2.3.1.234	COG0533	tRNA N6-adenosine threonylcarbamoyltransferase
M6475_00367	CDS	162	OSGEPL1	2.3.1.234		tRNA N6-adenosine threonylcarbamoyltransferase, mitochondrial
M6475_00368	CDS	231	metK_1	2.5.1.6		S-adenosylmethionine synthase
M6475_00369	CDS	516	metK_2	2.5.1.6		S-adenosylmethionine synthase
M6475_00370	CDS	258				hypothetical protein
M6475_00371	CDS	120	srp54			Signal recognition particle 54 kDa protein
M6475_00372	CDS	723	ffh_1		COG0541	Signal recognition particle protein
M6475_00373	CDS	336	ffh_2		COG0541	Signal recognition particle protein
M6475_00374	CDS	408	deoD_1	2.4.2.1	COG0813	Purine nucleoside phosphorylase DeoD-type
M6475_00375	CDS	363	deoD_2	2.4.2.1		Purine nucleoside phosphorylase DeoD-type
M6475_00376	CDS	672	deoC1	4.1.2.4		Deoxyribose-phosphate aldolase 1
M6475_00377	CDS	924	pdp	2.4.2.2	COG0213	Pyrimidine-nucleoside phosphorylase
M6475_00378	CDS	165				hypothetical protein
M6475_00379	CDS	393	cdd	3.5.4.5	COG0295	Cytidine deaminase
M6475_00380	CDS	948	pgcA	5.4.2.2		Phosphoglucomutase
M6475_00381	CDS	327		5.4.2.8	COG1109	putative phosphomannomutase
M6475_00382	CDS	219				hypothetical protein
M6475_00383	CDS	522	nusG_1			Transcription termination/antitermination protein NusG
M6475_00384	CDS	324	nusG_2			Transcription termination/antitermination protein NusG
M6475_00385	CDS	216				hypothetical protein
M6475_00386	CDS	243				hypothetical protein
M6475_00387	CDS	102				hypothetical protein
M6475_00388	CDS	600	rsmI	2.1.1.198	COG0313	Ribosomal RNA small subunit methyltransferase I
M6475_00389	CDS	384	rnmV	3.1.26.8	COG1658	Ribonuclease M5
M6475_00390	CDS	1092	prs	2.7.6.1	COG0462	Ribose-phosphate pyrophosphokinase
M6475_00391	CDS	351	smpB		COG0691	SsrA-binding protein
M6475_00392	CDS	267				hypothetical protein
M6475_00393	CDS	159				hypothetical protein
M6475_00394	CDS	213				hypothetical protein
M6475_00395	CDS	447				hypothetical protein
M6475_00396	CDS	711				hypothetical protein
M6475_00397	CDS	234				hypothetical protein
M6475_00398	tRNA	89				tRNA-Ser(gct)
M6475_00399	CDS	267				hypothetical protein
M6475_00400	CDS	1749	fruA		COG1299	PTS system fructose-specific EIIABC component
M6475_00401	CDS	768	fruK	2.7.1.56		Putative 1-phosphofructokinase
M6475_00402	CDS	204				hypothetical protein
M6475_00403	CDS	891				hypothetical protein
M6475_00404	CDS	309				hypothetical protein
M6475_00405	CDS	207				hypothetical protein
M6475_00406	CDS	153				hypothetical protein
M6475_00407	CDS	495				hypothetical protein
M6475_00408	CDS	1056				hypothetical protein
M6475_00409	CDS	201				hypothetical protein
M6475_00410	CDS	684	bceA		COG1136	Bacitracin export ATP-binding protein BceA
M6475_00411	CDS	852	tkt_1	2.2.1.1		Transketolase
M6475_00412	CDS	1041	tkt_2	2.2.1.1		Transketolase
M6475_00413	CDS	210				hypothetical protein
M6475_00414	CDS	186				hypothetical protein
M6475_00415	CDS	1416				hypothetical protein
M6475_00416	CDS	231				hypothetical protein
M6475_00417	CDS	213				hypothetical protein
M6475_00418	CDS	276				hypothetical protein
M6475_00419	CDS	237				hypothetical protein
M6475_00420	CDS	348				hypothetical protein
M6475_00421	CDS	183				hypothetical protein
M6475_00422	CDS	342	mgpA_1			Adhesin P1
M6475_00423	CDS	171				hypothetical protein
M6475_00424	CDS	327				hypothetical protein
M6475_00425	CDS	309	ptsG_1	2.7.1.199	COG1263	PTS system glucose-specific EIICBA component
M6475_00426	CDS	258				hypothetical protein
M6475_00427	CDS	207	ptsG_2	2.7.1.199		PTS system glucose-specific EIICBA component
M6475_00428	CDS	93				hypothetical protein
M6475_00429	CDS	402	ptsG_3	2.7.1.199	COG1263	PTS system glucose-specific EIICBA component
M6475_00430	CDS	582	ptsG_4	2.7.1.199		PTS system glucose-specific EIICBA component
M6475_00431	CDS	93				hypothetical protein
M6475_00432	CDS	216				hypothetical protein
M6475_00433	CDS	279				hypothetical protein
M6475_00434	CDS	396	yoaB_1	7.2.2.10	COG0474	Calcium-transporting ATPase 1
M6475_00435	CDS	273	yoaB_2	7.2.2.10	COG0474	Calcium-transporting ATPase 1
M6475_00436	CDS	495		7.2.2.10		Calcium-transporting ATPase 1
M6475_00437	CDS	441	pacL	7.2.2.10	COG0474	Calcium-transporting ATPase
M6475_00438	CDS	228				hypothetical protein
M6475_00439	CDS	1248	secA		COG0653	Protein translocase subunit SecA
M6475_00440	CDS	915	secA1			Protein translocase subunit SecA 1
M6475_00441	CDS	249				hypothetical protein
M6475_00442	CDS	1971	uvrB			UvrABC system protein B
M6475_00443	CDS	207				hypothetical protein
M6475_00444	CDS	2397				hypothetical protein
M6475_00445	CDS	294				hypothetical protein
M6475_00446	CDS	357				hypothetical protein
M6475_00447	CDS	201				hypothetical protein
M6475_00448	CDS	744			COG0601	Putative peptide transport permease protein
M6475_00449	CDS	171				hypothetical protein
M6475_00450	CDS	486				hypothetical protein
M6475_00451	CDS	114				hypothetical protein
M6475_00452	CDS	345				hypothetical protein
M6475_00453	CDS	918	oppD_1		COG0444	Oligopeptide transport ATP-binding protein OppD
M6475_00454	CDS	192	oppD_2		COG0444	Oligopeptide transport ATP-binding protein OppD
M6475_00455	CDS	1350				hypothetical protein
M6475_00456	CDS	1107	btuD_2	7.6.2.8		Vitamin B12 import ATP-binding protein BtuD
M6475_00457	CDS	414	rplK		COG0080	50S ribosomal protein L11
M6475_00458	CDS	318	rplA_1		COG0081	50S ribosomal protein L1
M6475_00459	CDS	327	rplA_2			50S ribosomal protein L1
M6475_00460	CDS	570	pth	3.1.1.29		Peptidyl-tRNA hydrolase
M6475_00461	CDS	213	tilS	6.3.4.19		tRNA(Ile)-lysidine synthase
M6475_00462	CDS	99				hypothetical protein
M6475_00463	CDS	345				hypothetical protein
M6475_00464	CDS	936	hprK	2.7.11.-		HPr kinase/phosphorylase
M6475_00465	CDS	807	lgt	2.5.1.145	COG0682	Phosphatidylglycerol--prolipoprotein diacylglyceryl transferase
M6475_00466	CDS	165				hypothetical protein
M6475_00467	CDS	420	rpsL		COG0048	30S ribosomal protein S12
M6475_00468	CDS	468	rpsG			30S ribosomal protein S7
M6475_00469	CDS	216	fusA_1		COG0480	Elongation factor G
M6475_00470	CDS	126	fusA_2		COG0480	Elongation factor G
M6475_00471	CDS	1659	fusA_3		COG0480	Elongation factor G
M6475_00472	CDS	471				hypothetical protein
M6475_00473	CDS	291				hypothetical protein
M6475_00474	CDS	315				hypothetical protein
M6475_00475	CDS	453	rplI		COG0359	50S ribosomal protein L9
M6475_00476	CDS	630				hypothetical protein
M6475_00477	CDS	708	dnaB	3.6.4.12	COG0305	Replicative DNA helicase
M6475_00478	CDS	348				hypothetical protein
M6475_00479	CDS	129				hypothetical protein
M6475_00480	CDS	174				hypothetical protein
M6475_00481	CDS	1632				hypothetical protein
M6475_00482	CDS	270				hypothetical protein
M6475_00483	CDS	228		3.2.2.27		Uracil-DNA glycosylase
M6475_00484	CDS	738				hypothetical protein
M6475_00485	CDS	135				hypothetical protein
M6475_00486	CDS	459	GATC	6.3.5.-		Glutamyl-tRNA(Gln) amidotransferase subunit C, chloroplastic/mitochondrial
M6475_00487	CDS	810	gatA_1	6.3.5.7	COG0154	Glutamyl-tRNA(Gln) amidotransferase subunit A
M6475_00488	CDS	552	gatA_2	6.3.5.7	COG0154	Glutamyl-tRNA(Gln) amidotransferase subunit A
M6475_00489	CDS	1434	gatB	6.3.5.-	COG0064	Aspartyl/glutamyl-tRNA(Asn/Gln) amidotransferase subunit B
M6475_00490	CDS	450				hypothetical protein
M6475_00491	CDS	948	trxB	1.8.1.9	COG0492	Thioredoxin reductase
M6475_00492	CDS	606	whiA			cell division protein WhiA
M6475_00493	CDS	234				hypothetical protein
M6475_00494	CDS	162				hypothetical protein
M6475_00495	CDS	1287	rnr_1	3.1.13.1	COG0557	Ribonuclease R
M6475_00496	CDS	414	rnr_2	3.1.13.1	COG0557	Ribonuclease R
M6475_00497	CDS	117				hypothetical protein
M6475_00498	CDS	252	cdaS	2.7.7.85		Diadenylate cyclase CdaS
M6475_00499	CDS	213				hypothetical protein
M6475_00500	CDS	570	gmk	2.7.4.8	COG0194	Guanylate kinase
M6475_00501	CDS	216				hypothetical protein
M6475_00502	CDS	315				hypothetical protein
M6475_00503	CDS	924	prkC	2.7.11.1		Serine/threonine-protein kinase PrkC
M6475_00504	CDS	96				hypothetical protein
M6475_00505	CDS	141	rsgA_1	3.6.1.-		Small ribosomal subunit biogenesis GTPase RsgA
M6475_00506	CDS	528	rsgA_2	3.6.1.-	COG1162	Small ribosomal subunit biogenesis GTPase RsgA
M6475_00507	CDS	756	pgi_1	5.3.1.9	COG0166	Glucose-6-phosphate isomerase
M6475_00508	CDS	375	pgi_2	5.3.1.9	COG0166	Glucose-6-phosphate isomerase
M6475_00509	CDS	630	rpe	5.1.3.1	COG0036	Ribulose-phosphate 3-epimerase
M6475_00510	CDS	234				hypothetical protein
M6475_00511	CDS	936	asnS_1	6.1.1.22	COG0017	Asparagine--tRNA ligase
M6475_00512	CDS	135	asnS_2	6.1.1.22	COG0017	Asparagine--tRNA ligase
M6475_00513	CDS	279	pgsA	2.7.8.5		CDP-diacylglycerol--glycerol-3-phosphate 3-phosphatidyltransferase
M6475_00514	CDS	147				hypothetical protein
M6475_00515	CDS	474				Protein MG115 
M6475_00516	CDS	534				hypothetical protein
M6475_00517	CDS	126				hypothetical protein
M6475_00518	CDS	204				hypothetical protein
M6475_00519	CDS	354				hypothetical protein
M6475_00520	CDS	741	galE	5.1.3.2	COG1087	UDP-glucose 4-epimerase
M6475_00521	CDS	1164	btuD_3	7.6.2.8		Vitamin B12 import ATP-binding protein BtuD
M6475_00522	CDS	381				hypothetical protein
M6475_00523	CDS	441				hypothetical protein
M6475_00524	CDS	135				hypothetical protein
M6475_00525	CDS	429				hypothetical protein
M6475_00526	CDS	183				hypothetical protein
M6475_00527	CDS	198				hypothetical protein
M6475_00528	CDS	423				hypothetical protein
M6475_00529	CDS	162	topA_1	5.6.2.1		DNA topoisomerase 1
M6475_00530	CDS	1440	topA_2	5.6.2.1		DNA topoisomerase 1
M6475_00531	CDS	312	topA_3	5.6.2.1		DNA topoisomerase 1
M6475_00532	CDS	993	rny_1	3.1.-.-		Ribonuclease Y
M6475_00533	CDS	303				hypothetical protein
M6475_00534	CDS	690				hypothetical protein
M6475_00535	CDS	156				hypothetical protein
M6475_00536	CDS	1044	trpS	6.1.1.2		Tryptophan--tRNA ligase
M6475_00537	CDS	438	spxA			Regulatory protein Spx
M6475_00538	CDS	780	nadK	2.7.1.23		NAD kinase
M6475_00539	CDS	336				hypothetical protein
M6475_00540	CDS	1293	rny_2	3.1.-.-		Ribonuclease Y
M6475_00541	CDS	111				hypothetical protein
M6475_00542	CDS	288				hypothetical protein
M6475_00543	CDS	282				hypothetical protein
M6475_00544	CDS	426	hit		COG0537	Protein hit
M6475_00545	CDS	117				hypothetical protein
M6475_00546	CDS	303	ybaB			Nucleoid-associated protein YbaB
M6475_00547	CDS	192				hypothetical protein
M6475_00548	CDS	630				hypothetical protein
M6475_00549	CDS	429	lysS_1	6.1.1.6		Lysine--tRNA ligase
M6475_00550	CDS	399	lysS_2	6.1.1.6	COG1190	Lysine--tRNA ligase
M6475_00551	CDS	534	lysS_3	6.1.1.6		Lysine--tRNA ligase
M6475_00552	CDS	816	fcf2	5.4.99.59		dTDP-fucopyranose mutase
M6475_00553	CDS	189				hypothetical protein
M6475_00554	CDS	1797	lepA	3.6.5.-		Elongation factor 4
M6475_00555	CDS	1659	rnjA	3.1.-.-	COG0595	Ribonuclease J1
M6475_00556	CDS	249				Mgp-operon protein 3
M6475_00557	CDS	1245				Mgp-operon protein 3
M6475_00558	CDS	348				hypothetical protein
M6475_00559	CDS	105				hypothetical protein
M6475_00560	CDS	255	mgpA_2			Adhesin P1
M6475_00561	CDS	177				hypothetical protein
M6475_00562	CDS	102				hypothetical protein
M6475_00563	CDS	561	pheS_1	6.1.1.20		Phenylalanine--tRNA ligase alpha subunit
M6475_00564	CDS	153	pheS_2	6.1.1.20		Phenylalanine--tRNA ligase alpha subunit
M6475_00565	CDS	474	pheT_1	6.1.1.20		Phenylalanine--tRNA ligase beta subunit
M6475_00566	CDS	228				hypothetical protein
M6475_00567	CDS	645	pheT_2	6.1.1.20		Phenylalanine--tRNA ligase beta subunit
M6475_00568	CDS	384				hypothetical protein
M6475_00569	CDS	402				hypothetical protein
M6475_00570	CDS	150				hypothetical protein
M6475_00571	CDS	546	infC			Translation initiation factor IF-3
M6475_00572	CDS	180	rpmI			50S ribosomal protein L35
M6475_00573	CDS	375	rplT			50S ribosomal protein L20
M6475_00574	CDS	705	rnhC	3.1.26.4	COG1039	Ribonuclease HIII
M6475_00575	CDS	567				DnaJ-like protein MG200
M6475_00576	CDS	966				DnaJ-like protein MG200
M6475_00577	CDS	654	grpE			Protein GrpE
M6475_00578	CDS	369				hypothetical protein
M6475_00579	tRNA	74				tRNA-Thr(ggt)
M6475_00580	CDS	1746	parE_1	5.6.2.2	COG0187	DNA topoisomerase 4 subunit B
M6475_00581	CDS	147	parE_2	5.6.2.2	COG0187	DNA topoisomerase 4 subunit B
M6475_00582	CDS	288	gyrA_2	5.6.2.2	COG0188	Type 2 topoisomerase subunit A
M6475_00583	CDS	2013	parC	5.6.2.2	COG0188	DNA topoisomerase 4 subunit A
M6475_00584	CDS	231	hrcA_1			Heat-inducible transcription repressor HrcA
M6475_00585	CDS	795	hrcA_2		COG1420	Heat-inducible transcription repressor HrcA
M6475_00586	CDS	1461	uvrC		COG0322	UvrABC system protein C
M6475_00587	CDS	159		3.1.4.-		Putative metallophosphoesterase MG207 
M6475_00588	CDS	345		3.1.4.-		Putative metallophosphoesterase MG207 
M6475_00589	CDS	591				hypothetical protein
M6475_00590	CDS	927	rluD	5.4.99.23	COG0564	Ribosomal large subunit pseudouridine synthase D
M6475_00591	CDS	339	lspA	3.4.23.36		Lipoprotein signal peptidase
M6475_00592	CDS	246				hypothetical protein
M6475_00593	CDS	189				hypothetical protein
M6475_00594	CDS	399				hypothetical protein
M6475_00595	CDS	117				hypothetical protein
M6475_00596	CDS	195				hypothetical protein
M6475_00597	CDS	588				hypothetical protein
M6475_00598	CDS	189				hypothetical protein
M6475_00599	CDS	885	scpA			Segregation and condensation protein A
M6475_00600	CDS	624	scpB		COG1386	Segregation and condensation protein B
M6475_00601	CDS	420	pfkA_1	2.7.1.11	COG0205	ATP-dependent 6-phosphofructokinase isozyme 1
M6475_00602	CDS	468	pfkA_2	2.7.1.11		ATP-dependent 6-phosphofructokinase
M6475_00603	CDS	864	pyk_1	2.7.1.40		Pyruvate kinase
M6475_00604	CDS	294	pyk_2	2.7.1.40		Pyruvate kinase
M6475_00605	tRNA	77				tRNA-Cys(gca)
M6475_00606	tRNA	77				tRNA-Pro(tgg)
M6475_00607	tRNA	77				tRNA-Met(cat)
M6475_00608	tRNA	77				tRNA-Met(cat)
M6475_00609	tRNA	92				tRNA-Ser(tga)
M6475_00610	tRNA	77				tRNA-Met(cat)
M6475_00611	tRNA	74				tRNA-Asp(gtc)
M6475_00612	tRNA	76				tRNA-Phe(gaa)
M6475_00613	CDS	1149				hypothetical protein
M6475_00614	CDS	93				hypothetical protein
M6475_00615	CDS	3153	hmw2_1			Cytadherence high molecular weight protein 2
M6475_00616	CDS	675	hmw2_2			Cytadherence high molecular weight protein 2
M6475_00617	CDS	477	hmw2_3			Cytadherence high molecular weight protein 2
M6475_00618	CDS	696				putative protein MG218.1
M6475_00619	CDS	312				putative protein MG218.1
M6475_00620	CDS	447				hypothetical protein
M6475_00621	CDS	204				hypothetical protein
M6475_00622	tRNA	77				tRNA-Arg(gcg)
M6475_00623	CDS	465	mraZ			Transcriptional regulator MraZ
M6475_00624	CDS	930	rsmH	2.1.1.199	COG0275	Ribosomal RNA small subunit methyltransferase H
M6475_00625	CDS	1236				hypothetical protein
M6475_00626	CDS	891	ftsZ			Cell division protein FtsZ
M6475_00627	CDS	171				hypothetical protein
M6475_00628	CDS	288				hypothetical protein
M6475_00629	CDS	174				hypothetical protein
M6475_00630	CDS	966				hypothetical protein
M6475_00631	CDS	1278				hypothetical protein
M6475_00632	CDS	162				hypothetical protein
M6475_00633	CDS	183	thyA2	2.1.1.45	COG0207	Thymidylate synthase 2
M6475_00634	CDS	372	thyA	2.1.1.45	COG0207	Thymidylate synthase
M6475_00635	CDS	231	dhfR	1.5.1.3	COG0262	Dihydrofolate reductase
M6475_00636	CDS	192				hypothetical protein
M6475_00637	CDS	132				hypothetical protein
M6475_00638	CDS	672	nrdF	1.17.4.1	COG0208	Ribonucleoside-diphosphate reductase 2 subunit beta
M6475_00639	CDS	462	nrdI		COG1780	Protein NrdI
M6475_00640	CDS	1629	nrdE2	1.17.4.1	COG0209	Ribonucleoside-diphosphate reductase subunit alpha 2
M6475_00641	CDS	459	nrdE	1.17.4.1	COG0209	Ribonucleoside-diphosphate reductase subunit alpha
M6475_00642	CDS	303	rplU		COG0261	50S ribosomal protein L21
M6475_00643	CDS	300				hypothetical protein
M6475_00644	CDS	315	rpmA		COG0211	50S ribosomal protein L27
M6475_00645	CDS	846	nfo	3.1.21.2	COG0648	putative endonuclease 4
M6475_00646	CDS	471				hypothetical protein
M6475_00647	CDS	885				putative protein MG237 
M6475_00648	CDS	1224	tig	5.2.1.8	COG0544	Trigger factor
M6475_00649	CDS	978	lon1_1	3.4.21.53	COG0466	Lon protease 1
M6475_00650	CDS	1266	lon1_2	3.4.21.53	COG0466	Lon protease 1
M6475_00651	CDS	219				hypothetical protein
M6475_00652	CDS	402				hypothetical protein
M6475_00653	CDS	345	nadD	2.7.7.18	COG1057	putative nicotinate-nucleotide adenylyltransferase
M6475_00654	CDS	459				hypothetical protein
M6475_00655	CDS	105				hypothetical protein
M6475_00656	CDS	486				hypothetical protein
M6475_00657	CDS	489				hypothetical protein
M6475_00658	CDS	681				hypothetical protein
M6475_00659	CDS	219				hypothetical protein
M6475_00660	CDS	117				hypothetical protein
M6475_00661	CDS	165				hypothetical protein
M6475_00662	CDS	294				hypothetical protein
M6475_00663	CDS	372				hypothetical protein
M6475_00664	CDS	765	pcrA_1	3.6.4.12		ATP-dependent DNA helicase PcrA
M6475_00665	CDS	360				hypothetical protein
M6475_00666	CDS	558	pcrA_2	3.6.4.12		ATP-dependent DNA helicase PcrA
M6475_00667	CDS	498		6.3.3.2		5-formyltetrahydrofolate cyclo-ligase
M6475_00668	CDS	156		3.1.-.-		Putative phosphatase/phosphodiesterase MPN_349
M6475_00669	CDS	645		3.1.-.-		Putative phosphatase/phosphodiesterase MPN_349
M6475_00670	CDS	186				hypothetical protein
M6475_00671	CDS	237	plsY	2.3.1.275		Glycerol-3-phosphate acyltransferase
M6475_00672	CDS	657				hypothetical protein
M6475_00673	CDS	516	sigA		COG0568	RNA polymerase sigma factor SigA
M6475_00674	CDS	405	rpoD			RNA polymerase sigma factor RpoD
M6475_00675	CDS	366				hypothetical protein
M6475_00676	CDS	135				hypothetical protein
M6475_00677	CDS	126				hypothetical protein
M6475_00678	CDS	201				hypothetical protein
M6475_00679	CDS	630	dnaG_1	2.7.7.-	COG0358	DNA primase
M6475_00680	CDS	243	dnaG_2	2.7.7.-	COG0358	DNA primase
M6475_00681	CDS	174	glyQS_1	6.1.1.14		Glycine--tRNA ligase
M6475_00682	CDS	309	glyQS_2	6.1.1.14		Glycine--tRNA ligase
M6475_00683	CDS	438	glyQS_3	6.1.1.14	COG0423	Glycine--tRNA ligase
M6475_00684	CDS	228	glyQS_4	6.1.1.14	COG0423	Glycine--tRNA ligase
M6475_00685	CDS	306		2.1.1.-		Putative TrmH family tRNA/rRNA methyltransferase
M6475_00686	CDS	168				hypothetical protein
M6475_00687	CDS	261	cysS_1	6.1.1.16	COG0215	Cysteine--tRNA ligase
M6475_00688	CDS	540	cysS_2	6.1.1.16	COG0215	Cysteine--tRNA ligase
M6475_00689	CDS	1197	ligA_1	6.5.1.2	COG0272	DNA ligase
M6475_00690	CDS	714	ligA_2	6.5.1.2	COG0272	DNA ligase
M6475_00691	tRNA	74				tRNA-Gly(gcc)
M6475_00692	CDS	294				hypothetical protein
M6475_00693	CDS	741				hypothetical protein
M6475_00694	tRNA	75				tRNA-Arg(cct)
M6475_00695	tRNA	74				tRNA-Trp(cca)
M6475_00696	CDS	180				hypothetical protein
M6475_00697	CDS	141				hypothetical protein
M6475_00698	CDS	294				hypothetical protein
M6475_00699	CDS	441	prfA_1			Peptide chain release factor 1
M6475_00700	CDS	606	prfA_2		COG0216	Peptide chain release factor 1
M6475_00701	CDS	126				hypothetical protein
M6475_00702	CDS	276	prmC	2.1.1.297		Release factor glutamine methyltransferase
M6475_00703	CDS	432				hypothetical protein
M6475_00704	CDS	636				hypothetical protein
M6475_00705	CDS	1146				hypothetical protein
M6475_00706	CDS	357				hypothetical protein
M6475_00707	CDS	171				hypothetical protein
M6475_00708	CDS	246				hypothetical protein
M6475_00709	CDS	171				hypothetical protein
M6475_00710	CDS	408				hypothetical protein
M6475_00711	tRNA	77				tRNA-Arg(tcg)
M6475_00712	CDS	231				putative protein MPN_377
M6475_00713	CDS	363	dnaE2_1	2.7.7.7		Error-prone DNA polymerase
M6475_00714	CDS	1113	dnaE2_2	2.7.7.7		Error-prone DNA polymerase
M6475_00715	CDS	444	dnaE	2.7.7.7	COG0587	DNA polymerase III subunit alpha
M6475_00716	CDS	174				hypothetical protein
M6475_00717	CDS	756	polA	2.7.7.7		DNA polymerase I
M6475_00718	CDS	855	mutM	3.2.2.23	COG0266	Formamidopyrimidine-DNA glycosylase
M6475_00719	CDS	147				hypothetical protein
M6475_00720	CDS	198				hypothetical protein
M6475_00721	CDS	279	coaE	2.7.1.24	COG0237	Dephospho-CoA kinase
M6475_00722	CDS	219				hypothetical protein
M6475_00723	CDS	837	yitU	3.1.3.104	COG0561	5-amino-6-(5-phospho-D-ribitylamino)uracil phosphatase YitU
M6475_00724	CDS	522	leuS_1	6.1.1.4		Leucine--tRNA ligase
M6475_00725	CDS	204	leuS_2	6.1.1.4		Leucine--tRNA ligase
M6475_00726	CDS	489	leuS_3	6.1.1.4	COG0495	Leucine--tRNA ligase
M6475_00727	CDS	186	leuS_4	6.1.1.4		Leucine--tRNA ligase
M6475_00728	CDS	201				hypothetical protein
M6475_00729	CDS	378				hypothetical protein
M6475_00730	CDS	1023				hypothetical protein
M6475_00731	CDS	387				hypothetical protein
M6475_00732	CDS	522	lplA	6.3.1.20	COG0095	Lipoate-protein ligase A
M6475_00733	CDS	1014	pdhD_1	1.8.1.4		Dihydrolipoyl dehydrogenase
M6475_00734	CDS	237	pdhD_2	1.8.1.4		Dihydrolipoyl dehydrogenase
M6475_00735	CDS	1155	pdhC	2.3.1.12		Dihydrolipoyllysine-residue acetyltransferase component of pyruvate dehydrogenase complex
M6475_00736	CDS	225	pdhB_1	1.2.4.1		Pyruvate dehydrogenase E1 component subunit beta
M6475_00737	CDS	732	pdhB_2	1.2.4.1		Pyruvate dehydrogenase E1 component subunit beta
M6475_00738	CDS	372	pdhA_1	1.2.4.1		Pyruvate dehydrogenase E1 component subunit alpha
M6475_00739	CDS	111	pdhA_2	1.2.4.1		Pyruvate dehydrogenase E1 component subunit alpha
M6475_00740	CDS	153	pdhA_3	1.2.4.1		Pyruvate dehydrogenase E1 component subunit alpha
M6475_00741	CDS	171	pdhA_4	1.2.4.1		Pyruvate dehydrogenase E1 component subunit alpha
M6475_00742	CDS	1083		1.6.99.3		putative NADH oxidase
M6475_00743	CDS	345	nox	1.6.99.3	COG0446	NADH oxidase
M6475_00744	CDS	543	apt	2.4.2.7	COG0503	Adenine phosphoribosyltransferase
M6475_00745	CDS	687				hypothetical protein
M6475_00746	CDS	435				hypothetical protein
M6475_00747	CDS	456				hypothetical protein
M6475_00748	CDS	309				hypothetical protein
M6475_00749	CDS	1389				hypothetical protein
M6475_00750	CDS	258				hypothetical protein
M6475_00751	CDS	144				hypothetical protein
M6475_00752	CDS	195				hypothetical protein
M6475_00753	CDS	657				hypothetical protein
M6475_00754	CDS	798				hypothetical protein
M6475_00755	CDS	831				putative protein MG281
M6475_00756	CDS	657				putative protein MG281
M6475_00757	tRNA	74				tRNA-Gly(tcc)
M6475_00758	tRNA	86				tRNA-Leu(taa)
M6475_00759	tRNA	75				tRNA-Lys(ttt)
M6475_00760	tRNA	75				tRNA-Gln(ttg)
M6475_00761	tRNA	87				tRNA-Tyr(gta)
M6475_00762	CDS	486	greA		COG0782	Transcription elongation factor GreA
M6475_00763	CDS	135				hypothetical protein
M6475_00764	CDS	327				hypothetical protein
M6475_00765	CDS	822	proS	6.1.1.15	COG0442	Proline--tRNA ligase
M6475_00766	CDS	141				hypothetical protein
M6475_00767	CDS	234				hypothetical protein
M6475_00768	CDS	138				hypothetical protein
M6475_00769	CDS	210				hypothetical protein
M6475_00770	CDS	159				hypothetical protein
M6475_00771	CDS	513				hypothetical protein
M6475_00772	tRNA	75				tRNA-SeC(tca)
M6475_00773	CDS	345				hypothetical protein
M6475_00774	CDS	231	mgpA_3			Adhesin P1
M6475_00775	CDS	177				hypothetical protein
M6475_00776	CDS	411				Mgp-operon protein 3
M6475_00777	CDS	273				Mgp-operon protein 3
M6475_00778	CDS	264				hypothetical protein
M6475_00779	CDS	300				hypothetical protein
M6475_00780	CDS	510				hypothetical protein
M6475_00781	CDS	453				High affinity transport system protein p37
M6475_00782	CDS	213				High affinity transport system protein p37
M6475_00783	CDS	192				High affinity transport system protein p37
M6475_00784	CDS	333	fetA	3.6.3.-	COG4619	putative iron export ATP-binding protein FetA
M6475_00785	CDS	183				hypothetical protein
M6475_00786	CDS	198				hypothetical protein
M6475_00787	CDS	159				hypothetical protein
M6475_00788	CDS	495				hypothetical protein
M6475_00789	CDS	258				hypothetical protein
M6475_00790	CDS	417	yrrK	3.1.-.-	COG0816	Putative pre-16S rRNA nuclease
M6475_00791	CDS	504				hypothetical protein
M6475_00792	CDS	288	alaS_1	6.1.1.7	COG0013	Alanine--tRNA ligase
M6475_00793	CDS	399				hypothetical protein
M6475_00794	CDS	435	alaS_2	6.1.1.7	COG0013	Alanine--tRNA ligase
M6475_00795	CDS	183	alaS_3	6.1.1.7	COG0013	Alanine--tRNA ligase
M6475_00796	CDS	576	glpQ	3.1.4.46	COG0584	Glycerophosphodiester phosphodiesterase
M6475_00797	CDS	183				hypothetical protein
M6475_00798	CDS	432				hypothetical protein
M6475_00799	CDS	219				hypothetical protein
M6475_00800	CDS	309				hypothetical protein
M6475_00801	CDS	237	mnmA_1	2.8.1.13		tRNA-specific 2-thiouridylase MnmA
M6475_00802	CDS	306	mnmA_2	2.8.1.13		tRNA-specific 2-thiouridylase MnmA
M6475_00803	CDS	273	mnmA_3	2.8.1.13	COG0482	tRNA-specific 2-thiouridylase MnmA
M6475_00804	CDS	390				putative protein MG296 
M6475_00805	CDS	333	ftsY_1		COG0552	Signal recognition particle receptor FtsY
M6475_00806	CDS	558	ftsY_2		COG0552	Signal recognition particle receptor FtsY
M6475_00807	CDS	837	smc_1		COG1196	Chromosome partition protein Smc
M6475_00808	CDS	1335	smc_2			Chromosome partition protein Smc
M6475_00809	CDS	339				hypothetical protein
M6475_00810	CDS	450	smc_3		COG1196	Chromosome partition protein Smc
M6475_00811	CDS	654				hypothetical protein
M6475_00812	CDS	111	pgk_1	2.7.2.3		Phosphoglycerate kinase
M6475_00813	CDS	993	pgk_2	2.7.2.3	COG0126	Phosphoglycerate kinase
M6475_00814	CDS	1014	gapA	1.2.1.12		Glyceraldehyde-3-phosphate dehydrogenase
M6475_00815	CDS	333	ykoC			Putative HMP/thiamine permease protein YkoC
M6475_00816	CDS	144				hypothetical protein
M6475_00817	CDS	1074	btuD_4	7.6.2.8		Vitamin B12 import ATP-binding protein BtuD
M6475_00818	CDS	813	ecfA1_1	7.-.-.-	COG1122	Energy-coupling factor transporter ATP-binding protein EcfA1
M6475_00819	CDS	1728	dnaK		COG0443	Chaperone protein DnaK
M6475_00820	CDS	264				hypothetical protein
M6475_00821	CDS	273				hypothetical protein
M6475_00822	CDS	1050				hypothetical protein
M6475_00823	CDS	708				hypothetical protein
M6475_00824	CDS	432				hypothetical protein
M6475_00825	CDS	225				hypothetical protein
M6475_00826	CDS	420				hypothetical protein
M6475_00827	CDS	177				hypothetical protein
M6475_00828	CDS	417	cshB	3.6.4.13	COG0513	DEAD-box ATP-dependent RNA helicase CshB
M6475_00829	CDS	810				hypothetical protein
M6475_00830	CDS	132				hypothetical protein
M6475_00831	CDS	1326				hypothetical protein
M6475_00832	CDS	363				hypothetical protein
M6475_00833	CDS	216				hypothetical protein
M6475_00834	CDS	414				hypothetical protein
M6475_00835	CDS	597	rpsD			30S ribosomal protein S4
M6475_00836	CDS	2136				hypothetical protein
M6475_00837	CDS	396				hypothetical protein
M6475_00838	CDS	342	hmw1			Cytadherence high molecular weight protein 1
M6475_00839	CDS	714				hypothetical protein
M6475_00840	CDS	114				hypothetical protein
M6475_00841	CDS	189				hypothetical protein
M6475_00842	CDS	435				hypothetical protein
M6475_00843	CDS	594				hypothetical protein
M6475_00844	CDS	465				hypothetical protein
M6475_00845	CDS	330				hypothetical protein
M6475_00846	CDS	372				hypothetical protein
M6475_00847	CDS	471				hypothetical protein
M6475_00848	CDS	1143				hypothetical protein
M6475_00849	CDS	264				hypothetical protein
M6475_00850	CDS	144				hypothetical protein
M6475_00851	rRNA	1514				16S ribosomal RNA
M6475_00852	rRNA	2907				23S ribosomal RNA
M6475_00853	rRNA	74				5S ribosomal RNA (partial)
M6475_00854	CDS	366				hypothetical protein
M6475_00855	CDS	291				hypothetical protein
M6475_00856	CDS	852				hypothetical protein
M6475_00857	CDS	321				hypothetical protein
M6475_00858	CDS	693				hypothetical protein
M6475_00859	CDS	135				hypothetical protein
M6475_00860	CDS	579				hypothetical protein
M6475_00861	CDS	684	nusA_1			Transcription termination/antitermination protein NusA
M6475_00862	CDS	390	nusA_2			Transcription termination/antitermination protein NusA
M6475_00863	CDS	399	nusA_3			Transcription termination/antitermination protein NusA
M6475_00864	CDS	273				hypothetical protein
M6475_00865	CDS	1860	infB			Translation initiation factor IF-2
M6475_00866	CDS	339	rbfA			Ribosome-binding factor A
M6475_00867	CDS	426				hypothetical protein
M6475_00868	CDS	108				hypothetical protein
M6475_00869	CDS	159				hypothetical protein
M6475_00870	CDS	810	ribF		COG0196	Bifunctional riboflavin kinase/FMN adenylyltransferase
M6475_00871	CDS	126				hypothetical protein
M6475_00872	CDS	201				hypothetical protein
M6475_00873	CDS	396				hypothetical protein
M6475_00874	CDS	177				hypothetical protein
M6475_00875	CDS	654				hypothetical protein
M6475_00876	CDS	252				hypothetical protein
M6475_00877	CDS	153				hypothetical protein
M6475_00878	CDS	255				hypothetical protein
M6475_00879	CDS	465				hypothetical protein
M6475_00880	CDS	720				hypothetical protein
M6475_00881	CDS	93				hypothetical protein
M6475_00882	CDS	156				hypothetical protein
M6475_00883	CDS	321	rpsJ			30S ribosomal protein S10
M6475_00884	CDS	378	rplC		COG0087	50S ribosomal protein L3
M6475_00885	CDS	378				hypothetical protein
M6475_00886	CDS	636	rplD		COG0088	50S ribosomal protein L4
M6475_00887	CDS	321	rplW			50S ribosomal protein L23
M6475_00888	CDS	858	rplB			50S ribosomal protein L2
M6475_00889	CDS	264	rpsS			30S ribosomal protein S19
M6475_00890	CDS	435				hypothetical protein
M6475_00891	CDS	651				hypothetical protein
M6475_00892	CDS	195	rplP_1			50S ribosomal protein L16
M6475_00893	CDS	174	rplP_2		COG0197	50S ribosomal protein L16
M6475_00894	CDS	195				hypothetical protein
M6475_00895	CDS	225	rpsQ			30S ribosomal protein S17
M6475_00896	CDS	369	rplN			50S ribosomal protein L14
M6475_00897	CDS	327	rplX		COG0198	50S ribosomal protein L24
M6475_00898	CDS	291	rplE			50S ribosomal protein L5
M6475_00899	CDS	183	rpsN1		COG0199	30S ribosomal protein S14
M6475_00900	CDS	426	rpsH		COG0096	30S ribosomal protein S8
M6475_00901	CDS	462	rplF		COG0097	50S ribosomal protein L6
M6475_00902	CDS	390	rplR		COG0256	50S ribosomal protein L18
M6475_00903	CDS	636				hypothetical protein
M6475_00904	CDS	453	rplO			50S ribosomal protein L15
M6475_00905	CDS	1428	secY			Protein translocase subunit SecY
M6475_00906	CDS	645	adk	2.7.4.3		Adenylate kinase
M6475_00907	CDS	747	map	3.4.11.18	COG0024	Methionine aminopeptidase 1
M6475_00908	CDS	213	infA			Translation initiation factor IF-1
M6475_00909	CDS	258	rpsM			30S ribosomal protein S13
M6475_00910	CDS	180	rpsK		COG0100	30S ribosomal protein S11
M6475_00911	CDS	330	rpoA_1	2.7.7.6		DNA-directed RNA polymerase subunit alpha
M6475_00912	CDS	582	rpoA_2	2.7.7.6	COG0202	DNA-directed RNA polymerase subunit alpha
M6475_00913	CDS	327	rplQ		COG0203	50S ribosomal protein L17
M6475_00914	CDS	813	ecfA1_2	7.-.-.-	COG1122	Energy-coupling factor transporter ATP-binding protein EcfA1
M6475_00915	CDS	915	ecfA2	3.6.3.-		Energy-coupling factor transporter ATP-binding protein EcfA2
M6475_00916	CDS	336	ecfT_1			Energy-coupling factor transporter transmembrane protein EcfT
M6475_00917	CDS	462				hypothetical protein
M6475_00918	CDS	417	ecfT_2			Energy-coupling factor transporter transmembrane protein EcfT
M6475_00919	CDS	645	truA	5.4.99.12	COG0101	tRNA pseudouridine synthase A
M6475_00920	CDS	645				hypothetical protein
M6475_00921	CDS	357				hypothetical protein
M6475_00922	CDS	645	pepF1	3.4.24.-		Oligoendopeptidase F, plasmid
M6475_00923	CDS	750				hypothetical protein
M6475_00924	CDS	195				hypothetical protein
M6475_00925	CDS	627				hypothetical protein
M6475_00926	CDS	165				hypothetical protein
M6475_00927	CDS	1185				hypothetical protein
M6475_00928	CDS	345				hypothetical protein
M6475_00929	CDS	204				hypothetical protein
M6475_00930	CDS	225	mgpA_4			Adhesin P1
M6475_00931	CDS	177				hypothetical protein
M6475_00932	CDS	102				Mgp-operon protein 3
M6475_00933	CDS	606				hypothetical protein
M6475_00934	CDS	159				hypothetical protein
M6475_00935	CDS	177				hypothetical protein
M6475_00936	CDS	273				putative lipoprotein MG186 
M6475_00937	CDS	330				Putative ABC transporter ATP-binding protein MG187 
M6475_00938	CDS	294				Putative ABC transporter ATP-binding protein MG187 
M6475_00939	CDS	705				Putative ABC transporter ATP-binding protein MG187 
M6475_00940	CDS	219				Putative ABC transporter ATP-binding protein MG187 
M6475_00941	CDS	282				hypothetical protein
M6475_00942	CDS	564	araP		COG1175	L-arabinose transport system permease protein AraP
M6475_00943	CDS	156				hypothetical protein
M6475_00944	CDS	201				hypothetical protein
M6475_00945	CDS	195				hypothetical protein
M6475_00946	CDS	606	nrnA_2	3.1.-.-		Bifunctional oligoribonuclease and PAP phosphatase NrnA
M6475_00947	CDS	507	mgpA_5			Adhesin P1
M6475_00948	CDS	342	mgpA_6			Adhesin P1
M6475_00949	CDS	273	mgpA_7			Adhesin P1
M6475_00950	CDS	156				hypothetical protein
M6475_00951	CDS	144	mgpA_8			Adhesin P1
M6475_00952	CDS	471	mgpA_9			Adhesin P1
M6475_00953	CDS	1005				hypothetical protein
M6475_00954	CDS	210				hypothetical protein
M6475_00955	CDS	204				hypothetical protein
M6475_00956	CDS	537				hypothetical protein
M6475_00957	CDS	294				hypothetical protein
M6475_00958	CDS	453				hypothetical protein
M6475_00959	tRNA	91				tRNA-Ser(gga)
M6475_00960	tRNA	89				tRNA-Ser(cga)
M6475_00961	CDS	405				putative lipoprotein MG321 
M6475_00962	CDS	1023				putative lipoprotein MG321 
M6475_00963	tRNA	85				tRNA-Leu(tag)
M6475_00964	tRNA	76				tRNA-Lys(ctt)
M6475_00965	tRNA	76				tRNA-Thr(tgt)
M6475_00966	tRNA	76				tRNA-Val(tac)
M6475_00967	tRNA	75				tRNA-Thr(cgt)
M6475_00968	tRNA	77				tRNA-Glu(ttc)
M6475_00969	tRNA	75				tRNA-Asn(gtt)
M6475_00970	CDS	1311	ktrB		COG0168	Ktr system potassium uptake protein B
M6475_00971	CDS	684	ktrA		COG0569	Ktr system potassium uptake protein A
M6475_00972	tmRNA	388	ssrA			transfer-messenger RNA, SsrA
M6475_00973	CDS	159				hypothetical protein
M6475_00974	CDS	270				hypothetical protein
M6475_00975	CDS	648	ypdF	3.4.11.-	COG0006	Aminopeptidase YpdF
M6475_00976	CDS	168				hypothetical protein
M6475_00977	CDS	102				hypothetical protein
M6475_00978	CDS	162	rpmGA			50S ribosomal protein L33 1
M6475_00979	CDS	495				hypothetical protein
M6475_00980	CDS	393				hypothetical protein
M6475_00981	CDS	807	menH	4.2.99.20		2-succinyl-6-hydroxy-2,4-cyclohexadiene-1-carboxylate synthase
M6475_00982	CDS	471				hypothetical protein
M6475_00983	CDS	1386				hypothetical protein
M6475_00984	CDS	1347	der		COG1160	GTPase Der
M6475_00985	CDS	447	cmk	2.7.4.25	COG0283	Cytidylate kinase
M6475_00986	CDS	210				hypothetical protein
M6475_00987	CDS	102				hypothetical protein
M6475_00988	CDS	720			COG0217	putative transcriptional regulatory protein
M6475_00989	CDS	138				hypothetical protein
M6475_00990	CDS	165	azoR	1.7.1.17		FMN-dependent NADH-azoreductase
M6475_00991	CDS	123				hypothetical protein
M6475_00992	CDS	234	valS_1	6.1.1.9		Valine--tRNA ligase
M6475_00993	CDS	162	valS_2	6.1.1.9		Valine--tRNA ligase
M6475_00994	CDS	189	valS_3	6.1.1.9	COG0525	Valine--tRNA ligase
M6475_00995	CDS	576	engB			GTP-binding protein EngB
M6475_00996	CDS	222				hypothetical protein
M6475_00997	CDS	513		2.4.1.-	COG0463	Processive diacylglycerol beta-glycosyltransferase
M6475_00998	CDS	207		2.4.1.-	COG0463	Processive diacylglycerol beta-glycosyltransferase
M6475_00999	CDS	384	csdA	2.8.1.7	COG0520	Cysteine desulfurase CsdA
M6475_01000	CDS	456	sufS	4.4.1.16		Cysteine desulfurase
M6475_01001	CDS	417				hypothetical protein
M6475_01002	CDS	177				hypothetical protein
M6475_01003	CDS	357				hypothetical protein
M6475_01004	CDS	258				hypothetical protein
M6475_01005	CDS	159				hypothetical protein
M6475_01006	CDS	198				hypothetical protein
M6475_01007	CDS	519				hypothetical protein
M6475_01008	CDS	306				hypothetical protein
M6475_01009	CDS	165				hypothetical protein
M6475_01010	CDS	144				hypothetical protein
M6475_01011	CDS	204				hypothetical protein
M6475_01012	CDS	1023	recA			Protein RecA
