locus_tag	ftype	length_bp	gene	EC_number	COG	product
M6312_00001	CDS	1659	rnjA	3.1.-.-	COG0595	Ribonuclease J1
M6312_00002	CDS	1797	lepA	3.6.5.-		Elongation factor 4
M6312_00003	CDS	189				hypothetical protein
M6312_00004	CDS	816	fcf2	5.4.99.59		dTDP-fucopyranose mutase
M6312_00005	CDS	534	lysS_1	6.1.1.6		Lysine--tRNA ligase
M6312_00006	CDS	399	lysS_2	6.1.1.6	COG1190	Lysine--tRNA ligase
M6312_00007	CDS	429	lysS_3	6.1.1.6		Lysine--tRNA ligase
M6312_00008	CDS	630				hypothetical protein
M6312_00009	CDS	192				hypothetical protein
M6312_00010	CDS	303	ybaB			Nucleoid-associated protein YbaB
M6312_00011	CDS	117				hypothetical protein
M6312_00012	CDS	426	hit		COG0537	Protein hit
M6312_00013	CDS	282				hypothetical protein
M6312_00014	CDS	267				hypothetical protein
M6312_00015	CDS	111				hypothetical protein
M6312_00016	CDS	1293	rny_1	3.1.-.-		Ribonuclease Y
M6312_00017	CDS	336				hypothetical protein
M6312_00018	CDS	780	nadK	2.7.1.23		NAD kinase
M6312_00019	CDS	438	spxA			Regulatory protein Spx
M6312_00020	CDS	1044	trpS	6.1.1.2		Tryptophan--tRNA ligase
M6312_00021	CDS	156				hypothetical protein
M6312_00022	CDS	690				hypothetical protein
M6312_00023	CDS	303				hypothetical protein
M6312_00024	CDS	993	rny_2	3.1.-.-		Ribonuclease Y
M6312_00025	CDS	312	topA_1	5.6.2.1		DNA topoisomerase 1
M6312_00026	CDS	1440	topA_2	5.6.2.1		DNA topoisomerase 1
M6312_00027	CDS	162	topA_3	5.6.2.1		DNA topoisomerase 1
M6312_00028	CDS	423				hypothetical protein
M6312_00029	CDS	198				hypothetical protein
M6312_00030	CDS	183				hypothetical protein
M6312_00031	CDS	429				hypothetical protein
M6312_00032	CDS	135				hypothetical protein
M6312_00033	CDS	441				hypothetical protein
M6312_00034	CDS	381				hypothetical protein
M6312_00035	CDS	1143	btuD_1	7.6.2.8		Vitamin B12 import ATP-binding protein BtuD
M6312_00036	CDS	741	galE	5.1.3.2	COG1087	UDP-glucose 4-epimerase
M6312_00037	CDS	354				hypothetical protein
M6312_00038	CDS	204				hypothetical protein
M6312_00039	CDS	126				hypothetical protein
M6312_00040	CDS	534				hypothetical protein
M6312_00041	CDS	474				Protein MG115 
M6312_00042	CDS	147				hypothetical protein
M6312_00043	CDS	279	pgsA	2.7.8.5		CDP-diacylglycerol--glycerol-3-phosphate 3-phosphatidyltransferase
M6312_00044	CDS	135	asnS_1	6.1.1.22	COG0017	Asparagine--tRNA ligase
M6312_00045	CDS	936	asnS_2	6.1.1.22	COG0017	Asparagine--tRNA ligase
M6312_00046	CDS	234				hypothetical protein
M6312_00047	CDS	630	rpe	5.1.3.1	COG0036	Ribulose-phosphate 3-epimerase
M6312_00048	CDS	375	pgi_1	5.3.1.9	COG0166	Glucose-6-phosphate isomerase
M6312_00049	CDS	756	pgi_2	5.3.1.9	COG0166	Glucose-6-phosphate isomerase
M6312_00050	CDS	528	rsgA_1	3.6.1.-	COG1162	Small ribosomal subunit biogenesis GTPase RsgA
M6312_00051	CDS	141	rsgA_2	3.6.1.-		Small ribosomal subunit biogenesis GTPase RsgA
M6312_00052	CDS	96				hypothetical protein
M6312_00053	CDS	924	prkC	2.7.11.1		Serine/threonine-protein kinase PrkC
M6312_00054	CDS	315				hypothetical protein
M6312_00055	CDS	216				hypothetical protein
M6312_00056	CDS	570	gmk	2.7.4.8	COG0194	Guanylate kinase
M6312_00057	CDS	213				hypothetical protein
M6312_00058	CDS	252	cdaS	2.7.7.85		Diadenylate cyclase CdaS
M6312_00059	CDS	117				hypothetical protein
M6312_00060	CDS	414	rnr_1	3.1.13.1	COG0557	Ribonuclease R
M6312_00061	CDS	1287	rnr_2	3.1.13.1	COG0557	Ribonuclease R
M6312_00062	CDS	162				hypothetical protein
M6312_00063	CDS	234				hypothetical protein
M6312_00064	CDS	606	whiA			cell division protein WhiA
M6312_00065	CDS	948	trxB	1.8.1.9	COG0492	Thioredoxin reductase
M6312_00066	CDS	450				hypothetical protein
M6312_00067	CDS	1434	gatB	6.3.5.-	COG0064	Aspartyl/glutamyl-tRNA(Asn/Gln) amidotransferase subunit B
M6312_00068	CDS	552	gatA_1	6.3.5.7	COG0154	Glutamyl-tRNA(Gln) amidotransferase subunit A
M6312_00069	CDS	810	gatA_2	6.3.5.7	COG0154	Glutamyl-tRNA(Gln) amidotransferase subunit A
M6312_00070	CDS	459	GATC	6.3.5.-		Glutamyl-tRNA(Gln) amidotransferase subunit C, chloroplastic/mitochondrial
M6312_00071	CDS	135				hypothetical protein
M6312_00072	CDS	738				hypothetical protein
M6312_00073	CDS	228		3.2.2.27		Uracil-DNA glycosylase
M6312_00074	CDS	270				hypothetical protein
M6312_00075	CDS	1632				hypothetical protein
M6312_00076	CDS	174				hypothetical protein
M6312_00077	CDS	129				hypothetical protein
M6312_00078	CDS	348				hypothetical protein
M6312_00079	CDS	708	dnaB	3.6.4.12	COG0305	Replicative DNA helicase
M6312_00080	CDS	630				hypothetical protein
M6312_00081	CDS	453	rplI		COG0359	50S ribosomal protein L9
M6312_00082	CDS	315				hypothetical protein
M6312_00083	CDS	291				hypothetical protein
M6312_00084	CDS	471				hypothetical protein
M6312_00085	CDS	1659	fusA_1		COG0480	Elongation factor G
M6312_00086	CDS	126	fusA_2		COG0480	Elongation factor G
M6312_00087	CDS	216	fusA_3		COG0480	Elongation factor G
M6312_00088	CDS	468	rpsG			30S ribosomal protein S7
M6312_00089	CDS	420	rpsL		COG0048	30S ribosomal protein S12
M6312_00090	CDS	165				hypothetical protein
M6312_00091	CDS	807	lgt	2.5.1.145	COG0682	Phosphatidylglycerol--prolipoprotein diacylglyceryl transferase
M6312_00092	CDS	936	hprK	2.7.11.-		HPr kinase/phosphorylase
M6312_00093	CDS	345				hypothetical protein
M6312_00094	CDS	99				hypothetical protein
M6312_00095	CDS	213	tilS	6.3.4.19		tRNA(Ile)-lysidine synthase
M6312_00096	CDS	570	pth	3.1.1.29		Peptidyl-tRNA hydrolase
M6312_00097	CDS	327	rplA_1			50S ribosomal protein L1
M6312_00098	CDS	318	rplA_2		COG0081	50S ribosomal protein L1
M6312_00099	CDS	414	rplK		COG0080	50S ribosomal protein L11
M6312_00100	CDS	1107	btuD_2	7.6.2.8		Vitamin B12 import ATP-binding protein BtuD
M6312_00101	CDS	420				hypothetical protein
M6312_00102	CDS	888				hypothetical protein
M6312_00103	CDS	1113	oppD		COG0444	Oligopeptide transport ATP-binding protein OppD
M6312_00104	CDS	345				hypothetical protein
M6312_00105	CDS	114				hypothetical protein
M6312_00106	CDS	486				hypothetical protein
M6312_00107	CDS	171				hypothetical protein
M6312_00108	CDS	744			COG0601	Putative peptide transport permease protein
M6312_00109	CDS	201				hypothetical protein
M6312_00110	CDS	417				hypothetical protein
M6312_00111	CDS	294				hypothetical protein
M6312_00112	CDS	2397				hypothetical protein
M6312_00113	CDS	207				hypothetical protein
M6312_00114	CDS	1971	uvrB			UvrABC system protein B
M6312_00115	CDS	249				hypothetical protein
M6312_00116	CDS	915	secA1			Protein translocase subunit SecA 1
M6312_00117	CDS	1248	secA		COG0653	Protein translocase subunit SecA
M6312_00118	CDS	228				hypothetical protein
M6312_00119	CDS	441	pacL	7.2.2.10	COG0474	Calcium-transporting ATPase
M6312_00120	CDS	495		7.2.2.10		Calcium-transporting ATPase 1
M6312_00121	CDS	273	yoaB_1	7.2.2.10	COG0474	Calcium-transporting ATPase 1
M6312_00122	CDS	396	yoaB_2	7.2.2.10	COG0474	Calcium-transporting ATPase 1
M6312_00123	CDS	279				hypothetical protein
M6312_00124	CDS	216				hypothetical protein
M6312_00125	CDS	93				hypothetical protein
M6312_00126	CDS	582	ptsG_1	2.7.1.199		PTS system glucose-specific EIICBA component
M6312_00127	CDS	402	ptsG_2	2.7.1.199	COG1263	PTS system glucose-specific EIICBA component
M6312_00128	CDS	93				hypothetical protein
M6312_00129	CDS	207	ptsG_3	2.7.1.199		PTS system glucose-specific EIICBA component
M6312_00130	CDS	258				hypothetical protein
M6312_00131	CDS	309	ptsG_4	2.7.1.199	COG1263	PTS system glucose-specific EIICBA component
M6312_00132	CDS	102				Mgp-operon protein 3
M6312_00133	CDS	177				hypothetical protein
M6312_00134	CDS	234	mgpA_1			Adhesin P1
M6312_00135	CDS	354				hypothetical protein
M6312_00136	CDS	237				hypothetical protein
M6312_00137	CDS	276				hypothetical protein
M6312_00138	CDS	213				hypothetical protein
M6312_00139	CDS	231				hypothetical protein
M6312_00140	CDS	1425				hypothetical protein
M6312_00141	CDS	186				hypothetical protein
M6312_00142	CDS	210				hypothetical protein
M6312_00143	CDS	1041	tkt_1	2.2.1.1		Transketolase
M6312_00144	CDS	852	tkt_2	2.2.1.1		Transketolase
M6312_00145	CDS	684	bceA		COG1136	Bacitracin export ATP-binding protein BceA
M6312_00146	CDS	201				hypothetical protein
M6312_00147	CDS	1104				hypothetical protein
M6312_00148	CDS	495				hypothetical protein
M6312_00149	CDS	153				hypothetical protein
M6312_00150	CDS	207				hypothetical protein
M6312_00151	CDS	309				hypothetical protein
M6312_00152	CDS	891				hypothetical protein
M6312_00153	CDS	204				hypothetical protein
M6312_00154	CDS	768	fruK	2.7.1.56		Putative 1-phosphofructokinase
M6312_00155	CDS	1749	fruA		COG1299	PTS system fructose-specific EIIABC component
M6312_00156	CDS	267				hypothetical protein
M6312_00157	tRNA	89				tRNA-Ser(gct)
M6312_00158	CDS	234				hypothetical protein
M6312_00159	CDS	711				hypothetical protein
M6312_00160	CDS	447				hypothetical protein
M6312_00161	CDS	213				hypothetical protein
M6312_00162	CDS	159				hypothetical protein
M6312_00163	CDS	267				hypothetical protein
M6312_00164	CDS	351	smpB		COG0691	SsrA-binding protein
M6312_00165	CDS	1092	prs	2.7.6.1	COG0462	Ribose-phosphate pyrophosphokinase
M6312_00166	CDS	384	rnmV	3.1.26.8	COG1658	Ribonuclease M5
M6312_00167	CDS	600	rsmI	2.1.1.198	COG0313	Ribosomal RNA small subunit methyltransferase I
M6312_00168	CDS	102				hypothetical protein
M6312_00169	CDS	243				hypothetical protein
M6312_00170	CDS	216				hypothetical protein
M6312_00171	CDS	324	nusG_1			Transcription termination/antitermination protein NusG
M6312_00172	CDS	522	nusG_2			Transcription termination/antitermination protein NusG
M6312_00173	CDS	219				hypothetical protein
M6312_00174	CDS	327		5.4.2.8	COG1109	putative phosphomannomutase
M6312_00175	CDS	948	pgcA	5.4.2.2		Phosphoglucomutase
M6312_00176	CDS	393	cdd	3.5.4.5	COG0295	Cytidine deaminase
M6312_00177	CDS	165				hypothetical protein
M6312_00178	CDS	924	pdp	2.4.2.2	COG0213	Pyrimidine-nucleoside phosphorylase
M6312_00179	CDS	672	deoC1	4.1.2.4		Deoxyribose-phosphate aldolase 1
M6312_00180	CDS	363	deoD_1	2.4.2.1		Purine nucleoside phosphorylase DeoD-type
M6312_00181	CDS	408	deoD_2	2.4.2.1	COG0813	Purine nucleoside phosphorylase DeoD-type
M6312_00182	CDS	336	ffh_1		COG0541	Signal recognition particle protein
M6312_00183	CDS	723	ffh_2		COG0541	Signal recognition particle protein
M6312_00184	CDS	120	srp54			Signal recognition particle 54 kDa protein
M6312_00185	CDS	258				hypothetical protein
M6312_00186	CDS	516	metK_1	2.5.1.6		S-adenosylmethionine synthase
M6312_00187	CDS	231	metK_2	2.5.1.6		S-adenosylmethionine synthase
M6312_00188	CDS	162	OSGEPL1	2.3.1.234		tRNA N6-adenosine threonylcarbamoyltransferase, mitochondrial
M6312_00189	CDS	615	tsaD	2.3.1.234	COG0533	tRNA N6-adenosine threonylcarbamoyltransferase
M6312_00190	CDS	834				hypothetical protein
M6312_00191	CDS	285				hypothetical protein
M6312_00192	CDS	378				hypothetical protein
M6312_00193	CDS	405				hypothetical protein
M6312_00194	CDS	495				hypothetical protein
M6312_00195	CDS	129				hypothetical protein
M6312_00196	CDS	330	cysA	7.3.2.3	COG1118	Sulfate/thiosulfate import ATP-binding protein CysA
M6312_00197	CDS	153				hypothetical protein
M6312_00198	CDS	324	potA	7.6.2.11	COG3842	Spermidine/putrescine import ATP-binding protein PotA
M6312_00199	CDS	267	ptsH			Phosphocarrier protein HPr
M6312_00200	CDS	246				hypothetical protein
M6312_00201	CDS	597				hypothetical protein
M6312_00202	CDS	276				hypothetical protein
M6312_00203	CDS	219				putative protein MG039 
M6312_00204	CDS	135				putative protein MG039 
M6312_00205	CDS	375				putative protein MG039 
M6312_00206	CDS	135	glpK_1	2.7.1.30	COG0554	Glycerol kinase
M6312_00207	CDS	90				hypothetical protein
M6312_00208	CDS	261				hypothetical protein
M6312_00209	CDS	324	glpK_2	2.7.1.30		Glycerol kinase
M6312_00210	CDS	180	glpK_3	2.7.1.30	COG0554	Glycerol kinase
M6312_00211	CDS	351				hypothetical protein
M6312_00212	CDS	96				hypothetical protein
M6312_00213	CDS	666				hypothetical protein
M6312_00214	CDS	162				hypothetical protein
M6312_00215	CDS	225	aspS_1	6.1.1.12	COG0173	Aspartate--tRNA(Asp) ligase
M6312_00216	CDS	537	aspS_2	6.1.1.12		Aspartate--tRNA(Asp/Asn) ligase
M6312_00217	CDS	249	hisS_1	6.1.1.21		Histidine--tRNA ligase
M6312_00218	CDS	147				hypothetical protein
M6312_00219	CDS	528	hisS_2	6.1.1.21		Histidine--tRNA ligase
M6312_00220	CDS	123				hypothetical protein
M6312_00221	CDS	153				hypothetical protein
M6312_00222	CDS	243				hypothetical protein
M6312_00223	CDS	129				hypothetical protein
M6312_00224	CDS	981				hypothetical protein
M6312_00225	CDS	201	polC_1	2.7.7.7		DNA polymerase III PolC-type
M6312_00226	CDS	294	polC_2	2.7.7.7		DNA polymerase III PolC-type
M6312_00227	CDS	90	polC_3	2.7.7.7		DNA polymerase III PolC-type
M6312_00228	CDS	468	polC_4	2.7.7.7		DNA polymerase III PolC-type
M6312_00229	CDS	675	polC_5	2.7.7.7		DNA polymerase III PolC-type
M6312_00230	CDS	171	polC_6	2.7.7.7		DNA polymerase III PolC-type
M6312_00231	CDS	435	polC_7	2.7.7.7		DNA polymerase III PolC-type
M6312_00232	CDS	255	polC_8	2.7.7.7		DNA polymerase III PolC-type
M6312_00233	CDS	204	polC_9	2.7.7.7		DNA polymerase III PolC-type
M6312_00234	CDS	462	polC_10	2.7.7.7		DNA polymerase III PolC-type
M6312_00235	CDS	621	upp	2.4.2.9	COG0035	Uracil phosphoribosyltransferase
M6312_00236	CDS	594				hypothetical protein
M6312_00237	CDS	171				hypothetical protein
M6312_00238	CDS	219			COG0781	putative protein MG027
M6312_00239	CDS	168			COG0781	putative protein MG027
M6312_00240	CDS	573	efp			Elongation factor P
M6312_00241	CDS	120				hypothetical protein
M6312_00242	CDS	654				hypothetical protein
M6312_00243	CDS	108	OLA1			Obg-like ATPase 1
M6312_00244	CDS	888	ychF		COG0012	Ribosome-binding ATPase YchF
M6312_00245	CDS	297	fba_1	4.1.2.13	COG0191	Fructose-bisphosphate aldolase
M6312_00246	CDS	531	fba_2	4.1.2.13		Fructose-bisphosphate aldolase
M6312_00247	CDS	213	rpoE			DNA-directed RNA polymerase subunit delta
M6312_00248	CDS	93				hypothetical protein
M6312_00249	CDS	237	metG_1	6.1.1.10		Methionine--tRNA ligase
M6312_00250	CDS	396	metG_2	6.1.1.10		Methionine--tRNA ligase
M6312_00251	CDS	243	metG_3	6.1.1.10		Methionine--tRNA ligase
M6312_00252	CDS	255				hypothetical protein
M6312_00253	CDS	168				hypothetical protein
M6312_00254	CDS	201	pip	3.4.11.5	COG0596	Proline iminopeptidase
M6312_00255	CDS	1170	dnaJ_1			Chaperone protein DnaJ
M6312_00256	CDS	552				hypothetical protein
M6312_00257	CDS	114				hypothetical protein
M6312_00258	CDS	435				hypothetical protein
M6312_00259	CDS	912				hypothetical protein
M6312_00260	CDS	372				hypothetical protein
M6312_00261	CDS	357			COG1132	putative ABC transporter ATP-binding protein
M6312_00262	CDS	615			COG1132	putative ABC transporter ATP-binding protein
M6312_00263	CDS	273				hypothetical protein
M6312_00264	CDS	426			COG1132	putative ABC transporter ATP-binding protein
M6312_00265	CDS	432				hypothetical protein
M6312_00266	CDS	756				hypothetical protein
M6312_00267	tRNA	77				tRNA-Ile(gat)
M6312_00268	tRNA	76				tRNA-Ala(tgc)
M6312_00269	CDS	636	folD		COG0190	Bifunctional protein FolD protein
M6312_00270	CDS	216				hypothetical protein
M6312_00271	CDS	489	rimK	6.3.2.-	COG0189	Ribosomal protein S6--L-glutamate ligase
M6312_00272	CDS	309				hypothetical protein
M6312_00273	CDS	228				hypothetical protein
M6312_00274	CDS	177				hypothetical protein
M6312_00275	CDS	642	ycfH	3.1.-.-	COG0084	putative metal-dependent hydrolase YcfH
M6312_00276	CDS	1137	mnmE	3.6.-.-		tRNA modification GTPase MnmE
M6312_00277	CDS	288				hypothetical protein
M6312_00278	CDS	168				hypothetical protein
M6312_00279	CDS	633	tmk	2.7.4.9	COG0125	Thymidylate kinase
M6312_00280	CDS	252	serS_1	6.1.1.11	COG0172	Serine--tRNA ligase
M6312_00281	CDS	189	serS_2	6.1.1.11		Serine--tRNA ligase
M6312_00282	CDS	564	serS_3	6.1.1.11	COG0172	Serine--tRNA ligase
M6312_00283	CDS	2511	gyrA_1	5.6.2.2		DNA gyrase subunit A
M6312_00284	CDS	153	gyrB_1	5.6.2.2		DNA gyrase subunit B
M6312_00285	CDS	1029	gyrB_2	5.6.2.2		DNA gyrase subunit B
M6312_00286	CDS	195	gyrB_3	5.6.2.2		DNA gyrase subunit B
M6312_00287	CDS	246	gyrB_4	5.6.2.2		DNA gyrase subunit B
M6312_00288	CDS	135	gyrB_5	5.6.2.2		DNA gyrase subunit B
M6312_00289	CDS	156				hypothetical protein
M6312_00290	CDS	246	dnaJ_2			Chaperone protein DnaJ
M6312_00291	CDS	1143	dnaN		COG0592	Beta sliding clamp
M6312_00292	CDS	810			COG1192	putative protein
M6312_00293	CDS	246				putative protein MPN_687
M6312_00294	CDS	1314	dnaA			Chromosomal replication initiator protein DnaA
M6312_00295	CDS	849	btuD_3	7.6.2.8		Vitamin B12 import ATP-binding protein BtuD
M6312_00296	CDS	876				putative ABC transporter permease MG468 
M6312_00297	CDS	261				hypothetical protein
M6312_00298	CDS	204				putative ABC transporter permease MG468 
M6312_00299	CDS	150				hypothetical protein
M6312_00300	CDS	171				putative ABC transporter permease MG468 
M6312_00301	CDS	774				putative ABC transporter permease MG468 
M6312_00302	CDS	1722				putative ABC transporter permease MG468 
M6312_00303	CDS	354				putative ABC transporter permease MG468 
M6312_00304	CDS	396	macB	3.6.3.-		Macrolide export ATP-binding/permease protein MacB
M6312_00305	CDS	147	rpmH		COG0230	50S ribosomal protein L34
M6312_00306	CDS	429	yidC			Membrane protein insertase YidC
M6312_00307	CDS	315				hypothetical protein
M6312_00308	CDS	780	rsmA	2.1.1.182	COG0030	Ribosomal RNA small subunit methyltransferase A
M6312_00309	CDS	498	gltX_1	6.1.1.17		Glutamate--tRNA ligase
M6312_00310	CDS	243	gltX_2	6.1.1.17		Glutamate--tRNA ligase
M6312_00311	CDS	222				hypothetical protein
M6312_00312	CDS	159	gltX_3	6.1.1.17		Glutamate--tRNA ligase
M6312_00313	CDS	759				hypothetical protein
M6312_00314	CDS	270				hypothetical protein
M6312_00315	CDS	939	ldh	1.1.1.27		L-lactate dehydrogenase
M6312_00316	CDS	309				hypothetical protein
M6312_00317	CDS	528	hpt	2.4.2.8		Hypoxanthine-guanine phosphoribosyltransferase
M6312_00318	CDS	159				hypothetical protein
M6312_00319	CDS	159				hypothetical protein
M6312_00320	CDS	1428	ftsH	3.4.24.-	COG0465	ATP-dependent zinc metalloprotease FtsH
M6312_00321	CDS	222				hypothetical protein
M6312_00322	CDS	279				hypothetical protein
M6312_00323	CDS	717				hypothetical protein
M6312_00324	CDS	333				hypothetical protein
M6312_00325	CDS	225	tyrS1	6.1.1.1	COG0162	Tyrosine--tRNA ligase 1
M6312_00326	CDS	351	tyrS	6.1.1.1	COG0162	Tyrosine--tRNA ligase
M6312_00327	CDS	468	ohrB		COG1764	Organic hydroperoxide resistance protein OhrB
M6312_00328	CDS	879	gtaB	2.7.7.9		UTP--glucose-1-phosphate uridylyltransferase
M6312_00329	CDS	378				hypothetical protein
M6312_00330	CDS	150				hypothetical protein
M6312_00331	CDS	1185	tuf			Elongation factor Tu
M6312_00332	CDS	309				hypothetical protein
M6312_00333	CDS	270				hypothetical protein
M6312_00334	CDS	126				hypothetical protein
M6312_00335	CDS	402				hypothetical protein
M6312_00336	CDS	204	msrAB		COG0225	Peptide methionine sulfoxide reductase MsrA/MsrB
M6312_00337	CDS	186	msrB	1.8.4.12		Peptide methionine sulfoxide reductase MsrB
M6312_00338	CDS	429				hypothetical protein
M6312_00339	CDS	930				hypothetical protein
M6312_00340	CDS	138				hypothetical protein
M6312_00341	CDS	156	rpsP		COG0228	30S ribosomal protein S16
M6312_00342	CDS	114				hypothetical protein
M6312_00343	CDS	543	trmD	2.1.1.228		tRNA (guanine-N(1)-)-methyltransferase
M6312_00344	CDS	360	rplS		COG0335	50S ribosomal protein L19
M6312_00345	CDS	498				hypothetical protein
M6312_00346	CDS	393				hypothetical protein
M6312_00347	CDS	813	rbgA		COG1161	Ribosome biogenesis GTPase A
M6312_00348	CDS	195				hypothetical protein
M6312_00349	CDS	573				hypothetical protein
M6312_00350	CDS	210				hypothetical protein
M6312_00351	CDS	354				hypothetical protein
M6312_00352	CDS	552			COG0732	Putative type-1 restriction enzyme specificity protein MG438
M6312_00353	CDS	516			COG0732	Putative type-1 restriction enzyme specificity protein MG438
M6312_00354	CDS	171				hypothetical protein
M6312_00355	CDS	90				hypothetical protein
M6312_00356	CDS	306				hypothetical protein
M6312_00357	CDS	429	frr			Ribosome-recycling factor
M6312_00358	CDS	732	pyrH	2.7.4.22	COG0528	Uridylate kinase
M6312_00359	CDS	393	tsf		COG0264	Elongation factor Ts
M6312_00360	CDS	117	TSFM			Elongation factor Ts, mitochondrial
M6312_00361	CDS	333				hypothetical protein
M6312_00362	CDS	276				hypothetical protein
M6312_00363	CDS	213				hypothetical protein
M6312_00364	CDS	489	tpiA	5.3.1.1		Triosephosphate isomerase
M6312_00365	CDS	1524	gpmI	5.4.2.12		2,3-bisphosphoglycerate-independent phosphoglycerate mutase
M6312_00366	CDS	720	ptsI_1	2.7.3.9		Phosphoenolpyruvate-protein phosphotransferase
M6312_00367	CDS	189				hypothetical protein
M6312_00368	CDS	498	ptsI_2	2.7.3.9		Phosphoenolpyruvate-protein phosphotransferase
M6312_00369	CDS	231	ptsI_3	2.7.3.9	COG1080	Phosphoenolpyruvate-protein phosphotransferase
M6312_00370	CDS	297				hypothetical protein
M6312_00371	CDS	291		1.11.1.-	COG1765	Hydroperoxide reductase
M6312_00372	CDS	195				hypothetical protein
M6312_00373	CDS	948	rhpA	3.6.4.13		DEAD-box ATP-dependent RNA helicase RhpA
M6312_00374	CDS	339	cshA	3.6.4.13	COG0513	DEAD-box ATP-dependent RNA helicase CshA
M6312_00375	CDS	261	rpsO			30S ribosomal protein S15
M6312_00376	CDS	162	rnjB_1	3.1.-.-	COG0595	Ribonuclease J2
M6312_00377	CDS	1446	rnjB_2	3.1.-.-	COG0595	Ribonuclease J2
M6312_00378	CDS	105				hypothetical protein
M6312_00379	CDS	192				hypothetical protein
M6312_00380	CDS	438				hypothetical protein
M6312_00381	CDS	153				hypothetical protein
M6312_00382	CDS	354				hypothetical protein
M6312_00383	CDS	270				hypothetical protein
M6312_00384	CDS	264				hypothetical protein
M6312_00385	CDS	519	uvrA_1			UvrABC system protein A
M6312_00386	CDS	1635	uvrA_2			UvrABC system protein A
M6312_00387	CDS	198	dnaX	2.7.7.7	COG2812	DNA polymerase III subunit tau
M6312_00388	CDS	1107				hypothetical protein
M6312_00389	CDS	117				hypothetical protein
M6312_00390	CDS	231	rplM_1		COG0102	50S ribosomal protein L13
M6312_00391	CDS	186	rplM_2		COG0102	50S ribosomal protein L13
M6312_00392	CDS	399	rpsI		COG0103	30S ribosomal protein S9
M6312_00393	CDS	645				hypothetical protein
M6312_00394	CDS	501				hypothetical protein
M6312_00395	CDS	495				hypothetical protein
M6312_00396	CDS	252				hypothetical protein
M6312_00397	CDS	294				hypothetical protein
M6312_00398	CDS	639				hypothetical protein
M6312_00399	CDS	744				hypothetical protein
M6312_00400	CDS	306				hypothetical protein
M6312_00401	CDS	387				hypothetical protein
M6312_00402	CDS	201				hypothetical protein
M6312_00403	CDS	651				hypothetical protein
M6312_00404	CDS	177				hypothetical protein
M6312_00405	CDS	630				hypothetical protein
M6312_00406	CDS	234				hypothetical protein
M6312_00407	CDS	156	pstB3_1	7.3.2.1	COG1117	Phosphate import ATP-binding protein PstB 3
M6312_00408	CDS	345	pstB3_2	7.3.2.1	COG1117	Phosphate import ATP-binding protein PstB 3
M6312_00409	CDS	678				hypothetical protein
M6312_00410	CDS	744	eno_1	4.2.1.11		Enolase
M6312_00411	CDS	375	eno_2	4.2.1.11	COG0148	Enolase
M6312_00412	CDS	273				hypothetical protein
M6312_00413	CDS	180				hypothetical protein
M6312_00414	CDS	291				hypothetical protein
M6312_00415	CDS	102				hypothetical protein
M6312_00416	CDS	129				hypothetical protein
M6312_00417	CDS	309	atpH			ATP synthase subunit c
M6312_00418	CDS	246	atpF			ATP synthase subunit b
M6312_00419	CDS	531	atpD_1			ATP synthase subunit delta
M6312_00420	CDS	747	atpA_1	7.1.2.2	COG0056	ATP synthase subunit alpha
M6312_00421	CDS	789	atpA_2	7.2.2.1		ATP synthase subunit alpha, sodium ion specific
M6312_00422	CDS	348	atpG_1		COG0224	ATP synthase gamma chain
M6312_00423	CDS	396	atpG_2		COG0224	ATP synthase gamma chain, sodium ion specific
M6312_00424	CDS	1431	atpD_2	7.2.2.1	COG0055	ATP synthase subunit beta, sodium ion specific
M6312_00425	CDS	402	atpC			ATP synthase epsilon chain
M6312_00426	CDS	312				hypothetical protein
M6312_00427	CDS	351				hypothetical protein
M6312_00428	CDS	768				hypothetical protein
M6312_00429	CDS	459	rpiB	5.3.1.6	COG0698	Ribose-5-phosphate isomerase B
M6312_00430	CDS	132				hypothetical protein
M6312_00431	CDS	348				hypothetical protein
M6312_00432	CDS	711				hypothetical protein
M6312_00433	CDS	870	glyA_1	2.1.2.1	COG0112	Serine hydroxymethyltransferase
M6312_00434	CDS	327	glyA_2	2.1.2.1	COG0112	Serine hydroxymethyltransferase
M6312_00435	CDS	333	groS			10 kDa chaperonin
M6312_00436	CDS	1632	groL			60 kDa chaperonin
M6312_00437	CDS	1056	pepA_1	3.4.11.10		cytosol aminopeptidase
M6312_00438	CDS	234	pepA_2	3.4.11.10		cytosol aminopeptidase
M6312_00439	CDS	294				hypothetical protein
M6312_00440	CDS	681				hypothetical protein
M6312_00441	CDS	348				hypothetical protein
M6312_00442	CDS	111				hypothetical protein
M6312_00443	CDS	195				hypothetical protein
M6312_00444	CDS	324	ybeY	3.1.-.-		Endoribonuclease YbeY
M6312_00445	CDS	480	era_1			GTPase Era
M6312_00446	CDS	204	era_2			GTPase Era
M6312_00447	CDS	495				Protein P200
M6312_00448	CDS	168				hypothetical protein
M6312_00449	CDS	2406				hypothetical protein
M6312_00450	CDS	270				hypothetical protein
M6312_00451	CDS	108				hypothetical protein
M6312_00452	CDS	447				hypothetical protein
M6312_00453	CDS	177				hypothetical protein
M6312_00454	CDS	981	obg	3.6.5.-	COG0536	GTPase Obg
M6312_00455	CDS	444	nadE	6.3.1.5	COG0171	NH(3)-dependent NAD(+) synthetase
M6312_00456	CDS	156				hypothetical protein
M6312_00457	CDS	204	udk	2.7.1.48	COG0572	Uridine kinase
M6312_00458	tRNA	76				tRNA-Arg(tct)
M6312_00459	CDS	345				hypothetical protein
M6312_00460	CDS	579	rsmG	2.1.1.170		Ribosomal RNA small subunit methyltransferase G
M6312_00461	CDS	534	mnmG_1			tRNA uridine 5-carboxymethylaminomethyl modification enzyme MnmG
M6312_00462	CDS	1305	mnmG_2			tRNA uridine 5-carboxymethylaminomethyl modification enzyme MnmG
M6312_00463	CDS	180				hypothetical protein
M6312_00464	CDS	453	argS_1	6.1.1.19	COG0018	Arginine--tRNA ligase
M6312_00465	CDS	177				hypothetical protein
M6312_00466	CDS	441	argS_2	6.1.1.19	COG0018	Arginine--tRNA ligase
M6312_00467	CDS	381				putative protein MG377 
M6312_00468	CDS	159				putative protein MG377 
M6312_00469	CDS	150				putative protein MG376 
M6312_00470	CDS	318				hypothetical protein
M6312_00471	CDS	183	thrS_1	6.1.1.3		Threonine--tRNA ligase
M6312_00472	CDS	477	thrS_2	6.1.1.3		Threonine--tRNA ligase
M6312_00473	CDS	585	thrS_3	6.1.1.3		Threonine--tRNA ligase
M6312_00474	CDS	129				hypothetical protein
M6312_00475	CDS	357				hypothetical protein
M6312_00476	CDS	168				hypothetical protein
M6312_00477	CDS	360				hypothetical protein
M6312_00478	CDS	162				hypothetical protein
M6312_00479	CDS	1158	thiI	2.8.1.4	COG0301	putative tRNA sulfurtransferase
M6312_00480	CDS	378	nrnA_1	3.1.-.-	COG0618	Bifunctional oligoribonuclease and PAP phosphatase NrnA
M6312_00481	CDS	99				hypothetical protein
M6312_00482	CDS	255				hypothetical protein
M6312_00483	CDS	120				hypothetical protein
M6312_00484	CDS	594	rluC	5.4.99.24	COG0564	Ribosomal large subunit pseudouridine synthase C
M6312_00485	CDS	270				hypothetical protein
M6312_00486	CDS	513				putative protein
M6312_00487	CDS	1155				putative protein
M6312_00488	CDS	987	plsX	2.3.1.274		Phosphate acyltransferase
M6312_00489	CDS	297	rnc	3.1.26.3		Ribonuclease 3
M6312_00490	CDS	123				hypothetical protein
M6312_00491	CDS	282				hypothetical protein
M6312_00492	CDS	942				hypothetical protein
M6312_00493	CDS	366	fmt	2.1.2.9		Methionyl-tRNA formyltransferase
M6312_00494	CDS	132				hypothetical protein
M6312_00495	CDS	357				hypothetical protein
M6312_00496	CDS	156				hypothetical protein
M6312_00497	CDS	267				hypothetical protein
M6312_00498	CDS	174	rpmF			50S ribosomal protein L32
M6312_00499	CDS	369	rplL			50S ribosomal protein L7/L12
M6312_00500	CDS	489	rplJ			50S ribosomal protein L10
M6312_00501	CDS	564	dinB	2.7.7.7	COG0389	DNA polymerase IV
M6312_00502	CDS	288				hypothetical protein
M6312_00503	CDS	924	ruvB	3.6.4.12	COG2255	Holliday junction ATP-dependent DNA helicase RuvB
M6312_00504	CDS	501	ruvA	3.6.4.12		Holliday junction ATP-dependent DNA helicase RuvA
M6312_00505	CDS	228				hypothetical protein
M6312_00506	CDS	210				hypothetical protein
M6312_00507	CDS	498	ackA_1	2.7.2.1	COG0282	Acetate kinase
M6312_00508	CDS	513	ackA_2	2.7.2.1	COG0282	Acetate kinase
M6312_00509	CDS	360				hypothetical protein
M6312_00510	CDS	639	clpB_1			Chaperone protein ClpB
M6312_00511	CDS	273	clpB_2			Chaperone protein ClpB
M6312_00512	CDS	885	clpB_3		COG0542	Chaperone protein ClpB
M6312_00513	CDS	414				putative protein MG354
M6312_00514	CDS	315				hypothetical protein
M6312_00515	CDS	309	recU	3.1.22.4	COG3331	Holliday junction resolvase RecU
M6312_00516	CDS	219	ppa_1	3.6.1.1	COG0221	Inorganic pyrophosphatase
M6312_00517	CDS	162	ppa_2	3.6.1.1	COG0221	Inorganic pyrophosphatase
M6312_00518	CDS	210				hypothetical protein
M6312_00519	tRNA	82				tRNA-Leu(caa)
M6312_00520	CDS	261				hypothetical protein
M6312_00521	CDS	216				hypothetical protein
M6312_00522	CDS	342				hypothetical protein
M6312_00523	CDS	243				hypothetical protein
M6312_00524	CDS	117				hypothetical protein
M6312_00525	tRNA	88				tRNA-Leu(gag)
M6312_00526	CDS	246				hypothetical protein
M6312_00527	CDS	522				hypothetical protein
M6312_00528	tRNA	76				tRNA-His(gtg)
M6312_00529	CDS	156				hypothetical protein
M6312_00530	CDS	342	trmB	2.1.1.33	COG0220	tRNA (guanine-N(7)-)-methyltransferase
M6312_00531	CDS	114				hypothetical protein
M6312_00532	CDS	168	trmL	2.1.1.207	COG0219	tRNA (cytidine(34)-2'-O)-methyltransferase
M6312_00533	CDS	366	ileS_1	6.1.1.5		Isoleucine--tRNA ligase
M6312_00534	CDS	273	ileS_2	6.1.1.5		Isoleucine--tRNA ligase
M6312_00535	CDS	246	ileS_3	6.1.1.5		Isoleucine--tRNA ligase
M6312_00536	CDS	138				hypothetical protein
M6312_00537	CDS	216				hypothetical protein
M6312_00538	CDS	210				hypothetical protein
M6312_00539	CDS	285				hypothetical protein
M6312_00540	CDS	240				hypothetical protein
M6312_00541	CDS	396				hypothetical protein
M6312_00542	CDS	183				hypothetical protein
M6312_00543	CDS	507				hypothetical protein
M6312_00544	CDS	2697	rpoB_1	2.7.7.6		DNA-directed RNA polymerase subunit beta
M6312_00545	CDS	1077	rpoB_2	2.7.7.6	COG0085	DNA-directed RNA polymerase subunit beta
M6312_00546	CDS	270	rpoB_3	2.7.7.6	COG0085	DNA-directed RNA polymerase subunit beta
M6312_00547	CDS	99				hypothetical protein
M6312_00548	CDS	2046	rpoC_1	2.7.7.6	COG0086	DNA-directed RNA polymerase subunit beta'
M6312_00549	CDS	1524	rpoC_2	2.7.7.6	COG0086	DNA-directed RNA polymerase subunit beta'
M6312_00550	CDS	375				hypothetical protein
M6312_00551	CDS	999				hypothetical protein
M6312_00552	CDS	144				hypothetical protein
M6312_00553	CDS	276	mgpA_2			Adhesin P1
M6312_00554	CDS	144	mgpA_3			Adhesin P1
M6312_00555	CDS	156				hypothetical protein
M6312_00556	CDS	273	mgpA_4			Adhesin P1
M6312_00557	CDS	342	mgpA_5			Adhesin P1
M6312_00558	CDS	153	mgpA_6			Adhesin P1
M6312_00559	CDS	531	mgpA_7			Adhesin P1
M6312_00560	CDS	768	nrnA_2	3.1.-.-		Bifunctional oligoribonuclease and PAP phosphatase NrnA
M6312_00561	CDS	198				hypothetical protein
M6312_00562	CDS	201				hypothetical protein
M6312_00563	CDS	156				hypothetical protein
M6312_00564	CDS	198				hypothetical protein
M6312_00565	CDS	564	araP		COG1175	L-arabinose transport system permease protein AraP
M6312_00566	CDS	282				hypothetical protein
M6312_00567	CDS	219				Putative ABC transporter ATP-binding protein MG187 
M6312_00568	CDS	705				Putative ABC transporter ATP-binding protein MG187 
M6312_00569	CDS	294				Putative ABC transporter ATP-binding protein MG187 
M6312_00570	CDS	330				Putative ABC transporter ATP-binding protein MG187 
M6312_00571	CDS	273				putative lipoprotein MG186 
M6312_00572	CDS	177				hypothetical protein
M6312_00573	CDS	159				hypothetical protein
M6312_00574	CDS	300				hypothetical protein
M6312_00575	CDS	177				hypothetical protein
M6312_00576	CDS	225	mgpA_8			Adhesin P1
M6312_00577	CDS	366				hypothetical protein
M6312_00578	CDS	1185				hypothetical protein
M6312_00579	CDS	165				hypothetical protein
M6312_00580	CDS	627				hypothetical protein
M6312_00581	CDS	195				hypothetical protein
M6312_00582	CDS	750				hypothetical protein
M6312_00583	CDS	645	pepF1	3.4.24.-		Oligoendopeptidase F, plasmid
M6312_00584	CDS	357				hypothetical protein
M6312_00585	CDS	645				hypothetical protein
M6312_00586	CDS	645	truA	5.4.99.12	COG0101	tRNA pseudouridine synthase A
M6312_00587	CDS	417	ecfT_1			Energy-coupling factor transporter transmembrane protein EcfT
M6312_00588	CDS	462				hypothetical protein
M6312_00589	CDS	336	ecfT_2			Energy-coupling factor transporter transmembrane protein EcfT
M6312_00590	CDS	915	ecfA2	3.6.3.-		Energy-coupling factor transporter ATP-binding protein EcfA2
M6312_00591	CDS	813	ecfA1_1	7.-.-.-	COG1122	Energy-coupling factor transporter ATP-binding protein EcfA1
M6312_00592	CDS	327	rplQ		COG0203	50S ribosomal protein L17
M6312_00593	CDS	582	rpoA_1	2.7.7.6	COG0202	DNA-directed RNA polymerase subunit alpha
M6312_00594	CDS	330	rpoA_2	2.7.7.6		DNA-directed RNA polymerase subunit alpha
M6312_00595	CDS	180	rpsK		COG0100	30S ribosomal protein S11
M6312_00596	CDS	258	rpsM			30S ribosomal protein S13
M6312_00597	CDS	213	infA			Translation initiation factor IF-1
M6312_00598	CDS	747	map	3.4.11.18	COG0024	Methionine aminopeptidase 1
M6312_00599	CDS	645	adk	2.7.4.3		Adenylate kinase
M6312_00600	CDS	1428	secY			Protein translocase subunit SecY
M6312_00601	CDS	453	rplO			50S ribosomal protein L15
M6312_00602	CDS	636				hypothetical protein
M6312_00603	CDS	348	rplR		COG0256	50S ribosomal protein L18
M6312_00604	CDS	462	rplF		COG0097	50S ribosomal protein L6
M6312_00605	CDS	426	rpsH		COG0096	30S ribosomal protein S8
M6312_00606	CDS	183	rpsN1		COG0199	30S ribosomal protein S14
M6312_00607	CDS	291	rplE			50S ribosomal protein L5
M6312_00608	CDS	327	rplX		COG0198	50S ribosomal protein L24
M6312_00609	CDS	369	rplN			50S ribosomal protein L14
M6312_00610	CDS	225	rpsQ			30S ribosomal protein S17
M6312_00611	CDS	195				hypothetical protein
M6312_00612	CDS	174	rplP_1		COG0197	50S ribosomal protein L16
M6312_00613	CDS	195	rplP_2			50S ribosomal protein L16
M6312_00614	CDS	651				hypothetical protein
M6312_00615	CDS	435				hypothetical protein
M6312_00616	CDS	264	rpsS			30S ribosomal protein S19
M6312_00617	CDS	858	rplB			50S ribosomal protein L2
M6312_00618	CDS	321	rplW			50S ribosomal protein L23
M6312_00619	CDS	636	rplD		COG0088	50S ribosomal protein L4
M6312_00620	CDS	378				hypothetical protein
M6312_00621	CDS	378	rplC		COG0087	50S ribosomal protein L3
M6312_00622	CDS	321	rpsJ			30S ribosomal protein S10
M6312_00623	CDS	156				hypothetical protein
M6312_00624	CDS	93				hypothetical protein
M6312_00625	CDS	720				hypothetical protein
M6312_00626	CDS	465				hypothetical protein
M6312_00627	CDS	255				hypothetical protein
M6312_00628	CDS	153				hypothetical protein
M6312_00629	CDS	252				hypothetical protein
M6312_00630	CDS	654				hypothetical protein
M6312_00631	CDS	177				hypothetical protein
M6312_00632	CDS	396				hypothetical protein
M6312_00633	CDS	201				hypothetical protein
M6312_00634	CDS	126				hypothetical protein
M6312_00635	CDS	810	ribF		COG0196	Bifunctional riboflavin kinase/FMN adenylyltransferase
M6312_00636	CDS	159				hypothetical protein
M6312_00637	CDS	108				hypothetical protein
M6312_00638	CDS	426				hypothetical protein
M6312_00639	CDS	339	rbfA			Ribosome-binding factor A
M6312_00640	CDS	1860	infB			Translation initiation factor IF-2
M6312_00641	CDS	273				hypothetical protein
M6312_00642	CDS	399	nusA_1			Transcription termination/antitermination protein NusA
M6312_00643	CDS	390	nusA_2			Transcription termination/antitermination protein NusA
M6312_00644	CDS	684	nusA_3			Transcription termination/antitermination protein NusA
M6312_00645	CDS	579				hypothetical protein
M6312_00646	CDS	135				hypothetical protein
M6312_00647	CDS	693				hypothetical protein
M6312_00648	CDS	321				hypothetical protein
M6312_00649	CDS	852				hypothetical protein
M6312_00650	CDS	291				hypothetical protein
M6312_00651	CDS	390				hypothetical protein
M6312_00652	rRNA	74				5S ribosomal RNA (partial)
M6312_00653	rRNA	2907				23S ribosomal RNA
M6312_00654	rRNA	1514				16S ribosomal RNA
M6312_00655	CDS	174				hypothetical protein
M6312_00656	CDS	174				hypothetical protein
M6312_00657	CDS	399	mgpA_9			Adhesin P1
M6312_00658	CDS	354				hypothetical protein
M6312_00659	tRNA	75				tRNA-SeC(tca)
M6312_00660	CDS	513				hypothetical protein
M6312_00661	CDS	159				hypothetical protein
M6312_00662	CDS	210				hypothetical protein
M6312_00663	CDS	138				hypothetical protein
M6312_00664	CDS	234				hypothetical protein
M6312_00665	CDS	141				hypothetical protein
M6312_00666	CDS	822	proS	6.1.1.15	COG0442	Proline--tRNA ligase
M6312_00667	CDS	327				hypothetical protein
M6312_00668	CDS	135				hypothetical protein
M6312_00669	CDS	486	greA		COG0782	Transcription elongation factor GreA
M6312_00670	tRNA	87				tRNA-Tyr(gta)
M6312_00671	tRNA	75				tRNA-Gln(ttg)
M6312_00672	tRNA	75				tRNA-Lys(ttt)
M6312_00673	tRNA	86				tRNA-Leu(taa)
M6312_00674	tRNA	74				tRNA-Gly(tcc)
M6312_00675	CDS	657				putative protein MG281
M6312_00676	CDS	831				putative protein MG281
M6312_00677	CDS	798				hypothetical protein
M6312_00678	CDS	657				hypothetical protein
M6312_00679	CDS	195				hypothetical protein
M6312_00680	CDS	144				hypothetical protein
M6312_00681	CDS	258				hypothetical protein
M6312_00682	CDS	1389				hypothetical protein
M6312_00683	CDS	309				hypothetical protein
M6312_00684	CDS	456				hypothetical protein
M6312_00685	CDS	435				hypothetical protein
M6312_00686	CDS	687				hypothetical protein
M6312_00687	CDS	543	apt	2.4.2.7	COG0503	Adenine phosphoribosyltransferase
M6312_00688	CDS	345	nox	1.6.99.3	COG0446	NADH oxidase
M6312_00689	CDS	1083		1.6.99.3		putative NADH oxidase
M6312_00690	CDS	171	pdhA_1	1.2.4.1		Pyruvate dehydrogenase E1 component subunit alpha
M6312_00691	CDS	153	pdhA_2	1.2.4.1		Pyruvate dehydrogenase E1 component subunit alpha
M6312_00692	CDS	111	pdhA_3	1.2.4.1		Pyruvate dehydrogenase E1 component subunit alpha
M6312_00693	CDS	372	pdhA_4	1.2.4.1		Pyruvate dehydrogenase E1 component subunit alpha
M6312_00694	CDS	732	pdhB_1	1.2.4.1		Pyruvate dehydrogenase E1 component subunit beta
M6312_00695	CDS	225	pdhB_2	1.2.4.1		Pyruvate dehydrogenase E1 component subunit beta
M6312_00696	CDS	1155	pdhC	2.3.1.12		Dihydrolipoyllysine-residue acetyltransferase component of pyruvate dehydrogenase complex
M6312_00697	CDS	237	pdhD_1	1.8.1.4		Dihydrolipoyl dehydrogenase
M6312_00698	CDS	1014	pdhD_2	1.8.1.4		Dihydrolipoyl dehydrogenase
M6312_00699	CDS	522	lplA	6.3.1.20	COG0095	Lipoate-protein ligase A
M6312_00700	CDS	111				hypothetical protein
M6312_00701	CDS	387				hypothetical protein
M6312_00702	CDS	1023				hypothetical protein
M6312_00703	CDS	378				hypothetical protein
M6312_00704	CDS	201				hypothetical protein
M6312_00705	CDS	123				hypothetical protein
M6312_00706	CDS	186	leuS_1	6.1.1.4		Leucine--tRNA ligase
M6312_00707	CDS	489	leuS_2	6.1.1.4	COG0495	Leucine--tRNA ligase
M6312_00708	CDS	204	leuS_3	6.1.1.4		Leucine--tRNA ligase
M6312_00709	CDS	522	leuS_4	6.1.1.4		Leucine--tRNA ligase
M6312_00710	CDS	837	yitU	3.1.3.104	COG0561	5-amino-6-(5-phospho-D-ribitylamino)uracil phosphatase YitU
M6312_00711	CDS	219				hypothetical protein
M6312_00712	CDS	279	coaE	2.7.1.24	COG0237	Dephospho-CoA kinase
M6312_00713	CDS	198				hypothetical protein
M6312_00714	CDS	147				hypothetical protein
M6312_00715	CDS	855	mutM	3.2.2.23	COG0266	Formamidopyrimidine-DNA glycosylase
M6312_00716	CDS	756	polA	2.7.7.7		DNA polymerase I
M6312_00717	CDS	174				hypothetical protein
M6312_00718	CDS	444	dnaE	2.7.7.7	COG0587	DNA polymerase III subunit alpha
M6312_00719	CDS	1113	dnaE2_1	2.7.7.7		Error-prone DNA polymerase
M6312_00720	CDS	363	dnaE2_2	2.7.7.7		Error-prone DNA polymerase
M6312_00721	CDS	231				putative protein MPN_377
M6312_00722	tRNA	77				tRNA-Arg(tcg)
M6312_00723	CDS	273				hypothetical protein
M6312_00724	CDS	165				hypothetical protein
M6312_00725	CDS	177				hypothetical protein
M6312_00726	CDS	243				hypothetical protein
M6312_00727	CDS	132				hypothetical protein
M6312_00728	CDS	351				hypothetical protein
M6312_00729	CDS	1146				hypothetical protein
M6312_00730	CDS	636				hypothetical protein
M6312_00731	CDS	432				hypothetical protein
M6312_00732	CDS	276	prmC	2.1.1.297		Release factor glutamine methyltransferase
M6312_00733	CDS	126				hypothetical protein
M6312_00734	CDS	606	prfA_1		COG0216	Peptide chain release factor 1
M6312_00735	CDS	441	prfA_2			Peptide chain release factor 1
M6312_00736	CDS	294				hypothetical protein
M6312_00737	CDS	141				hypothetical protein
M6312_00738	tRNA	76				tRNA-Trp(cca)
M6312_00739	tRNA	75				tRNA-Arg(cct)
M6312_00740	CDS	741				hypothetical protein
M6312_00741	CDS	294				hypothetical protein
M6312_00742	tRNA	74				tRNA-Gly(gcc)
M6312_00743	CDS	714	ligA_1	6.5.1.2	COG0272	DNA ligase
M6312_00744	CDS	1197	ligA_2	6.5.1.2	COG0272	DNA ligase
M6312_00745	CDS	540	cysS_1	6.1.1.16	COG0215	Cysteine--tRNA ligase
M6312_00746	CDS	261	cysS_2	6.1.1.16	COG0215	Cysteine--tRNA ligase
M6312_00747	CDS	168				hypothetical protein
M6312_00748	CDS	306		2.1.1.-		Putative TrmH family tRNA/rRNA methyltransferase
M6312_00749	CDS	228	glyQS_1	6.1.1.14	COG0423	Glycine--tRNA ligase
M6312_00750	CDS	438	glyQS_2	6.1.1.14	COG0423	Glycine--tRNA ligase
M6312_00751	CDS	309	glyQS_3	6.1.1.14		Glycine--tRNA ligase
M6312_00752	CDS	174	glyQS_4	6.1.1.14		Glycine--tRNA ligase
M6312_00753	CDS	243	dnaG_1	2.7.7.-	COG0358	DNA primase
M6312_00754	CDS	630	dnaG_2	2.7.7.-	COG0358	DNA primase
M6312_00755	CDS	201				hypothetical protein
M6312_00756	CDS	126				hypothetical protein
M6312_00757	CDS	135				hypothetical protein
M6312_00758	CDS	366				hypothetical protein
M6312_00759	CDS	405	rpoD			RNA polymerase sigma factor RpoD
M6312_00760	CDS	516	sigA		COG0568	RNA polymerase sigma factor SigA
M6312_00761	CDS	657				hypothetical protein
M6312_00762	CDS	237	plsY	2.3.1.275		Glycerol-3-phosphate acyltransferase
M6312_00763	CDS	186				hypothetical protein
M6312_00764	CDS	645		3.1.-.-		Putative phosphatase/phosphodiesterase MPN_349
M6312_00765	CDS	156		3.1.-.-		Putative phosphatase/phosphodiesterase MPN_349
M6312_00766	CDS	498		6.3.3.2		5-formyltetrahydrofolate cyclo-ligase
M6312_00767	CDS	558	pcrA_1	3.6.4.12		ATP-dependent DNA helicase PcrA
M6312_00768	CDS	360				hypothetical protein
M6312_00769	CDS	765	pcrA_2	3.6.4.12		ATP-dependent DNA helicase PcrA
M6312_00770	CDS	372				hypothetical protein
M6312_00771	CDS	294				hypothetical protein
M6312_00772	CDS	165				hypothetical protein
M6312_00773	CDS	117				hypothetical protein
M6312_00774	CDS	219				hypothetical protein
M6312_00775	CDS	681				hypothetical protein
M6312_00776	CDS	489				hypothetical protein
M6312_00777	CDS	486				hypothetical protein
M6312_00778	CDS	105				hypothetical protein
M6312_00779	CDS	459				hypothetical protein
M6312_00780	CDS	345	nadD	2.7.7.18	COG1057	putative nicotinate-nucleotide adenylyltransferase
M6312_00781	CDS	402				hypothetical protein
M6312_00782	CDS	219				hypothetical protein
M6312_00783	CDS	1266	lon1_1	3.4.21.53	COG0466	Lon protease 1
M6312_00784	CDS	978	lon1_2	3.4.21.53	COG0466	Lon protease 1
M6312_00785	CDS	1224	tig	5.2.1.8	COG0544	Trigger factor
M6312_00786	CDS	885				putative protein MG237 
M6312_00787	CDS	423				hypothetical protein
M6312_00788	CDS	846	nfo	3.1.21.2	COG0648	putative endonuclease 4
M6312_00789	CDS	315	rpmA		COG0211	50S ribosomal protein L27
M6312_00790	CDS	300				hypothetical protein
M6312_00791	CDS	303	rplU		COG0261	50S ribosomal protein L21
M6312_00792	CDS	459	nrdE	1.17.4.1	COG0209	Ribonucleoside-diphosphate reductase subunit alpha
M6312_00793	CDS	1629	nrdE2	1.17.4.1	COG0209	Ribonucleoside-diphosphate reductase subunit alpha 2
M6312_00794	CDS	462	nrdI		COG1780	Protein NrdI
M6312_00795	CDS	672	nrdF	1.17.4.1	COG0208	Ribonucleoside-diphosphate reductase 2 subunit beta
M6312_00796	CDS	132				hypothetical protein
M6312_00797	CDS	192				hypothetical protein
M6312_00798	CDS	231	dhfR	1.5.1.3	COG0262	Dihydrofolate reductase
M6312_00799	CDS	372	thyA	2.1.1.45	COG0207	Thymidylate synthase
M6312_00800	CDS	183	thyA2	2.1.1.45	COG0207	Thymidylate synthase 2
M6312_00801	CDS	96				hypothetical protein
M6312_00802	CDS	126				hypothetical protein
M6312_00803	CDS	1278				hypothetical protein
M6312_00804	CDS	966				hypothetical protein
M6312_00805	CDS	174				hypothetical protein
M6312_00806	CDS	288				hypothetical protein
M6312_00807	CDS	171				hypothetical protein
M6312_00808	CDS	891	ftsZ			Cell division protein FtsZ
M6312_00809	CDS	1236				hypothetical protein
M6312_00810	CDS	930	rsmH	2.1.1.199	COG0275	Ribosomal RNA small subunit methyltransferase H
M6312_00811	CDS	465	mraZ			Transcriptional regulator MraZ
M6312_00812	tRNA	77				tRNA-Arg(gcg)
M6312_00813	CDS	204				hypothetical protein
M6312_00814	CDS	447				hypothetical protein
M6312_00815	CDS	312				putative protein MG218.1
M6312_00816	CDS	696				putative protein MG218.1
M6312_00817	CDS	477	hmw2_1			Cytadherence high molecular weight protein 2
M6312_00818	CDS	942	hmw2_2			Cytadherence high molecular weight protein 2
M6312_00819	CDS	3153	hmw2_3			Cytadherence high molecular weight protein 2
M6312_00820	CDS	93				hypothetical protein
M6312_00821	CDS	1002				hypothetical protein
M6312_00822	tRNA	76				tRNA-Phe(gaa)
M6312_00823	tRNA	74				tRNA-Asp(gtc)
M6312_00824	tRNA	77				tRNA-Met(cat)
M6312_00825	tRNA	92				tRNA-Ser(tga)
M6312_00826	tRNA	77				tRNA-Met(cat)
M6312_00827	tRNA	77				tRNA-Met(cat)
M6312_00828	tRNA	77				tRNA-Pro(tgg)
M6312_00829	tRNA	77				tRNA-Cys(gca)
M6312_00830	CDS	294	pyk_1	2.7.1.40		Pyruvate kinase
M6312_00831	CDS	864	pyk_2	2.7.1.40		Pyruvate kinase
M6312_00832	CDS	468	pfkA_1	2.7.1.11		ATP-dependent 6-phosphofructokinase
M6312_00833	CDS	420	pfkA_2	2.7.1.11	COG0205	ATP-dependent 6-phosphofructokinase isozyme 1
M6312_00834	CDS	624	scpB		COG1386	Segregation and condensation protein B
M6312_00835	CDS	885	scpA			Segregation and condensation protein A
M6312_00836	CDS	189				hypothetical protein
M6312_00837	CDS	588				hypothetical protein
M6312_00838	CDS	195				hypothetical protein
M6312_00839	CDS	117				hypothetical protein
M6312_00840	CDS	399				hypothetical protein
M6312_00841	CDS	189				hypothetical protein
M6312_00842	CDS	246				hypothetical protein
M6312_00843	CDS	339	lspA	3.4.23.36		Lipoprotein signal peptidase
M6312_00844	CDS	927	rluD	5.4.99.23	COG0564	Ribosomal large subunit pseudouridine synthase D
M6312_00845	CDS	591				hypothetical protein
M6312_00846	CDS	345		3.1.4.-		Putative metallophosphoesterase MG207 
M6312_00847	CDS	159		3.1.4.-		Putative metallophosphoesterase MG207 
M6312_00848	CDS	1461	uvrC		COG0322	UvrABC system protein C
M6312_00849	CDS	795	hrcA_1		COG1420	Heat-inducible transcription repressor HrcA
M6312_00850	CDS	231	hrcA_2			Heat-inducible transcription repressor HrcA
M6312_00851	CDS	2013	parC	5.6.2.2	COG0188	DNA topoisomerase 4 subunit A
M6312_00852	CDS	288	gyrA_2	5.6.2.2	COG0188	Type 2 topoisomerase subunit A
M6312_00853	CDS	147	parE_1	5.6.2.2	COG0187	DNA topoisomerase 4 subunit B
M6312_00854	CDS	1746	parE_2	5.6.2.2	COG0187	DNA topoisomerase 4 subunit B
M6312_00855	tRNA	74				tRNA-Thr(ggt)
M6312_00856	CDS	369				hypothetical protein
M6312_00857	CDS	201	grpE_1			Protein GrpE
M6312_00858	CDS	453	grpE_2			Protein GrpE
M6312_00859	CDS	966				DnaJ-like protein MG200
M6312_00860	CDS	567				DnaJ-like protein MG200
M6312_00861	CDS	708	rnhC	3.1.26.4	COG1039	Ribonuclease HIII
M6312_00862	CDS	375	rplT			50S ribosomal protein L20
M6312_00863	CDS	180	rpmI			50S ribosomal protein L35
M6312_00864	CDS	546	infC			Translation initiation factor IF-3
M6312_00865	CDS	150				hypothetical protein
M6312_00866	CDS	402				hypothetical protein
M6312_00867	CDS	384				hypothetical protein
M6312_00868	CDS	645	pheT_1	6.1.1.20		Phenylalanine--tRNA ligase beta subunit
M6312_00869	CDS	228				hypothetical protein
M6312_00870	CDS	474	pheT_2	6.1.1.20		Phenylalanine--tRNA ligase beta subunit
M6312_00871	CDS	153	pheS_1	6.1.1.20		Phenylalanine--tRNA ligase alpha subunit
M6312_00872	CDS	561	pheS_2	6.1.1.20		Phenylalanine--tRNA ligase alpha subunit
M6312_00873	CDS	177				hypothetical protein
M6312_00874	CDS	381				hypothetical protein
M6312_00875	CDS	288				hypothetical protein
M6312_00876	CDS	357				hypothetical protein
M6312_00877	CDS	1245				Mgp-operon protein 3
M6312_00878	CDS	249				Mgp-operon protein 3
M6312_00879	CDS	135				hypothetical protein
M6312_00880	CDS	264				hypothetical protein
M6312_00881	CDS	144				hypothetical protein
M6312_00882	CDS	273				hypothetical protein
M6312_00883	CDS	384				hypothetical protein
M6312_00884	CDS	453				High affinity transport system protein p37
M6312_00885	CDS	213				High affinity transport system protein p37
M6312_00886	CDS	192				High affinity transport system protein p37
M6312_00887	CDS	333	fetA	3.6.3.-	COG4619	putative iron export ATP-binding protein FetA
M6312_00888	CDS	183				hypothetical protein
M6312_00889	CDS	198				hypothetical protein
M6312_00890	CDS	159				hypothetical protein
M6312_00891	CDS	495				hypothetical protein
M6312_00892	CDS	258				hypothetical protein
M6312_00893	CDS	417	yrrK	3.1.-.-	COG0816	Putative pre-16S rRNA nuclease
M6312_00894	CDS	504				hypothetical protein
M6312_00895	CDS	288	alaS_1	6.1.1.7	COG0013	Alanine--tRNA ligase
M6312_00896	CDS	399				hypothetical protein
M6312_00897	CDS	435	alaS_2	6.1.1.7	COG0013	Alanine--tRNA ligase
M6312_00898	CDS	183	alaS_3	6.1.1.7	COG0013	Alanine--tRNA ligase
M6312_00899	CDS	576	glpQ	3.1.4.46	COG0584	Glycerophosphodiester phosphodiesterase
M6312_00900	CDS	183				hypothetical protein
M6312_00901	CDS	432				hypothetical protein
M6312_00902	CDS	219				hypothetical protein
M6312_00903	CDS	309				hypothetical protein
M6312_00904	CDS	237	mnmA_1	2.8.1.13		tRNA-specific 2-thiouridylase MnmA
M6312_00905	CDS	306	mnmA_2	2.8.1.13		tRNA-specific 2-thiouridylase MnmA
M6312_00906	CDS	273	mnmA_3	2.8.1.13	COG0482	tRNA-specific 2-thiouridylase MnmA
M6312_00907	CDS	390				putative protein MG296 
M6312_00908	CDS	333	ftsY_1		COG0552	Signal recognition particle receptor FtsY
M6312_00909	CDS	558	ftsY_2		COG0552	Signal recognition particle receptor FtsY
M6312_00910	CDS	837	smc_1		COG1196	Chromosome partition protein Smc
M6312_00911	CDS	1335	smc_2			Chromosome partition protein Smc
M6312_00912	CDS	339				hypothetical protein
M6312_00913	CDS	450	smc_3		COG1196	Chromosome partition protein Smc
M6312_00914	CDS	654				hypothetical protein
M6312_00915	CDS	111	pgk_1	2.7.2.3		Phosphoglycerate kinase
M6312_00916	CDS	993	pgk_2	2.7.2.3	COG0126	Phosphoglycerate kinase
M6312_00917	CDS	1014	gapA	1.2.1.12		Glyceraldehyde-3-phosphate dehydrogenase
M6312_00918	CDS	333	ykoC			Putative HMP/thiamine permease protein YkoC
M6312_00919	CDS	144				hypothetical protein
M6312_00920	CDS	1074	btuD_4	7.6.2.8		Vitamin B12 import ATP-binding protein BtuD
M6312_00921	CDS	813	ecfA1_2	7.-.-.-	COG1122	Energy-coupling factor transporter ATP-binding protein EcfA1
M6312_00922	CDS	1728	dnaK		COG0443	Chaperone protein DnaK
M6312_00923	CDS	264				hypothetical protein
M6312_00924	CDS	273				hypothetical protein
M6312_00925	CDS	1059				hypothetical protein
M6312_00926	CDS	708				hypothetical protein
M6312_00927	CDS	432				hypothetical protein
M6312_00928	CDS	225				hypothetical protein
M6312_00929	CDS	420				hypothetical protein
M6312_00930	CDS	168				hypothetical protein
M6312_00931	CDS	417	cshB	3.6.4.13	COG0513	DEAD-box ATP-dependent RNA helicase CshB
M6312_00932	CDS	810				hypothetical protein
M6312_00933	CDS	132				hypothetical protein
M6312_00934	CDS	1326				hypothetical protein
M6312_00935	CDS	363				hypothetical protein
M6312_00936	CDS	216				hypothetical protein
M6312_00937	CDS	414				hypothetical protein
M6312_00938	CDS	597	rpsD			30S ribosomal protein S4
M6312_00939	CDS	2136				hypothetical protein
M6312_00940	CDS	396				hypothetical protein
M6312_00941	CDS	342	hmw1			Cytadherence high molecular weight protein 1
M6312_00942	CDS	714				hypothetical protein
M6312_00943	CDS	114				hypothetical protein
M6312_00944	CDS	189				hypothetical protein
M6312_00945	CDS	435				hypothetical protein
M6312_00946	CDS	594				hypothetical protein
M6312_00947	CDS	465				hypothetical protein
M6312_00948	CDS	330				hypothetical protein
M6312_00949	CDS	372				hypothetical protein
M6312_00950	CDS	471				hypothetical protein
M6312_00951	CDS	1143				hypothetical protein
M6312_00952	CDS	345				hypothetical protein
M6312_00953	CDS	210				hypothetical protein
M6312_00954	CDS	204				hypothetical protein
M6312_00955	CDS	537				hypothetical protein
M6312_00956	CDS	252				hypothetical protein
M6312_00957	CDS	453				hypothetical protein
M6312_00958	tRNA	91				tRNA-Ser(gga)
M6312_00959	tRNA	89				tRNA-Ser(cga)
M6312_00960	CDS	405				putative lipoprotein MG321 
M6312_00961	CDS	1023				putative lipoprotein MG321 
M6312_00962	tRNA	85				tRNA-Leu(tag)
M6312_00963	tRNA	76				tRNA-Lys(ctt)
M6312_00964	tRNA	76				tRNA-Thr(tgt)
M6312_00965	tRNA	76				tRNA-Val(tac)
M6312_00966	tRNA	75				tRNA-Thr(cgt)
M6312_00967	tRNA	77				tRNA-Glu(ttc)
M6312_00968	tRNA	75				tRNA-Asn(gtt)
M6312_00969	CDS	1311	ktrB		COG0168	Ktr system potassium uptake protein B
M6312_00970	CDS	684	ktrA		COG0569	Ktr system potassium uptake protein A
M6312_00971	tmRNA	388	ssrA			transfer-messenger RNA, SsrA
M6312_00972	CDS	159				hypothetical protein
M6312_00973	CDS	270				hypothetical protein
M6312_00974	CDS	648	ypdF	3.4.11.-	COG0006	Aminopeptidase YpdF
M6312_00975	CDS	168				hypothetical protein
M6312_00976	CDS	102				hypothetical protein
M6312_00977	CDS	162	rpmGA			50S ribosomal protein L33 1
M6312_00978	CDS	495				hypothetical protein
M6312_00979	CDS	393				hypothetical protein
M6312_00980	CDS	807	menH	4.2.99.20		2-succinyl-6-hydroxy-2,4-cyclohexadiene-1-carboxylate synthase
M6312_00981	CDS	471				hypothetical protein
M6312_00982	CDS	1386				hypothetical protein
M6312_00983	CDS	1347	der		COG1160	GTPase Der
M6312_00984	CDS	447	cmk	2.7.4.25	COG0283	Cytidylate kinase
M6312_00985	CDS	210				hypothetical protein
M6312_00986	CDS	198				hypothetical protein
M6312_00987	CDS	102				hypothetical protein
M6312_00988	CDS	720			COG0217	putative transcriptional regulatory protein
M6312_00989	CDS	138				hypothetical protein
M6312_00990	CDS	165	azoR	1.7.1.17		FMN-dependent NADH-azoreductase
M6312_00991	CDS	123				hypothetical protein
M6312_00992	CDS	234	valS_1	6.1.1.9		Valine--tRNA ligase
M6312_00993	CDS	162	valS_2	6.1.1.9		Valine--tRNA ligase
M6312_00994	CDS	189	valS_3	6.1.1.9	COG0525	Valine--tRNA ligase
M6312_00995	CDS	576	engB			GTP-binding protein EngB
M6312_00996	CDS	222				hypothetical protein
M6312_00997	CDS	513		2.4.1.-	COG0463	Processive diacylglycerol beta-glycosyltransferase
M6312_00998	CDS	207		2.4.1.-	COG0463	Processive diacylglycerol beta-glycosyltransferase
M6312_00999	CDS	384	csdA	2.8.1.7	COG0520	Cysteine desulfurase CsdA
M6312_01000	CDS	456	sufS	4.4.1.16		Cysteine desulfurase
M6312_01001	CDS	417				hypothetical protein
M6312_01002	CDS	177				hypothetical protein
M6312_01003	CDS	357				hypothetical protein
M6312_01004	CDS	258				hypothetical protein
M6312_01005	CDS	159				hypothetical protein
M6312_01006	CDS	198				hypothetical protein
M6312_01007	CDS	519				hypothetical protein
M6312_01008	CDS	306				hypothetical protein
M6312_01009	CDS	141				hypothetical protein
M6312_01010	CDS	165				hypothetical protein
M6312_01011	CDS	144				hypothetical protein
M6312_01012	CDS	204				hypothetical protein
M6312_01013	CDS	1023	recA			Protein RecA
