locus_tag	ftype	length_bp	gene	EC_number	COG	product
M6593_00001	CDS	357				hypothetical protein
M6593_00002	CDS	342	hmw1			Cytadherence high molecular weight protein 1
M6593_00003	CDS	714				hypothetical protein
M6593_00004	CDS	114				hypothetical protein
M6593_00005	CDS	189				hypothetical protein
M6593_00006	CDS	435				hypothetical protein
M6593_00007	CDS	594				hypothetical protein
M6593_00008	CDS	465				hypothetical protein
M6593_00009	CDS	330				hypothetical protein
M6593_00010	CDS	372				hypothetical protein
M6593_00011	CDS	471				hypothetical protein
M6593_00012	CDS	1143				hypothetical protein
M6593_00013	CDS	345				hypothetical protein
M6593_00014	CDS	210				hypothetical protein
M6593_00015	CDS	204				hypothetical protein
M6593_00016	CDS	537				hypothetical protein
M6593_00017	CDS	252				hypothetical protein
M6593_00018	CDS	453				hypothetical protein
M6593_00019	tRNA	91				tRNA-Ser(gga)
M6593_00020	tRNA	89				tRNA-Ser(cga)
M6593_00021	CDS	405				putative lipoprotein MG321 
M6593_00022	CDS	1023				putative lipoprotein MG321 
M6593_00023	tRNA	85				tRNA-Leu(tag)
M6593_00024	tRNA	76				tRNA-Lys(ctt)
M6593_00025	tRNA	76				tRNA-Thr(tgt)
M6593_00026	tRNA	76				tRNA-Val(tac)
M6593_00027	tRNA	75				tRNA-Thr(cgt)
M6593_00028	tRNA	77				tRNA-Glu(ttc)
M6593_00029	tRNA	75				tRNA-Asn(gtt)
M6593_00030	CDS	1311	ktrB		COG0168	Ktr system potassium uptake protein B
M6593_00031	CDS	684	ktrA		COG0569	Ktr system potassium uptake protein A
M6593_00032	tmRNA	388	ssrA			transfer-messenger RNA, SsrA
M6593_00033	CDS	159				hypothetical protein
M6593_00034	CDS	270				hypothetical protein
M6593_00035	CDS	648	ypdF	3.4.11.-	COG0006	Aminopeptidase YpdF
M6593_00036	CDS	168				hypothetical protein
M6593_00037	CDS	102				hypothetical protein
M6593_00038	CDS	162	rpmGA			50S ribosomal protein L33 1
M6593_00039	CDS	495				hypothetical protein
M6593_00040	CDS	393				hypothetical protein
M6593_00041	CDS	807	menH	4.2.99.20		2-succinyl-6-hydroxy-2,4-cyclohexadiene-1-carboxylate synthase
M6593_00042	CDS	471				hypothetical protein
M6593_00043	CDS	1386				hypothetical protein
M6593_00044	CDS	1347	der		COG1160	GTPase Der
M6593_00045	CDS	447	cmk	2.7.4.25	COG0283	Cytidylate kinase
M6593_00046	CDS	210				hypothetical protein
M6593_00047	CDS	198				hypothetical protein
M6593_00048	CDS	102				hypothetical protein
M6593_00049	CDS	720			COG0217	putative transcriptional regulatory protein
M6593_00050	CDS	138				hypothetical protein
M6593_00051	CDS	165	azoR	1.7.1.17		FMN-dependent NADH-azoreductase
M6593_00052	CDS	123				hypothetical protein
M6593_00053	CDS	234	valS_1	6.1.1.9		Valine--tRNA ligase
M6593_00054	CDS	162	valS_2	6.1.1.9		Valine--tRNA ligase
M6593_00055	CDS	189	valS_3	6.1.1.9	COG0525	Valine--tRNA ligase
M6593_00056	CDS	576	engB			GTP-binding protein EngB
M6593_00057	CDS	222				hypothetical protein
M6593_00058	CDS	513		2.4.1.-	COG0463	Processive diacylglycerol beta-glycosyltransferase
M6593_00059	CDS	207		2.4.1.-	COG0463	Processive diacylglycerol beta-glycosyltransferase
M6593_00060	CDS	384	csdA	2.8.1.7	COG0520	Cysteine desulfurase CsdA
M6593_00061	CDS	456	sufS	4.4.1.16		Cysteine desulfurase
M6593_00062	CDS	417				hypothetical protein
M6593_00063	CDS	177				hypothetical protein
M6593_00064	CDS	357				hypothetical protein
M6593_00065	CDS	258				hypothetical protein
M6593_00066	CDS	159				hypothetical protein
M6593_00067	CDS	198				hypothetical protein
M6593_00068	CDS	519				hypothetical protein
M6593_00069	CDS	306				hypothetical protein
M6593_00070	CDS	141				hypothetical protein
M6593_00071	CDS	165				hypothetical protein
M6593_00072	CDS	144				hypothetical protein
M6593_00073	CDS	204				hypothetical protein
M6593_00074	CDS	1023	recA			Protein RecA
M6593_00075	CDS	177				hypothetical protein
M6593_00076	CDS	102				hypothetical protein
M6593_00077	CDS	261				Mgp-operon protein 3
M6593_00078	CDS	276				hypothetical protein
M6593_00079	CDS	180				hypothetical protein
M6593_00080	CDS	333				hypothetical protein
M6593_00081	CDS	1524	rpoC_1	2.7.7.6	COG0086	DNA-directed RNA polymerase subunit beta'
M6593_00082	CDS	2046	rpoC_2	2.7.7.6	COG0086	DNA-directed RNA polymerase subunit beta'
M6593_00083	CDS	99				hypothetical protein
M6593_00084	CDS	270	rpoB_1	2.7.7.6	COG0085	DNA-directed RNA polymerase subunit beta
M6593_00085	CDS	1077	rpoB_2	2.7.7.6	COG0085	DNA-directed RNA polymerase subunit beta
M6593_00086	CDS	2697	rpoB_3	2.7.7.6		DNA-directed RNA polymerase subunit beta
M6593_00087	CDS	507				hypothetical protein
M6593_00088	CDS	183				hypothetical protein
M6593_00089	CDS	396				hypothetical protein
M6593_00090	CDS	240				hypothetical protein
M6593_00091	CDS	285				hypothetical protein
M6593_00092	CDS	210				hypothetical protein
M6593_00093	CDS	216				hypothetical protein
M6593_00094	CDS	138				hypothetical protein
M6593_00095	CDS	246	ileS_1	6.1.1.5		Isoleucine--tRNA ligase
M6593_00096	CDS	273	ileS_2	6.1.1.5		Isoleucine--tRNA ligase
M6593_00097	CDS	366	ileS_3	6.1.1.5		Isoleucine--tRNA ligase
M6593_00098	CDS	168	trmL	2.1.1.207	COG0219	tRNA (cytidine(34)-2'-O)-methyltransferase
M6593_00099	CDS	114				hypothetical protein
M6593_00100	CDS	342	trmB	2.1.1.33	COG0220	tRNA (guanine-N(7)-)-methyltransferase
M6593_00101	CDS	156				hypothetical protein
M6593_00102	tRNA	76				tRNA-His(gtg)
M6593_00103	CDS	522				hypothetical protein
M6593_00104	CDS	246				hypothetical protein
M6593_00105	tRNA	88				tRNA-Leu(gag)
M6593_00106	CDS	117				hypothetical protein
M6593_00107	CDS	243				hypothetical protein
M6593_00108	CDS	342				hypothetical protein
M6593_00109	CDS	216				hypothetical protein
M6593_00110	CDS	261				hypothetical protein
M6593_00111	tRNA	82				tRNA-Leu(caa)
M6593_00112	CDS	210				hypothetical protein
M6593_00113	CDS	162	ppa_1	3.6.1.1	COG0221	Inorganic pyrophosphatase
M6593_00114	CDS	219	ppa_2	3.6.1.1	COG0221	Inorganic pyrophosphatase
M6593_00115	CDS	309	recU	3.1.22.4	COG3331	Holliday junction resolvase RecU
M6593_00116	CDS	315				hypothetical protein
M6593_00117	CDS	414				putative protein MG354
M6593_00118	CDS	885	clpB_1		COG0542	Chaperone protein ClpB
M6593_00119	CDS	273	clpB_2			Chaperone protein ClpB
M6593_00120	CDS	639	clpB_3			Chaperone protein ClpB
M6593_00121	CDS	360				hypothetical protein
M6593_00122	CDS	513	ackA_1	2.7.2.1	COG0282	Acetate kinase
M6593_00123	CDS	498	ackA_2	2.7.2.1	COG0282	Acetate kinase
M6593_00124	CDS	210				hypothetical protein
M6593_00125	CDS	228				hypothetical protein
M6593_00126	CDS	501	ruvA	3.6.4.12		Holliday junction ATP-dependent DNA helicase RuvA
M6593_00127	CDS	924	ruvB	3.6.4.12	COG2255	Holliday junction ATP-dependent DNA helicase RuvB
M6593_00128	CDS	288				hypothetical protein
M6593_00129	CDS	564	dinB	2.7.7.7	COG0389	DNA polymerase IV
M6593_00130	CDS	489	rplJ			50S ribosomal protein L10
M6593_00131	CDS	369	rplL			50S ribosomal protein L7/L12
M6593_00132	CDS	174	rpmF			50S ribosomal protein L32
M6593_00133	CDS	267				hypothetical protein
M6593_00134	CDS	156				hypothetical protein
M6593_00135	CDS	357				hypothetical protein
M6593_00136	CDS	132				hypothetical protein
M6593_00137	CDS	366	fmt	2.1.2.9		Methionyl-tRNA formyltransferase
M6593_00138	CDS	942				hypothetical protein
M6593_00139	CDS	282				hypothetical protein
M6593_00140	CDS	123				hypothetical protein
M6593_00141	CDS	297	rnc	3.1.26.3		Ribonuclease 3
M6593_00142	CDS	987	plsX	2.3.1.274		Phosphate acyltransferase
M6593_00143	CDS	1155				putative protein
M6593_00144	CDS	513				putative protein
M6593_00145	CDS	270				hypothetical protein
M6593_00146	CDS	594	rluC	5.4.99.24	COG0564	Ribosomal large subunit pseudouridine synthase C
M6593_00147	CDS	120				hypothetical protein
M6593_00148	CDS	255				hypothetical protein
M6593_00149	CDS	99				hypothetical protein
M6593_00150	CDS	378	nrnA_1	3.1.-.-	COG0618	Bifunctional oligoribonuclease and PAP phosphatase NrnA
M6593_00151	CDS	1158	thiI	2.8.1.4	COG0301	putative tRNA sulfurtransferase
M6593_00152	CDS	162				hypothetical protein
M6593_00153	CDS	360				hypothetical protein
M6593_00154	CDS	168				hypothetical protein
M6593_00155	CDS	357				hypothetical protein
M6593_00156	CDS	129				hypothetical protein
M6593_00157	CDS	585	thrS_1	6.1.1.3		Threonine--tRNA ligase
M6593_00158	CDS	477	thrS_2	6.1.1.3		Threonine--tRNA ligase
M6593_00159	CDS	183	thrS_3	6.1.1.3		Threonine--tRNA ligase
M6593_00160	CDS	318				hypothetical protein
M6593_00161	CDS	150				putative protein MG376 
M6593_00162	CDS	159				putative protein MG377 
M6593_00163	CDS	381				putative protein MG377 
M6593_00164	CDS	441	argS_1	6.1.1.19	COG0018	Arginine--tRNA ligase
M6593_00165	CDS	177				hypothetical protein
M6593_00166	CDS	453	argS_2	6.1.1.19	COG0018	Arginine--tRNA ligase
M6593_00167	CDS	180				hypothetical protein
M6593_00168	CDS	1305	mnmG_1			tRNA uridine 5-carboxymethylaminomethyl modification enzyme MnmG
M6593_00169	CDS	534	mnmG_2			tRNA uridine 5-carboxymethylaminomethyl modification enzyme MnmG
M6593_00170	CDS	579	rsmG	2.1.1.170		Ribosomal RNA small subunit methyltransferase G
M6593_00171	CDS	345				hypothetical protein
M6593_00172	tRNA	76				tRNA-Arg(tct)
M6593_00173	CDS	204	udk	2.7.1.48	COG0572	Uridine kinase
M6593_00174	CDS	156				hypothetical protein
M6593_00175	CDS	444	nadE	6.3.1.5	COG0171	NH(3)-dependent NAD(+) synthetase
M6593_00176	CDS	981	obg	3.6.5.-	COG0536	GTPase Obg
M6593_00177	CDS	177				hypothetical protein
M6593_00178	CDS	447				hypothetical protein
M6593_00179	CDS	108				hypothetical protein
M6593_00180	CDS	270				hypothetical protein
M6593_00181	CDS	2406				hypothetical protein
M6593_00182	CDS	168				hypothetical protein
M6593_00183	CDS	285				hypothetical protein
M6593_00184	CDS	495				Protein P200
M6593_00185	CDS	204	era_1			GTPase Era
M6593_00186	CDS	480	era_2			GTPase Era
M6593_00187	CDS	324	ybeY	3.1.-.-		Endoribonuclease YbeY
M6593_00188	CDS	195				hypothetical protein
M6593_00189	CDS	111				hypothetical protein
M6593_00190	CDS	348				hypothetical protein
M6593_00191	CDS	681				hypothetical protein
M6593_00192	CDS	294				hypothetical protein
M6593_00193	CDS	234	pepA_1	3.4.11.10		cytosol aminopeptidase
M6593_00194	CDS	1056	pepA_2	3.4.11.10		cytosol aminopeptidase
M6593_00195	CDS	1632	groL			60 kDa chaperonin
M6593_00196	CDS	333	groS			10 kDa chaperonin
M6593_00197	CDS	327	glyA_1	2.1.2.1	COG0112	Serine hydroxymethyltransferase
M6593_00198	CDS	870	glyA_2	2.1.2.1	COG0112	Serine hydroxymethyltransferase
M6593_00199	CDS	708				hypothetical protein
M6593_00200	CDS	348				hypothetical protein
M6593_00201	CDS	132				hypothetical protein
M6593_00202	CDS	459	rpiB	5.3.1.6	COG0698	Ribose-5-phosphate isomerase B
M6593_00203	CDS	768				hypothetical protein
M6593_00204	CDS	351				hypothetical protein
M6593_00205	CDS	312				hypothetical protein
M6593_00206	CDS	402	atpC			ATP synthase epsilon chain
M6593_00207	CDS	1431	atpD_1	7.2.2.1	COG0055	ATP synthase subunit beta, sodium ion specific
M6593_00208	CDS	396	atpG_1		COG0224	ATP synthase gamma chain, sodium ion specific
M6593_00209	CDS	348	atpG_2		COG0224	ATP synthase gamma chain
M6593_00210	CDS	789	atpA_1	7.2.2.1		ATP synthase subunit alpha, sodium ion specific
M6593_00211	CDS	747	atpA_2	7.1.2.2	COG0056	ATP synthase subunit alpha
M6593_00212	CDS	531	atpD_2			ATP synthase subunit delta
M6593_00213	CDS	246	atpF			ATP synthase subunit b
M6593_00214	CDS	309	atpH			ATP synthase subunit c
M6593_00215	CDS	129				hypothetical protein
M6593_00216	CDS	102				hypothetical protein
M6593_00217	CDS	291				hypothetical protein
M6593_00218	CDS	180				hypothetical protein
M6593_00219	CDS	273				hypothetical protein
M6593_00220	CDS	375	eno_1	4.2.1.11	COG0148	Enolase
M6593_00221	CDS	744	eno_2	4.2.1.11		Enolase
M6593_00222	CDS	678				hypothetical protein
M6593_00223	CDS	345	pstB3_1	7.3.2.1	COG1117	Phosphate import ATP-binding protein PstB 3
M6593_00224	CDS	156	pstB3_2	7.3.2.1	COG1117	Phosphate import ATP-binding protein PstB 3
M6593_00225	CDS	234				hypothetical protein
M6593_00226	CDS	630				hypothetical protein
M6593_00227	CDS	177				hypothetical protein
M6593_00228	CDS	651				hypothetical protein
M6593_00229	CDS	201				hypothetical protein
M6593_00230	CDS	387				hypothetical protein
M6593_00231	CDS	306				hypothetical protein
M6593_00232	CDS	744				hypothetical protein
M6593_00233	CDS	639				hypothetical protein
M6593_00234	CDS	294				hypothetical protein
M6593_00235	CDS	252				hypothetical protein
M6593_00236	CDS	495				hypothetical protein
M6593_00237	CDS	501				hypothetical protein
M6593_00238	CDS	645				hypothetical protein
M6593_00239	CDS	399	rpsI		COG0103	30S ribosomal protein S9
M6593_00240	CDS	186	rplM_1		COG0102	50S ribosomal protein L13
M6593_00241	CDS	231	rplM_2		COG0102	50S ribosomal protein L13
M6593_00242	CDS	117				hypothetical protein
M6593_00243	CDS	1107				hypothetical protein
M6593_00244	CDS	198	dnaX	2.7.7.7	COG2812	DNA polymerase III subunit tau
M6593_00245	CDS	1635	uvrA_1			UvrABC system protein A
M6593_00246	CDS	519	uvrA_2			UvrABC system protein A
M6593_00247	CDS	264				hypothetical protein
M6593_00248	CDS	270				hypothetical protein
M6593_00249	CDS	354				hypothetical protein
M6593_00250	CDS	153				hypothetical protein
M6593_00251	CDS	438				hypothetical protein
M6593_00252	CDS	192				hypothetical protein
M6593_00253	CDS	165				hypothetical protein
M6593_00254	CDS	1446	rnjB_1	3.1.-.-	COG0595	Ribonuclease J2
M6593_00255	CDS	162	rnjB_2	3.1.-.-	COG0595	Ribonuclease J2
M6593_00256	CDS	261	rpsO			30S ribosomal protein S15
M6593_00257	CDS	339	cshA	3.6.4.13	COG0513	DEAD-box ATP-dependent RNA helicase CshA
M6593_00258	CDS	948	rhpA	3.6.4.13		DEAD-box ATP-dependent RNA helicase RhpA
M6593_00259	CDS	195				hypothetical protein
M6593_00260	CDS	291		1.11.1.-	COG1765	Hydroperoxide reductase
M6593_00261	CDS	297				hypothetical protein
M6593_00262	CDS	231	ptsI_1	2.7.3.9	COG1080	Phosphoenolpyruvate-protein phosphotransferase
M6593_00263	CDS	498	ptsI_2	2.7.3.9		Phosphoenolpyruvate-protein phosphotransferase
M6593_00264	CDS	189				hypothetical protein
M6593_00265	CDS	720	ptsI_3	2.7.3.9		Phosphoenolpyruvate-protein phosphotransferase
M6593_00266	CDS	1524	gpmI	5.4.2.12		2,3-bisphosphoglycerate-independent phosphoglycerate mutase
M6593_00267	CDS	489	tpiA	5.3.1.1		Triosephosphate isomerase
M6593_00268	CDS	213				hypothetical protein
M6593_00269	CDS	276				hypothetical protein
M6593_00270	CDS	333				hypothetical protein
M6593_00271	CDS	117	TSFM			Elongation factor Ts, mitochondrial
M6593_00272	CDS	393	tsf		COG0264	Elongation factor Ts
M6593_00273	CDS	732	pyrH	2.7.4.22	COG0528	Uridylate kinase
M6593_00274	CDS	429	frr			Ribosome-recycling factor
M6593_00275	CDS	306				hypothetical protein
M6593_00276	CDS	90				hypothetical protein
M6593_00277	CDS	171				hypothetical protein
M6593_00278	CDS	516			COG0732	Putative type-1 restriction enzyme specificity protein MG438
M6593_00279	CDS	552			COG0732	Putative type-1 restriction enzyme specificity protein MG438
M6593_00280	CDS	354				hypothetical protein
M6593_00281	CDS	210				hypothetical protein
M6593_00282	CDS	573				hypothetical protein
M6593_00283	CDS	195				hypothetical protein
M6593_00284	CDS	813	rbgA		COG1161	Ribosome biogenesis GTPase A
M6593_00285	CDS	393				hypothetical protein
M6593_00286	CDS	498				hypothetical protein
M6593_00287	CDS	360	rplS		COG0335	50S ribosomal protein L19
M6593_00288	CDS	543	trmD	2.1.1.228		tRNA (guanine-N(1)-)-methyltransferase
M6593_00289	CDS	114				hypothetical protein
M6593_00290	CDS	156	rpsP		COG0228	30S ribosomal protein S16
M6593_00291	CDS	138				hypothetical protein
M6593_00292	CDS	930				hypothetical protein
M6593_00293	CDS	429				hypothetical protein
M6593_00294	CDS	186	msrB	1.8.4.12		Peptide methionine sulfoxide reductase MsrB
M6593_00295	CDS	204	msrAB		COG0225	Peptide methionine sulfoxide reductase MsrA/MsrB
M6593_00296	CDS	402				hypothetical protein
M6593_00297	CDS	126				hypothetical protein
M6593_00298	CDS	270				hypothetical protein
M6593_00299	CDS	309				hypothetical protein
M6593_00300	CDS	1185	tuf			Elongation factor Tu
M6593_00301	CDS	150				hypothetical protein
M6593_00302	CDS	378				hypothetical protein
M6593_00303	CDS	879	gtaB	2.7.7.9		UTP--glucose-1-phosphate uridylyltransferase
M6593_00304	CDS	468	ohrB		COG1764	Organic hydroperoxide resistance protein OhrB
M6593_00305	CDS	351	tyrS	6.1.1.1	COG0162	Tyrosine--tRNA ligase
M6593_00306	CDS	225	tyrS1	6.1.1.1	COG0162	Tyrosine--tRNA ligase 1
M6593_00307	CDS	333				hypothetical protein
M6593_00308	CDS	717				hypothetical protein
M6593_00309	CDS	279				hypothetical protein
M6593_00310	CDS	222				hypothetical protein
M6593_00311	CDS	1428	ftsH	3.4.24.-	COG0465	ATP-dependent zinc metalloprotease FtsH
M6593_00312	CDS	159				hypothetical protein
M6593_00313	CDS	159				hypothetical protein
M6593_00314	CDS	528	hpt	2.4.2.8		Hypoxanthine-guanine phosphoribosyltransferase
M6593_00315	CDS	309				hypothetical protein
M6593_00316	CDS	939	ldh	1.1.1.27		L-lactate dehydrogenase
M6593_00317	CDS	270				hypothetical protein
M6593_00318	CDS	759				hypothetical protein
M6593_00319	CDS	159	gltX_1	6.1.1.17		Glutamate--tRNA ligase
M6593_00320	CDS	222				hypothetical protein
M6593_00321	CDS	243	gltX_2	6.1.1.17		Glutamate--tRNA ligase
M6593_00322	CDS	498	gltX_3	6.1.1.17		Glutamate--tRNA ligase
M6593_00323	CDS	780	rsmA	2.1.1.182	COG0030	Ribosomal RNA small subunit methyltransferase A
M6593_00324	CDS	315				hypothetical protein
M6593_00325	CDS	429	yidC			Membrane protein insertase YidC
M6593_00326	CDS	147	rpmH		COG0230	50S ribosomal protein L34
M6593_00327	CDS	396	macB	3.6.3.-		Macrolide export ATP-binding/permease protein MacB
M6593_00328	CDS	354				putative ABC transporter permease MG468 
M6593_00329	CDS	1722				putative ABC transporter permease MG468 
M6593_00330	CDS	774				putative ABC transporter permease MG468 
M6593_00331	CDS	171				putative ABC transporter permease MG468 
M6593_00332	CDS	150				hypothetical protein
M6593_00333	CDS	204				putative ABC transporter permease MG468 
M6593_00334	CDS	876				putative ABC transporter permease MG468 
M6593_00335	CDS	849	btuD_1	7.6.2.8		Vitamin B12 import ATP-binding protein BtuD
M6593_00336	CDS	1314	dnaA			Chromosomal replication initiator protein DnaA
M6593_00337	CDS	246				putative protein MPN_687
M6593_00338	CDS	810			COG1192	putative protein
M6593_00339	CDS	1143	dnaN		COG0592	Beta sliding clamp
M6593_00340	CDS	246	dnaJ_1			Chaperone protein DnaJ
M6593_00341	CDS	156				hypothetical protein
M6593_00342	CDS	135	gyrB_1	5.6.2.2		DNA gyrase subunit B
M6593_00343	CDS	246	gyrB_2	5.6.2.2		DNA gyrase subunit B
M6593_00344	CDS	195	gyrB_3	5.6.2.2		DNA gyrase subunit B
M6593_00345	CDS	1029	gyrB_4	5.6.2.2		DNA gyrase subunit B
M6593_00346	CDS	153	gyrB_5	5.6.2.2		DNA gyrase subunit B
M6593_00347	CDS	2511	gyrA_1	5.6.2.2		DNA gyrase subunit A
M6593_00348	CDS	564	serS_1	6.1.1.11	COG0172	Serine--tRNA ligase
M6593_00349	CDS	189	serS_2	6.1.1.11		Serine--tRNA ligase
M6593_00350	CDS	252	serS_3	6.1.1.11	COG0172	Serine--tRNA ligase
M6593_00351	CDS	633	tmk	2.7.4.9	COG0125	Thymidylate kinase
M6593_00352	CDS	168				hypothetical protein
M6593_00353	CDS	288				hypothetical protein
M6593_00354	CDS	1137	mnmE	3.6.-.-		tRNA modification GTPase MnmE
M6593_00355	CDS	642	ycfH	3.1.-.-	COG0084	putative metal-dependent hydrolase YcfH
M6593_00356	CDS	177				hypothetical protein
M6593_00357	CDS	228				hypothetical protein
M6593_00358	CDS	309				hypothetical protein
M6593_00359	CDS	489	rimK	6.3.2.-	COG0189	Ribosomal protein S6--L-glutamate ligase
M6593_00360	CDS	216				hypothetical protein
M6593_00361	CDS	636	folD		COG0190	Bifunctional protein FolD protein
M6593_00362	tRNA	76				tRNA-Ala(tgc)
M6593_00363	tRNA	77				tRNA-Ile(gat)
M6593_00364	CDS	756				hypothetical protein
M6593_00365	CDS	432				hypothetical protein
M6593_00366	CDS	426			COG1132	putative ABC transporter ATP-binding protein
M6593_00367	CDS	273				hypothetical protein
M6593_00368	CDS	615			COG1132	putative ABC transporter ATP-binding protein
M6593_00369	CDS	357			COG1132	putative ABC transporter ATP-binding protein
M6593_00370	CDS	372				hypothetical protein
M6593_00371	CDS	912				hypothetical protein
M6593_00372	CDS	435				hypothetical protein
M6593_00373	CDS	552				hypothetical protein
M6593_00374	CDS	1170	dnaJ_2			Chaperone protein DnaJ
M6593_00375	CDS	201	pip	3.4.11.5	COG0596	Proline iminopeptidase
M6593_00376	CDS	168				hypothetical protein
M6593_00377	CDS	255				hypothetical protein
M6593_00378	CDS	243	metG_1	6.1.1.10		Methionine--tRNA ligase
M6593_00379	CDS	396	metG_2	6.1.1.10		Methionine--tRNA ligase
M6593_00380	CDS	237	metG_3	6.1.1.10		Methionine--tRNA ligase
M6593_00381	CDS	93				hypothetical protein
M6593_00382	CDS	213	rpoE			DNA-directed RNA polymerase subunit delta
M6593_00383	CDS	531	fba_1	4.1.2.13		Fructose-bisphosphate aldolase
M6593_00384	CDS	297	fba_2	4.1.2.13	COG0191	Fructose-bisphosphate aldolase
M6593_00385	CDS	888	ychF		COG0012	Ribosome-binding ATPase YchF
M6593_00386	CDS	108	OLA1			Obg-like ATPase 1
M6593_00387	CDS	654				hypothetical protein
M6593_00388	CDS	120				hypothetical protein
M6593_00389	CDS	573	efp			Elongation factor P
M6593_00390	CDS	168			COG0781	putative protein MG027
M6593_00391	CDS	219			COG0781	putative protein MG027
M6593_00392	CDS	240				hypothetical protein
M6593_00393	CDS	171				hypothetical protein
M6593_00394	CDS	594				hypothetical protein
M6593_00395	CDS	621	upp	2.4.2.9	COG0035	Uracil phosphoribosyltransferase
M6593_00396	CDS	462	polC_1	2.7.7.7		DNA polymerase III PolC-type
M6593_00397	CDS	204	polC_2	2.7.7.7		DNA polymerase III PolC-type
M6593_00398	CDS	255	polC_3	2.7.7.7		DNA polymerase III PolC-type
M6593_00399	CDS	435	polC_4	2.7.7.7		DNA polymerase III PolC-type
M6593_00400	CDS	171	polC_5	2.7.7.7		DNA polymerase III PolC-type
M6593_00401	CDS	675	polC_6	2.7.7.7		DNA polymerase III PolC-type
M6593_00402	CDS	468	polC_7	2.7.7.7		DNA polymerase III PolC-type
M6593_00403	CDS	90	polC_8	2.7.7.7		DNA polymerase III PolC-type
M6593_00404	CDS	294	polC_9	2.7.7.7		DNA polymerase III PolC-type
M6593_00405	CDS	201	polC_10	2.7.7.7		DNA polymerase III PolC-type
M6593_00406	CDS	432				hypothetical protein
M6593_00407	CDS	474				hypothetical protein
M6593_00408	CDS	129				hypothetical protein
M6593_00409	CDS	243				hypothetical protein
M6593_00410	CDS	153				hypothetical protein
M6593_00411	CDS	123				hypothetical protein
M6593_00412	CDS	528	hisS_1	6.1.1.21		Histidine--tRNA ligase
M6593_00413	CDS	147				hypothetical protein
M6593_00414	CDS	249	hisS_2	6.1.1.21		Histidine--tRNA ligase
M6593_00415	CDS	96				hypothetical protein
M6593_00416	CDS	537	aspS_1	6.1.1.12		Aspartate--tRNA(Asp/Asn) ligase
M6593_00417	CDS	225	aspS_2	6.1.1.12	COG0173	Aspartate--tRNA(Asp) ligase
M6593_00418	CDS	165				hypothetical protein
M6593_00419	CDS	666				hypothetical protein
M6593_00420	CDS	96				hypothetical protein
M6593_00421	CDS	351				hypothetical protein
M6593_00422	CDS	180	glpK_1	2.7.1.30	COG0554	Glycerol kinase
M6593_00423	CDS	324	glpK_2	2.7.1.30		Glycerol kinase
M6593_00424	CDS	261				hypothetical protein
M6593_00425	CDS	90				hypothetical protein
M6593_00426	CDS	138	glpK_3	2.7.1.30	COG0554	Glycerol kinase
M6593_00427	CDS	375				putative protein MG039 
M6593_00428	CDS	135				putative protein MG039 
M6593_00429	CDS	219				putative protein MG039 
M6593_00430	CDS	276				hypothetical protein
M6593_00431	CDS	597				hypothetical protein
M6593_00432	CDS	246				hypothetical protein
M6593_00433	CDS	267	ptsH			Phosphocarrier protein HPr
M6593_00434	CDS	324	potA	7.6.2.11	COG3842	Spermidine/putrescine import ATP-binding protein PotA
M6593_00435	CDS	153				hypothetical protein
M6593_00436	CDS	330	cysA	7.3.2.3	COG1118	Sulfate/thiosulfate import ATP-binding protein CysA
M6593_00437	CDS	129				hypothetical protein
M6593_00438	CDS	495				hypothetical protein
M6593_00439	CDS	405				hypothetical protein
M6593_00440	CDS	378				hypothetical protein
M6593_00441	CDS	285				hypothetical protein
M6593_00442	CDS	834				hypothetical protein
M6593_00443	CDS	615	tsaD	2.3.1.234	COG0533	tRNA N6-adenosine threonylcarbamoyltransferase
M6593_00444	CDS	162	OSGEPL1	2.3.1.234		tRNA N6-adenosine threonylcarbamoyltransferase, mitochondrial
M6593_00445	CDS	231	metK_1	2.5.1.6		S-adenosylmethionine synthase
M6593_00446	CDS	516	metK_2	2.5.1.6		S-adenosylmethionine synthase
M6593_00447	CDS	258				hypothetical protein
M6593_00448	CDS	120	srp54			Signal recognition particle 54 kDa protein
M6593_00449	CDS	723	ffh_1		COG0541	Signal recognition particle protein
M6593_00450	CDS	336	ffh_2		COG0541	Signal recognition particle protein
M6593_00451	CDS	408	deoD_1	2.4.2.1	COG0813	Purine nucleoside phosphorylase DeoD-type
M6593_00452	CDS	363	deoD_2	2.4.2.1		Purine nucleoside phosphorylase DeoD-type
M6593_00453	CDS	672	deoC1	4.1.2.4		Deoxyribose-phosphate aldolase 1
M6593_00454	CDS	924	pdp	2.4.2.2	COG0213	Pyrimidine-nucleoside phosphorylase
M6593_00455	CDS	165				hypothetical protein
M6593_00456	CDS	393	cdd	3.5.4.5	COG0295	Cytidine deaminase
M6593_00457	CDS	948	pgcA	5.4.2.2		Phosphoglucomutase
M6593_00458	CDS	327		5.4.2.8	COG1109	putative phosphomannomutase
M6593_00459	CDS	219				hypothetical protein
M6593_00460	CDS	522	nusG_1			Transcription termination/antitermination protein NusG
M6593_00461	CDS	324	nusG_2			Transcription termination/antitermination protein NusG
M6593_00462	CDS	216				hypothetical protein
M6593_00463	CDS	243				hypothetical protein
M6593_00464	CDS	102				hypothetical protein
M6593_00465	CDS	600	rsmI	2.1.1.198	COG0313	Ribosomal RNA small subunit methyltransferase I
M6593_00466	CDS	384	rnmV	3.1.26.8	COG1658	Ribonuclease M5
M6593_00467	CDS	1092	prs	2.7.6.1	COG0462	Ribose-phosphate pyrophosphokinase
M6593_00468	CDS	351	smpB		COG0691	SsrA-binding protein
M6593_00469	CDS	267				hypothetical protein
M6593_00470	CDS	159				hypothetical protein
M6593_00471	CDS	213				hypothetical protein
M6593_00472	CDS	447				hypothetical protein
M6593_00473	CDS	711				hypothetical protein
M6593_00474	CDS	234				hypothetical protein
M6593_00475	tRNA	89				tRNA-Ser(gct)
M6593_00476	CDS	267				hypothetical protein
M6593_00477	CDS	1749	fruA		COG1299	PTS system fructose-specific EIIABC component
M6593_00478	CDS	768	fruK	2.7.1.56		Putative 1-phosphofructokinase
M6593_00479	CDS	204				hypothetical protein
M6593_00480	CDS	891				hypothetical protein
M6593_00481	CDS	309				hypothetical protein
M6593_00482	CDS	207				hypothetical protein
M6593_00483	CDS	153				hypothetical protein
M6593_00484	CDS	495				hypothetical protein
M6593_00485	CDS	1056				hypothetical protein
M6593_00486	CDS	201				hypothetical protein
M6593_00487	CDS	684	bceA		COG1136	Bacitracin export ATP-binding protein BceA
M6593_00488	CDS	852	tkt_1	2.2.1.1		Transketolase
M6593_00489	CDS	1041	tkt_2	2.2.1.1		Transketolase
M6593_00490	CDS	210				hypothetical protein
M6593_00491	CDS	186				hypothetical protein
M6593_00492	CDS	1425				hypothetical protein
M6593_00493	CDS	231				hypothetical protein
M6593_00494	CDS	213				hypothetical protein
M6593_00495	CDS	276				hypothetical protein
M6593_00496	CDS	237				hypothetical protein
M6593_00497	CDS	360				hypothetical protein
M6593_00498	CDS	267				hypothetical protein
M6593_00499	CDS	342	mgpA_1			Adhesin P1
M6593_00500	CDS	171				hypothetical protein
M6593_00501	CDS	300				hypothetical protein
M6593_00502	CDS	309	ptsG_1	2.7.1.199	COG1263	PTS system glucose-specific EIICBA component
M6593_00503	CDS	258				hypothetical protein
M6593_00504	CDS	207	ptsG_2	2.7.1.199		PTS system glucose-specific EIICBA component
M6593_00505	CDS	93				hypothetical protein
M6593_00506	CDS	402	ptsG_3	2.7.1.199	COG1263	PTS system glucose-specific EIICBA component
M6593_00507	CDS	582	ptsG_4	2.7.1.199		PTS system glucose-specific EIICBA component
M6593_00508	CDS	93				hypothetical protein
M6593_00509	CDS	216				hypothetical protein
M6593_00510	CDS	279				hypothetical protein
M6593_00511	CDS	396	yoaB_1	7.2.2.10	COG0474	Calcium-transporting ATPase 1
M6593_00512	CDS	273	yoaB_2	7.2.2.10	COG0474	Calcium-transporting ATPase 1
M6593_00513	CDS	495		7.2.2.10		Calcium-transporting ATPase 1
M6593_00514	CDS	441	pacL	7.2.2.10	COG0474	Calcium-transporting ATPase
M6593_00515	CDS	228				hypothetical protein
M6593_00516	CDS	1248	secA		COG0653	Protein translocase subunit SecA
M6593_00517	CDS	915	secA1			Protein translocase subunit SecA 1
M6593_00518	CDS	249				hypothetical protein
M6593_00519	CDS	1971	uvrB			UvrABC system protein B
M6593_00520	CDS	207				hypothetical protein
M6593_00521	CDS	2397				hypothetical protein
M6593_00522	CDS	294				hypothetical protein
M6593_00523	CDS	417				hypothetical protein
M6593_00524	CDS	201				hypothetical protein
M6593_00525	CDS	744			COG0601	Putative peptide transport permease protein
M6593_00526	CDS	171				hypothetical protein
M6593_00527	CDS	486				hypothetical protein
M6593_00528	CDS	114				hypothetical protein
M6593_00529	CDS	345				hypothetical protein
M6593_00530	CDS	1113	oppD		COG0444	Oligopeptide transport ATP-binding protein OppD
M6593_00531	CDS	1350				hypothetical protein
M6593_00532	CDS	1107	btuD_2	7.6.2.8		Vitamin B12 import ATP-binding protein BtuD
M6593_00533	CDS	414	rplK		COG0080	50S ribosomal protein L11
M6593_00534	CDS	318	rplA_1		COG0081	50S ribosomal protein L1
M6593_00535	CDS	327	rplA_2			50S ribosomal protein L1
M6593_00536	CDS	570	pth	3.1.1.29		Peptidyl-tRNA hydrolase
M6593_00537	CDS	213	tilS	6.3.4.19		tRNA(Ile)-lysidine synthase
M6593_00538	CDS	99				hypothetical protein
M6593_00539	CDS	345				hypothetical protein
M6593_00540	CDS	936	hprK	2.7.11.-		HPr kinase/phosphorylase
M6593_00541	CDS	807	lgt	2.5.1.145	COG0682	Phosphatidylglycerol--prolipoprotein diacylglyceryl transferase
M6593_00542	CDS	165				hypothetical protein
M6593_00543	CDS	420	rpsL		COG0048	30S ribosomal protein S12
M6593_00544	CDS	468	rpsG			30S ribosomal protein S7
M6593_00545	CDS	216	fusA_1		COG0480	Elongation factor G
M6593_00546	CDS	126	fusA_2		COG0480	Elongation factor G
M6593_00547	CDS	1659	fusA_3		COG0480	Elongation factor G
M6593_00548	CDS	471				hypothetical protein
M6593_00549	CDS	291				hypothetical protein
M6593_00550	CDS	315				hypothetical protein
M6593_00551	CDS	453	rplI		COG0359	50S ribosomal protein L9
M6593_00552	CDS	630				hypothetical protein
M6593_00553	CDS	708	dnaB	3.6.4.12	COG0305	Replicative DNA helicase
M6593_00554	CDS	348				hypothetical protein
M6593_00555	CDS	129				hypothetical protein
M6593_00556	CDS	174				hypothetical protein
M6593_00557	CDS	1632				hypothetical protein
M6593_00558	CDS	270				hypothetical protein
M6593_00559	CDS	228		3.2.2.27		Uracil-DNA glycosylase
M6593_00560	CDS	738				hypothetical protein
M6593_00561	CDS	135				hypothetical protein
M6593_00562	CDS	459	GATC	6.3.5.-		Glutamyl-tRNA(Gln) amidotransferase subunit C, chloroplastic/mitochondrial
M6593_00563	CDS	810	gatA_1	6.3.5.7	COG0154	Glutamyl-tRNA(Gln) amidotransferase subunit A
M6593_00564	CDS	552	gatA_2	6.3.5.7	COG0154	Glutamyl-tRNA(Gln) amidotransferase subunit A
M6593_00565	CDS	1434	gatB	6.3.5.-	COG0064	Aspartyl/glutamyl-tRNA(Asn/Gln) amidotransferase subunit B
M6593_00566	CDS	450				hypothetical protein
M6593_00567	CDS	948	trxB	1.8.1.9	COG0492	Thioredoxin reductase
M6593_00568	CDS	606	whiA			cell division protein WhiA
M6593_00569	CDS	234				hypothetical protein
M6593_00570	CDS	162				hypothetical protein
M6593_00571	CDS	1287	rnr_1	3.1.13.1	COG0557	Ribonuclease R
M6593_00572	CDS	414	rnr_2	3.1.13.1	COG0557	Ribonuclease R
M6593_00573	CDS	117				hypothetical protein
M6593_00574	CDS	252	cdaS	2.7.7.85		Diadenylate cyclase CdaS
M6593_00575	CDS	213				hypothetical protein
M6593_00576	CDS	570	gmk	2.7.4.8	COG0194	Guanylate kinase
M6593_00577	CDS	216				hypothetical protein
M6593_00578	CDS	315				hypothetical protein
M6593_00579	CDS	924	prkC	2.7.11.1		Serine/threonine-protein kinase PrkC
M6593_00580	CDS	96				hypothetical protein
M6593_00581	CDS	141	rsgA_1	3.6.1.-		Small ribosomal subunit biogenesis GTPase RsgA
M6593_00582	CDS	528	rsgA_2	3.6.1.-	COG1162	Small ribosomal subunit biogenesis GTPase RsgA
M6593_00583	CDS	756	pgi_1	5.3.1.9	COG0166	Glucose-6-phosphate isomerase
M6593_00584	CDS	375	pgi_2	5.3.1.9	COG0166	Glucose-6-phosphate isomerase
M6593_00585	CDS	630	rpe	5.1.3.1	COG0036	Ribulose-phosphate 3-epimerase
M6593_00586	CDS	234				hypothetical protein
M6593_00587	CDS	936	asnS_1	6.1.1.22	COG0017	Asparagine--tRNA ligase
M6593_00588	CDS	135	asnS_2	6.1.1.22	COG0017	Asparagine--tRNA ligase
M6593_00589	CDS	303				hypothetical protein
M6593_00590	CDS	147				hypothetical protein
M6593_00591	CDS	474				Protein MG115 
M6593_00592	CDS	534				hypothetical protein
M6593_00593	CDS	126				hypothetical protein
M6593_00594	CDS	204				hypothetical protein
M6593_00595	CDS	354				hypothetical protein
M6593_00596	CDS	741	galE	5.1.3.2	COG1087	UDP-glucose 4-epimerase
M6593_00597	CDS	1143	btuD_3	7.6.2.8		Vitamin B12 import ATP-binding protein BtuD
M6593_00598	CDS	381				hypothetical protein
M6593_00599	CDS	441				hypothetical protein
M6593_00600	CDS	135				hypothetical protein
M6593_00601	CDS	429				hypothetical protein
M6593_00602	CDS	183				hypothetical protein
M6593_00603	CDS	198				hypothetical protein
M6593_00604	CDS	423				hypothetical protein
M6593_00605	CDS	162	topA_1	5.6.2.1		DNA topoisomerase 1
M6593_00606	CDS	1440	topA_2	5.6.2.1		DNA topoisomerase 1
M6593_00607	CDS	312	topA_3	5.6.2.1		DNA topoisomerase 1
M6593_00608	CDS	993	rny_1	3.1.-.-		Ribonuclease Y
M6593_00609	CDS	303				hypothetical protein
M6593_00610	CDS	690				hypothetical protein
M6593_00611	CDS	156				hypothetical protein
M6593_00612	CDS	1044	trpS	6.1.1.2		Tryptophan--tRNA ligase
M6593_00613	CDS	438	spxA			Regulatory protein Spx
M6593_00614	CDS	780	nadK	2.7.1.23		NAD kinase
M6593_00615	CDS	336				hypothetical protein
M6593_00616	CDS	1293	rny_2	3.1.-.-		Ribonuclease Y
M6593_00617	CDS	111				hypothetical protein
M6593_00618	CDS	288				hypothetical protein
M6593_00619	CDS	282				hypothetical protein
M6593_00620	CDS	426	hit		COG0537	Protein hit
M6593_00621	CDS	303	ybaB			Nucleoid-associated protein YbaB
M6593_00622	CDS	120				hypothetical protein
M6593_00623	CDS	630				hypothetical protein
M6593_00624	CDS	429	lysS_1	6.1.1.6		Lysine--tRNA ligase
M6593_00625	CDS	399	lysS_2	6.1.1.6	COG1190	Lysine--tRNA ligase
M6593_00626	CDS	534	lysS_3	6.1.1.6		Lysine--tRNA ligase
M6593_00627	CDS	840	fcf2	5.4.99.59		dTDP-fucopyranose mutase
M6593_00628	CDS	189				hypothetical protein
M6593_00629	CDS	1797	lepA	3.6.5.-		Elongation factor 4
M6593_00630	CDS	1659	rnjA	3.1.-.-	COG0595	Ribonuclease J1
M6593_00631	CDS	291				hypothetical protein
M6593_00632	CDS	348				hypothetical protein
M6593_00633	tRNA	75				tRNA-SeC(tca)
M6593_00634	CDS	513				hypothetical protein
M6593_00635	CDS	159				hypothetical protein
M6593_00636	CDS	210				hypothetical protein
M6593_00637	CDS	138				hypothetical protein
M6593_00638	CDS	234				hypothetical protein
M6593_00639	CDS	141				hypothetical protein
M6593_00640	CDS	822	proS	6.1.1.15	COG0442	Proline--tRNA ligase
M6593_00641	CDS	327				hypothetical protein
M6593_00642	CDS	135				hypothetical protein
M6593_00643	CDS	486	greA		COG0782	Transcription elongation factor GreA
M6593_00644	tRNA	87				tRNA-Tyr(gta)
M6593_00645	tRNA	75				tRNA-Gln(ttg)
M6593_00646	tRNA	75				tRNA-Lys(ttt)
M6593_00647	tRNA	86				tRNA-Leu(taa)
M6593_00648	tRNA	74				tRNA-Gly(tcc)
M6593_00649	CDS	657				putative protein MG281
M6593_00650	CDS	831				putative protein MG281
M6593_00651	CDS	798				hypothetical protein
M6593_00652	CDS	657				hypothetical protein
M6593_00653	CDS	195				hypothetical protein
M6593_00654	CDS	144				hypothetical protein
M6593_00655	CDS	258				hypothetical protein
M6593_00656	CDS	1389				hypothetical protein
M6593_00657	CDS	309				hypothetical protein
M6593_00658	CDS	456				hypothetical protein
M6593_00659	CDS	435				hypothetical protein
M6593_00660	CDS	687				hypothetical protein
M6593_00661	CDS	543	apt	2.4.2.7	COG0503	Adenine phosphoribosyltransferase
M6593_00662	CDS	345	nox	1.6.99.3	COG0446	NADH oxidase
M6593_00663	CDS	1083		1.6.99.3		putative NADH oxidase
M6593_00664	CDS	171	pdhA_1	1.2.4.1		Pyruvate dehydrogenase E1 component subunit alpha
M6593_00665	CDS	153	pdhA_2	1.2.4.1		Pyruvate dehydrogenase E1 component subunit alpha
M6593_00666	CDS	111	pdhA_3	1.2.4.1		Pyruvate dehydrogenase E1 component subunit alpha
M6593_00667	CDS	372	pdhA_4	1.2.4.1		Pyruvate dehydrogenase E1 component subunit alpha
M6593_00668	CDS	732	pdhB_1	1.2.4.1		Pyruvate dehydrogenase E1 component subunit beta
M6593_00669	CDS	225	pdhB_2	1.2.4.1		Pyruvate dehydrogenase E1 component subunit beta
M6593_00670	CDS	1155	pdhC	2.3.1.12		Dihydrolipoyllysine-residue acetyltransferase component of pyruvate dehydrogenase complex
M6593_00671	CDS	237	pdhD_1	1.8.1.4		Dihydrolipoyl dehydrogenase
M6593_00672	CDS	1014	pdhD_2	1.8.1.4		Dihydrolipoyl dehydrogenase
M6593_00673	CDS	522	lplA	6.3.1.20	COG0095	Lipoate-protein ligase A
M6593_00674	CDS	111				hypothetical protein
M6593_00675	CDS	387				hypothetical protein
M6593_00676	CDS	1023				hypothetical protein
M6593_00677	CDS	378				hypothetical protein
M6593_00678	CDS	201				hypothetical protein
M6593_00679	CDS	123				hypothetical protein
M6593_00680	CDS	186	leuS_1	6.1.1.4		Leucine--tRNA ligase
M6593_00681	CDS	489	leuS_2	6.1.1.4	COG0495	Leucine--tRNA ligase
M6593_00682	CDS	204	leuS_3	6.1.1.4		Leucine--tRNA ligase
M6593_00683	CDS	522	leuS_4	6.1.1.4		Leucine--tRNA ligase
M6593_00684	CDS	837	yitU	3.1.3.104	COG0561	5-amino-6-(5-phospho-D-ribitylamino)uracil phosphatase YitU
M6593_00685	CDS	219				hypothetical protein
M6593_00686	CDS	279	coaE	2.7.1.24	COG0237	Dephospho-CoA kinase
M6593_00687	CDS	198				hypothetical protein
M6593_00688	CDS	147				hypothetical protein
M6593_00689	CDS	855	mutM	3.2.2.23	COG0266	Formamidopyrimidine-DNA glycosylase
M6593_00690	CDS	756	polA	2.7.7.7		DNA polymerase I
M6593_00691	CDS	174				hypothetical protein
M6593_00692	CDS	444	dnaE	2.7.7.7	COG0587	DNA polymerase III subunit alpha
M6593_00693	CDS	1113	dnaE2_1	2.7.7.7		Error-prone DNA polymerase
M6593_00694	CDS	363	dnaE2_2	2.7.7.7		Error-prone DNA polymerase
M6593_00695	CDS	231				putative protein MPN_377
M6593_00696	tRNA	77				tRNA-Arg(tcg)
M6593_00697	CDS	267				hypothetical protein
M6593_00698	CDS	177				hypothetical protein
M6593_00699	CDS	240	mgpA_2			Adhesin P1
M6593_00700	CDS	345				hypothetical protein
M6593_00701	CDS	1146				hypothetical protein
M6593_00702	CDS	636				hypothetical protein
M6593_00703	CDS	432				hypothetical protein
M6593_00704	CDS	276	prmC	2.1.1.297		Release factor glutamine methyltransferase
M6593_00705	CDS	126				hypothetical protein
M6593_00706	CDS	606	prfA_1		COG0216	Peptide chain release factor 1
M6593_00707	CDS	441	prfA_2			Peptide chain release factor 1
M6593_00708	CDS	294				hypothetical protein
M6593_00709	CDS	141				hypothetical protein
M6593_00710	CDS	180				hypothetical protein
M6593_00711	tRNA	74				tRNA-Trp(cca)
M6593_00712	tRNA	75				tRNA-Arg(cct)
M6593_00713	CDS	741				hypothetical protein
M6593_00714	CDS	294				hypothetical protein
M6593_00715	tRNA	74				tRNA-Gly(gcc)
M6593_00716	CDS	714	ligA_1	6.5.1.2	COG0272	DNA ligase
M6593_00717	CDS	1197	ligA_2	6.5.1.2	COG0272	DNA ligase
M6593_00718	CDS	540	cysS_1	6.1.1.16	COG0215	Cysteine--tRNA ligase
M6593_00719	CDS	261	cysS_2	6.1.1.16	COG0215	Cysteine--tRNA ligase
M6593_00720	CDS	168				hypothetical protein
M6593_00721	CDS	306		2.1.1.-		Putative TrmH family tRNA/rRNA methyltransferase
M6593_00722	CDS	228	glyQS_1	6.1.1.14	COG0423	Glycine--tRNA ligase
M6593_00723	CDS	438	glyQS_2	6.1.1.14	COG0423	Glycine--tRNA ligase
M6593_00724	CDS	309	glyQS_3	6.1.1.14		Glycine--tRNA ligase
M6593_00725	CDS	174	glyQS_4	6.1.1.14		Glycine--tRNA ligase
M6593_00726	CDS	243	dnaG_1	2.7.7.-	COG0358	DNA primase
M6593_00727	CDS	630	dnaG_2	2.7.7.-	COG0358	DNA primase
M6593_00728	CDS	201				hypothetical protein
M6593_00729	CDS	126				hypothetical protein
M6593_00730	CDS	135				hypothetical protein
M6593_00731	CDS	366				hypothetical protein
M6593_00732	CDS	405	rpoD			RNA polymerase sigma factor RpoD
M6593_00733	CDS	516	sigA		COG0568	RNA polymerase sigma factor SigA
M6593_00734	CDS	657				hypothetical protein
M6593_00735	CDS	237	plsY	2.3.1.275		Glycerol-3-phosphate acyltransferase
M6593_00736	CDS	186				hypothetical protein
M6593_00737	CDS	645		3.1.-.-		Putative phosphatase/phosphodiesterase MPN_349
M6593_00738	CDS	156		3.1.-.-		Putative phosphatase/phosphodiesterase MPN_349
M6593_00739	CDS	498		6.3.3.2		5-formyltetrahydrofolate cyclo-ligase
M6593_00740	CDS	558	pcrA_1	3.6.4.12		ATP-dependent DNA helicase PcrA
M6593_00741	CDS	360				hypothetical protein
M6593_00742	CDS	765	pcrA_2	3.6.4.12		ATP-dependent DNA helicase PcrA
M6593_00743	CDS	372				hypothetical protein
M6593_00744	CDS	294				hypothetical protein
M6593_00745	CDS	165				hypothetical protein
M6593_00746	CDS	117				hypothetical protein
M6593_00747	CDS	219				hypothetical protein
M6593_00748	CDS	681				hypothetical protein
M6593_00749	CDS	489				hypothetical protein
M6593_00750	CDS	486				hypothetical protein
M6593_00751	CDS	105				hypothetical protein
M6593_00752	CDS	459				hypothetical protein
M6593_00753	CDS	345	nadD	2.7.7.18	COG1057	putative nicotinate-nucleotide adenylyltransferase
M6593_00754	CDS	402				hypothetical protein
M6593_00755	CDS	219				hypothetical protein
M6593_00756	CDS	1266	lon1_1	3.4.21.53	COG0466	Lon protease 1
M6593_00757	CDS	978	lon1_2	3.4.21.53	COG0466	Lon protease 1
M6593_00758	CDS	1224	tig	5.2.1.8	COG0544	Trigger factor
M6593_00759	CDS	885				putative protein MG237 
M6593_00760	CDS	423				hypothetical protein
M6593_00761	CDS	846	nfo	3.1.21.2	COG0648	putative endonuclease 4
M6593_00762	CDS	315	rpmA		COG0211	50S ribosomal protein L27
M6593_00763	CDS	300				hypothetical protein
M6593_00764	CDS	303	rplU		COG0261	50S ribosomal protein L21
M6593_00765	CDS	459	nrdE	1.17.4.1	COG0209	Ribonucleoside-diphosphate reductase subunit alpha
M6593_00766	CDS	1629	nrdE2	1.17.4.1	COG0209	Ribonucleoside-diphosphate reductase subunit alpha 2
M6593_00767	CDS	462	nrdI		COG1780	Protein NrdI
M6593_00768	CDS	672	nrdF	1.17.4.1	COG0208	Ribonucleoside-diphosphate reductase 2 subunit beta
M6593_00769	CDS	132				hypothetical protein
M6593_00770	CDS	192				hypothetical protein
M6593_00771	CDS	231	dhfR	1.5.1.3	COG0262	Dihydrofolate reductase
M6593_00772	CDS	372	thyA_1	2.1.1.45	COG0207	Thymidylate synthase
M6593_00773	CDS	183	thyA_2	2.1.1.45	COG0207	Thymidylate synthase
M6593_00774	CDS	270				hypothetical protein
M6593_00775	CDS	282				hypothetical protein
M6593_00776	CDS	273				hypothetical protein
M6593_00777	CDS	1185				hypothetical protein
M6593_00778	CDS	165				hypothetical protein
M6593_00779	CDS	627				hypothetical protein
M6593_00780	CDS	195				hypothetical protein
M6593_00781	CDS	750				hypothetical protein
M6593_00782	CDS	645	pepF1	3.4.24.-		Oligoendopeptidase F, plasmid
M6593_00783	CDS	357				hypothetical protein
M6593_00784	CDS	645				hypothetical protein
M6593_00785	CDS	645	truA	5.4.99.12	COG0101	tRNA pseudouridine synthase A
M6593_00786	CDS	417	ecfT_1			Energy-coupling factor transporter transmembrane protein EcfT
M6593_00787	CDS	462				hypothetical protein
M6593_00788	CDS	336	ecfT_2			Energy-coupling factor transporter transmembrane protein EcfT
M6593_00789	CDS	915	ecfA2	3.6.3.-		Energy-coupling factor transporter ATP-binding protein EcfA2
M6593_00790	CDS	813	ecfA1_1	7.-.-.-	COG1122	Energy-coupling factor transporter ATP-binding protein EcfA1
M6593_00791	CDS	327	rplQ		COG0203	50S ribosomal protein L17
M6593_00792	CDS	582	rpoA_1	2.7.7.6	COG0202	DNA-directed RNA polymerase subunit alpha
M6593_00793	CDS	330	rpoA_2	2.7.7.6		DNA-directed RNA polymerase subunit alpha
M6593_00794	CDS	180	rpsK		COG0100	30S ribosomal protein S11
M6593_00795	CDS	258	rpsM			30S ribosomal protein S13
M6593_00796	CDS	213	infA			Translation initiation factor IF-1
M6593_00797	CDS	747	map	3.4.11.18	COG0024	Methionine aminopeptidase 1
M6593_00798	CDS	645	adk	2.7.4.3		Adenylate kinase
M6593_00799	CDS	1428	secY			Protein translocase subunit SecY
M6593_00800	CDS	453	rplO			50S ribosomal protein L15
M6593_00801	CDS	636				hypothetical protein
M6593_00802	CDS	390	rplR		COG0256	50S ribosomal protein L18
M6593_00803	CDS	462	rplF		COG0097	50S ribosomal protein L6
M6593_00804	CDS	426	rpsH		COG0096	30S ribosomal protein S8
M6593_00805	CDS	183	rpsN1		COG0199	30S ribosomal protein S14
M6593_00806	CDS	291	rplE			50S ribosomal protein L5
M6593_00807	CDS	327	rplX		COG0198	50S ribosomal protein L24
M6593_00808	CDS	369	rplN			50S ribosomal protein L14
M6593_00809	CDS	225	rpsQ			30S ribosomal protein S17
M6593_00810	CDS	195				hypothetical protein
M6593_00811	CDS	174	rplP_1		COG0197	50S ribosomal protein L16
M6593_00812	CDS	195	rplP_2			50S ribosomal protein L16
M6593_00813	CDS	651				hypothetical protein
M6593_00814	CDS	435				hypothetical protein
M6593_00815	CDS	264	rpsS			30S ribosomal protein S19
M6593_00816	CDS	858	rplB			50S ribosomal protein L2
M6593_00817	CDS	321	rplW			50S ribosomal protein L23
M6593_00818	CDS	636	rplD		COG0088	50S ribosomal protein L4
M6593_00819	CDS	378				hypothetical protein
M6593_00820	CDS	378	rplC		COG0087	50S ribosomal protein L3
M6593_00821	CDS	321	rpsJ			30S ribosomal protein S10
M6593_00822	CDS	156				hypothetical protein
M6593_00823	CDS	93				hypothetical protein
M6593_00824	CDS	714				hypothetical protein
M6593_00825	CDS	465				hypothetical protein
M6593_00826	CDS	255				hypothetical protein
M6593_00827	CDS	153				hypothetical protein
M6593_00828	CDS	252				hypothetical protein
M6593_00829	CDS	654				hypothetical protein
M6593_00830	CDS	177				hypothetical protein
M6593_00831	CDS	396				hypothetical protein
M6593_00832	CDS	201				hypothetical protein
M6593_00833	CDS	126				hypothetical protein
M6593_00834	CDS	810	ribF		COG0196	Bifunctional riboflavin kinase/FMN adenylyltransferase
M6593_00835	CDS	159				hypothetical protein
M6593_00836	CDS	108				hypothetical protein
M6593_00837	CDS	426				hypothetical protein
M6593_00838	CDS	339	rbfA			Ribosome-binding factor A
M6593_00839	CDS	1860	infB			Translation initiation factor IF-2
M6593_00840	CDS	273				hypothetical protein
M6593_00841	CDS	399	nusA_1			Transcription termination/antitermination protein NusA
M6593_00842	CDS	390	nusA_2			Transcription termination/antitermination protein NusA
M6593_00843	CDS	684	nusA_3			Transcription termination/antitermination protein NusA
M6593_00844	CDS	579				hypothetical protein
M6593_00845	CDS	135				hypothetical protein
M6593_00846	CDS	693				hypothetical protein
M6593_00847	CDS	321				hypothetical protein
M6593_00848	CDS	852				hypothetical protein
M6593_00849	CDS	291				hypothetical protein
M6593_00850	CDS	246				hypothetical protein
M6593_00851	rRNA	74				5S ribosomal RNA (partial)
M6593_00852	rRNA	2907				23S ribosomal RNA
M6593_00853	rRNA	1514				16S ribosomal RNA
M6593_00854	CDS	366				hypothetical protein
M6593_00855	CDS	1278				hypothetical protein
M6593_00856	CDS	966				hypothetical protein
M6593_00857	CDS	174				hypothetical protein
M6593_00858	CDS	288				hypothetical protein
M6593_00859	CDS	171				hypothetical protein
M6593_00860	CDS	891	ftsZ			Cell division protein FtsZ
M6593_00861	CDS	1236				hypothetical protein
M6593_00862	CDS	930	rsmH	2.1.1.199	COG0275	Ribosomal RNA small subunit methyltransferase H
M6593_00863	CDS	465	mraZ			Transcriptional regulator MraZ
M6593_00864	tRNA	77				tRNA-Arg(gcg)
M6593_00865	CDS	204				hypothetical protein
M6593_00866	CDS	447				hypothetical protein
M6593_00867	CDS	312				putative protein MG218.1
M6593_00868	CDS	696				putative protein MG218.1
M6593_00869	CDS	477	hmw2_1			Cytadherence high molecular weight protein 2
M6593_00870	CDS	942	hmw2_2			Cytadherence high molecular weight protein 2
M6593_00871	CDS	3153	hmw2_3			Cytadherence high molecular weight protein 2
M6593_00872	CDS	93				hypothetical protein
M6593_00873	CDS	1002				hypothetical protein
M6593_00874	tRNA	76				tRNA-Phe(gaa)
M6593_00875	tRNA	74				tRNA-Asp(gtc)
M6593_00876	tRNA	77				tRNA-Met(cat)
M6593_00877	tRNA	92				tRNA-Ser(tga)
M6593_00878	tRNA	77				tRNA-Met(cat)
M6593_00879	tRNA	77				tRNA-Met(cat)
M6593_00880	tRNA	77				tRNA-Pro(tgg)
M6593_00881	tRNA	77				tRNA-Cys(gca)
M6593_00882	CDS	294	pyk_1	2.7.1.40		Pyruvate kinase
M6593_00883	CDS	864	pyk_2	2.7.1.40		Pyruvate kinase
M6593_00884	CDS	468	pfkA_1	2.7.1.11		ATP-dependent 6-phosphofructokinase
M6593_00885	CDS	420	pfkA_2	2.7.1.11	COG0205	ATP-dependent 6-phosphofructokinase isozyme 1
M6593_00886	CDS	624	scpB		COG1386	Segregation and condensation protein B
M6593_00887	CDS	885	scpA			Segregation and condensation protein A
M6593_00888	CDS	189				hypothetical protein
M6593_00889	CDS	588				hypothetical protein
M6593_00890	CDS	195				hypothetical protein
M6593_00891	CDS	117				hypothetical protein
M6593_00892	CDS	399				hypothetical protein
M6593_00893	CDS	189				hypothetical protein
M6593_00894	CDS	246				hypothetical protein
M6593_00895	CDS	339	lspA	3.4.23.36		Lipoprotein signal peptidase
M6593_00896	CDS	927	rluD	5.4.99.23	COG0564	Ribosomal large subunit pseudouridine synthase D
M6593_00897	CDS	591				hypothetical protein
M6593_00898	CDS	345		3.1.4.-		Putative metallophosphoesterase MG207 
M6593_00899	CDS	159		3.1.4.-		Putative metallophosphoesterase MG207 
M6593_00900	CDS	1461	uvrC		COG0322	UvrABC system protein C
M6593_00901	CDS	795	hrcA_1		COG1420	Heat-inducible transcription repressor HrcA
M6593_00902	CDS	231	hrcA_2			Heat-inducible transcription repressor HrcA
M6593_00903	CDS	2013	parC	5.6.2.2	COG0188	DNA topoisomerase 4 subunit A
M6593_00904	CDS	288	gyrA_2	5.6.2.2	COG0188	Type 2 topoisomerase subunit A
M6593_00905	CDS	147	parE_1	5.6.2.2	COG0187	DNA topoisomerase 4 subunit B
M6593_00906	CDS	1746	parE_2	5.6.2.2	COG0187	DNA topoisomerase 4 subunit B
M6593_00907	tRNA	74				tRNA-Thr(ggt)
M6593_00908	CDS	369				hypothetical protein
M6593_00909	CDS	201	grpE_1			Protein GrpE
M6593_00910	CDS	453	grpE_2			Protein GrpE
M6593_00911	CDS	966				DnaJ-like protein MG200
M6593_00912	CDS	567				DnaJ-like protein MG200
M6593_00913	CDS	708	rnhC	3.1.26.4	COG1039	Ribonuclease HIII
M6593_00914	CDS	375	rplT			50S ribosomal protein L20
M6593_00915	CDS	180	rpmI			50S ribosomal protein L35
M6593_00916	CDS	546	infC			Translation initiation factor IF-3
M6593_00917	CDS	150				hypothetical protein
M6593_00918	CDS	402				hypothetical protein
M6593_00919	CDS	384				hypothetical protein
M6593_00920	CDS	645	pheT_1	6.1.1.20		Phenylalanine--tRNA ligase beta subunit
M6593_00921	CDS	228				hypothetical protein
M6593_00922	CDS	474	pheT_2	6.1.1.20		Phenylalanine--tRNA ligase beta subunit
M6593_00923	CDS	153	pheS_1	6.1.1.20		Phenylalanine--tRNA ligase alpha subunit
M6593_00924	CDS	561	pheS_2	6.1.1.20		Phenylalanine--tRNA ligase alpha subunit
M6593_00925	CDS	273				Mgp-operon protein 3
M6593_00926	CDS	264				hypothetical protein
M6593_00927	CDS	144				hypothetical protein
M6593_00928	CDS	273				hypothetical protein
M6593_00929	CDS	384				hypothetical protein
M6593_00930	CDS	453				High affinity transport system protein p37
M6593_00931	CDS	213				High affinity transport system protein p37
M6593_00932	CDS	192				High affinity transport system protein p37
M6593_00933	CDS	333	fetA	3.6.3.-	COG4619	putative iron export ATP-binding protein FetA
M6593_00934	CDS	183				hypothetical protein
M6593_00935	CDS	198				hypothetical protein
M6593_00936	CDS	159				hypothetical protein
M6593_00937	CDS	495				hypothetical protein
M6593_00938	CDS	258				hypothetical protein
M6593_00939	CDS	417	yrrK	3.1.-.-	COG0816	Putative pre-16S rRNA nuclease
M6593_00940	CDS	504				hypothetical protein
M6593_00941	CDS	288	alaS_1	6.1.1.7	COG0013	Alanine--tRNA ligase
M6593_00942	CDS	399				hypothetical protein
M6593_00943	CDS	435	alaS_2	6.1.1.7	COG0013	Alanine--tRNA ligase
M6593_00944	CDS	183	alaS_3	6.1.1.7	COG0013	Alanine--tRNA ligase
M6593_00945	CDS	576	glpQ	3.1.4.46	COG0584	Glycerophosphodiester phosphodiesterase
M6593_00946	CDS	183				hypothetical protein
M6593_00947	CDS	432				hypothetical protein
M6593_00948	CDS	219				hypothetical protein
M6593_00949	CDS	309				hypothetical protein
M6593_00950	CDS	237	mnmA_1	2.8.1.13		tRNA-specific 2-thiouridylase MnmA
M6593_00951	CDS	306	mnmA_2	2.8.1.13		tRNA-specific 2-thiouridylase MnmA
M6593_00952	CDS	273	mnmA_3	2.8.1.13	COG0482	tRNA-specific 2-thiouridylase MnmA
M6593_00953	CDS	390				putative protein MG296 
M6593_00954	CDS	333	ftsY_1		COG0552	Signal recognition particle receptor FtsY
M6593_00955	CDS	558	ftsY_2		COG0552	Signal recognition particle receptor FtsY
M6593_00956	CDS	837	smc_1		COG1196	Chromosome partition protein Smc
M6593_00957	CDS	1335	smc_2			Chromosome partition protein Smc
M6593_00958	CDS	339				hypothetical protein
M6593_00959	CDS	450	smc_3		COG1196	Chromosome partition protein Smc
M6593_00960	CDS	654				hypothetical protein
M6593_00961	CDS	111	pgk_1	2.7.2.3		Phosphoglycerate kinase
M6593_00962	CDS	993	pgk_2	2.7.2.3	COG0126	Phosphoglycerate kinase
M6593_00963	CDS	1014	gapA	1.2.1.12		Glyceraldehyde-3-phosphate dehydrogenase
M6593_00964	CDS	354	ecfT_3			Energy-coupling factor transporter transmembrane protein EcfT
M6593_00965	CDS	144				hypothetical protein
M6593_00966	CDS	1074	btuD_4	7.6.2.8		Vitamin B12 import ATP-binding protein BtuD
M6593_00967	CDS	813	ecfA1_2	7.-.-.-	COG1122	Energy-coupling factor transporter ATP-binding protein EcfA1
M6593_00968	CDS	1728	dnaK		COG0443	Chaperone protein DnaK
M6593_00969	CDS	264				hypothetical protein
M6593_00970	CDS	273				hypothetical protein
M6593_00971	CDS	1062				hypothetical protein
M6593_00972	CDS	708				hypothetical protein
M6593_00973	CDS	432				hypothetical protein
M6593_00974	CDS	225				hypothetical protein
M6593_00975	CDS	420				hypothetical protein
M6593_00976	CDS	177				hypothetical protein
M6593_00977	CDS	417	cshB	3.6.4.13	COG0513	DEAD-box ATP-dependent RNA helicase CshB
M6593_00978	CDS	810				hypothetical protein
M6593_00979	CDS	132				hypothetical protein
M6593_00980	CDS	1329				hypothetical protein
M6593_00981	CDS	363				hypothetical protein
M6593_00982	CDS	216				hypothetical protein
M6593_00983	CDS	414				hypothetical protein
M6593_00984	CDS	597	rpsD			30S ribosomal protein S4
M6593_00985	CDS	2136				hypothetical protein
M6593_00986	CDS	177				hypothetical protein
M6593_00987	CDS	102				hypothetical protein
M6593_00988	CDS	384				hypothetical protein
M6593_00989	CDS	159				hypothetical protein
M6593_00990	CDS	177				hypothetical protein
M6593_00991	CDS	273				putative lipoprotein MG186 
M6593_00992	CDS	330				Putative ABC transporter ATP-binding protein MG187 
M6593_00993	CDS	294				Putative ABC transporter ATP-binding protein MG187 
M6593_00994	CDS	705				Putative ABC transporter ATP-binding protein MG187 
M6593_00995	CDS	219				Putative ABC transporter ATP-binding protein MG187 
M6593_00996	CDS	282				hypothetical protein
M6593_00997	CDS	564	araP		COG1175	L-arabinose transport system permease protein AraP
M6593_00998	CDS	156				hypothetical protein
M6593_00999	CDS	201				hypothetical protein
M6593_01000	CDS	156				hypothetical protein
M6593_01001	CDS	606	nrnA_2	3.1.-.-		Bifunctional oligoribonuclease and PAP phosphatase NrnA
M6593_01002	CDS	516	mgpA_3			Adhesin P1
M6593_01003	CDS	153	mgpA_4			Adhesin P1
M6593_01004	CDS	345	mgpA_5			Adhesin P1
M6593_01005	CDS	273	mgpA_6			Adhesin P1
M6593_01006	CDS	144	mgpA_7			Adhesin P1
M6593_01007	CDS	198				hypothetical protein
M6593_01008	CDS	273				hypothetical protein
M6593_01009	CDS	144				hypothetical protein
M6593_01010	CDS	921				hypothetical protein
M6593_01011	CDS	363				hypothetical protein
M6593_01012	CDS	171				hypothetical protein
M6593_01013	CDS	462				Mgp-operon protein 3
M6593_01014	CDS	384				Mgp-operon protein 3
M6593_01015	CDS	1239				Mgp-operon protein 3
M6593_01016	CDS	231				hypothetical protein
