locus_tag	ftype	length_bp	gene	EC_number	COG	product
M6151_00001	CDS	174				hypothetical protein
M6151_00002	CDS	375				hypothetical protein
M6151_00003	CDS	999				hypothetical protein
M6151_00004	CDS	144				hypothetical protein
M6151_00005	CDS	276				hypothetical protein
M6151_00006	CDS	144	mgpA_1			Adhesin P1
M6151_00007	CDS	156				hypothetical protein
M6151_00008	CDS	273	mgpA_2			Adhesin P1
M6151_00009	CDS	342	mgpA_3			Adhesin P1
M6151_00010	CDS	153	mgpA_4			Adhesin P1
M6151_00011	CDS	531	mgpA_5			Adhesin P1
M6151_00012	CDS	768	nrnA_1	3.1.-.-		Bifunctional oligoribonuclease and PAP phosphatase NrnA
M6151_00013	CDS	198				hypothetical protein
M6151_00014	CDS	201				hypothetical protein
M6151_00015	CDS	156				hypothetical protein
M6151_00016	CDS	564	araP		COG1175	L-arabinose transport system permease protein AraP
M6151_00017	CDS	282				hypothetical protein
M6151_00018	CDS	219				Putative ABC transporter ATP-binding protein MG187 
M6151_00019	CDS	705				Putative ABC transporter ATP-binding protein MG187 
M6151_00020	CDS	294				Putative ABC transporter ATP-binding protein MG187 
M6151_00021	CDS	330				Putative ABC transporter ATP-binding protein MG187 
M6151_00022	CDS	273				putative lipoprotein MG186 
M6151_00023	CDS	177				hypothetical protein
M6151_00024	CDS	159				hypothetical protein
M6151_00025	CDS	300				hypothetical protein
M6151_00026	CDS	177				hypothetical protein
M6151_00027	CDS	225	mgpA_6			Adhesin P1
M6151_00028	CDS	366				hypothetical protein
M6151_00029	CDS	1185				hypothetical protein
M6151_00030	CDS	165				hypothetical protein
M6151_00031	CDS	627				hypothetical protein
M6151_00032	CDS	195				hypothetical protein
M6151_00033	CDS	750				hypothetical protein
M6151_00034	CDS	645	pepF1	3.4.24.-		Oligoendopeptidase F, plasmid
M6151_00035	CDS	357				hypothetical protein
M6151_00036	CDS	645				hypothetical protein
M6151_00037	CDS	645	truA	5.4.99.12	COG0101	tRNA pseudouridine synthase A
M6151_00038	CDS	417	ecfT_1			Energy-coupling factor transporter transmembrane protein EcfT
M6151_00039	CDS	462				hypothetical protein
M6151_00040	CDS	336	ecfT_2			Energy-coupling factor transporter transmembrane protein EcfT
M6151_00041	CDS	915	ecfA2	3.6.3.-		Energy-coupling factor transporter ATP-binding protein EcfA2
M6151_00042	CDS	813	ecfA1_1	7.-.-.-	COG1122	Energy-coupling factor transporter ATP-binding protein EcfA1
M6151_00043	CDS	327	rplQ		COG0203	50S ribosomal protein L17
M6151_00044	CDS	582	rpoA_1	2.7.7.6	COG0202	DNA-directed RNA polymerase subunit alpha
M6151_00045	CDS	330	rpoA_2	2.7.7.6		DNA-directed RNA polymerase subunit alpha
M6151_00046	CDS	180	rpsK		COG0100	30S ribosomal protein S11
M6151_00047	CDS	258	rpsM			30S ribosomal protein S13
M6151_00048	CDS	213	infA			Translation initiation factor IF-1
M6151_00049	CDS	747	map	3.4.11.18	COG0024	Methionine aminopeptidase 1
M6151_00050	CDS	645	adk	2.7.4.3		Adenylate kinase
M6151_00051	CDS	1428	secY			Protein translocase subunit SecY
M6151_00052	CDS	453	rplO			50S ribosomal protein L15
M6151_00053	CDS	636				hypothetical protein
M6151_00054	CDS	390	rplR		COG0256	50S ribosomal protein L18
M6151_00055	CDS	462	rplF		COG0097	50S ribosomal protein L6
M6151_00056	CDS	426	rpsH		COG0096	30S ribosomal protein S8
M6151_00057	CDS	183	rpsN1		COG0199	30S ribosomal protein S14
M6151_00058	CDS	291	rplE			50S ribosomal protein L5
M6151_00059	CDS	327	rplX		COG0198	50S ribosomal protein L24
M6151_00060	CDS	369	rplN			50S ribosomal protein L14
M6151_00061	CDS	225	rpsQ			30S ribosomal protein S17
M6151_00062	CDS	195				hypothetical protein
M6151_00063	CDS	174	rplP_1		COG0197	50S ribosomal protein L16
M6151_00064	CDS	195	rplP_2			50S ribosomal protein L16
M6151_00065	CDS	651				hypothetical protein
M6151_00066	CDS	435				hypothetical protein
M6151_00067	CDS	264	rpsS			30S ribosomal protein S19
M6151_00068	CDS	858	rplB			50S ribosomal protein L2
M6151_00069	CDS	321	rplW			50S ribosomal protein L23
M6151_00070	CDS	636	rplD		COG0088	50S ribosomal protein L4
M6151_00071	CDS	378				hypothetical protein
M6151_00072	CDS	378	rplC		COG0087	50S ribosomal protein L3
M6151_00073	CDS	321	rpsJ			30S ribosomal protein S10
M6151_00074	CDS	156				hypothetical protein
M6151_00075	CDS	93				hypothetical protein
M6151_00076	CDS	720				hypothetical protein
M6151_00077	CDS	465				hypothetical protein
M6151_00078	CDS	255				hypothetical protein
M6151_00079	CDS	153				hypothetical protein
M6151_00080	CDS	252				hypothetical protein
M6151_00081	CDS	654				hypothetical protein
M6151_00082	CDS	177				hypothetical protein
M6151_00083	CDS	396				hypothetical protein
M6151_00084	CDS	201				hypothetical protein
M6151_00085	CDS	126				hypothetical protein
M6151_00086	CDS	810	ribF		COG0196	Bifunctional riboflavin kinase/FMN adenylyltransferase
M6151_00087	CDS	159				hypothetical protein
M6151_00088	CDS	108				hypothetical protein
M6151_00089	CDS	426				hypothetical protein
M6151_00090	CDS	339	rbfA			Ribosome-binding factor A
M6151_00091	CDS	1860	infB			Translation initiation factor IF-2
M6151_00092	CDS	273				hypothetical protein
M6151_00093	CDS	399	nusA_1			Transcription termination/antitermination protein NusA
M6151_00094	CDS	390	nusA_2			Transcription termination/antitermination protein NusA
M6151_00095	CDS	684	nusA_3			Transcription termination/antitermination protein NusA
M6151_00096	CDS	579				hypothetical protein
M6151_00097	CDS	135				hypothetical protein
M6151_00098	CDS	693				hypothetical protein
M6151_00099	CDS	321				hypothetical protein
M6151_00100	CDS	852				hypothetical protein
M6151_00101	CDS	291				hypothetical protein
M6151_00102	CDS	390				hypothetical protein
M6151_00103	rRNA	74				5S ribosomal RNA (partial)
M6151_00104	rRNA	2907				23S ribosomal RNA
M6151_00105	rRNA	1514				16S ribosomal RNA
M6151_00106	CDS	222				hypothetical protein
M6151_00107	CDS	174				hypothetical protein
M6151_00108	CDS	177				hypothetical protein
M6151_00109	CDS	210				hypothetical protein
M6151_00110	CDS	345				hypothetical protein
M6151_00111	CDS	357				hypothetical protein
M6151_00112	CDS	1659	rnjA	3.1.-.-	COG0595	Ribonuclease J1
M6151_00113	CDS	1797	lepA	3.6.5.-		Elongation factor 4
M6151_00114	CDS	189				hypothetical protein
M6151_00115	CDS	816	fcf2	5.4.99.59		dTDP-fucopyranose mutase
M6151_00116	CDS	534	lysS_1	6.1.1.6		Lysine--tRNA ligase
M6151_00117	CDS	399	lysS_2	6.1.1.6	COG1190	Lysine--tRNA ligase
M6151_00118	CDS	429	lysS_3	6.1.1.6		Lysine--tRNA ligase
M6151_00119	CDS	630				hypothetical protein
M6151_00120	CDS	192				hypothetical protein
M6151_00121	CDS	303	ybaB			Nucleoid-associated protein YbaB
M6151_00122	CDS	117				hypothetical protein
M6151_00123	CDS	426	hit		COG0537	Protein hit
M6151_00124	CDS	282				hypothetical protein
M6151_00125	CDS	288				hypothetical protein
M6151_00126	CDS	111				hypothetical protein
M6151_00127	CDS	1293	rny_1	3.1.-.-		Ribonuclease Y
M6151_00128	CDS	336				hypothetical protein
M6151_00129	CDS	780	nadK	2.7.1.23		NAD kinase
M6151_00130	CDS	438	spxA			Regulatory protein Spx
M6151_00131	CDS	1044	trpS	6.1.1.2		Tryptophan--tRNA ligase
M6151_00132	CDS	156				hypothetical protein
M6151_00133	CDS	690				hypothetical protein
M6151_00134	CDS	303				hypothetical protein
M6151_00135	CDS	993	rny_2	3.1.-.-		Ribonuclease Y
M6151_00136	CDS	312	topA_1	5.6.2.1		DNA topoisomerase 1
M6151_00137	CDS	1440	topA_2	5.6.2.1		DNA topoisomerase 1
M6151_00138	CDS	162	topA_3	5.6.2.1		DNA topoisomerase 1
M6151_00139	CDS	423				hypothetical protein
M6151_00140	CDS	198				hypothetical protein
M6151_00141	CDS	183				hypothetical protein
M6151_00142	CDS	429				hypothetical protein
M6151_00143	CDS	135				hypothetical protein
M6151_00144	CDS	441				hypothetical protein
M6151_00145	CDS	381				hypothetical protein
M6151_00146	CDS	1143	btuD_1	7.6.2.8		Vitamin B12 import ATP-binding protein BtuD
M6151_00147	CDS	741	galE	5.1.3.2	COG1087	UDP-glucose 4-epimerase
M6151_00148	CDS	354				hypothetical protein
M6151_00149	CDS	204				hypothetical protein
M6151_00150	CDS	126				hypothetical protein
M6151_00151	CDS	534				hypothetical protein
M6151_00152	CDS	474				Protein MG115 
M6151_00153	CDS	147				hypothetical protein
M6151_00154	CDS	279	pgsA	2.7.8.5		CDP-diacylglycerol--glycerol-3-phosphate 3-phosphatidyltransferase
M6151_00155	CDS	135	asnS_1	6.1.1.22	COG0017	Asparagine--tRNA ligase
M6151_00156	CDS	936	asnS_2	6.1.1.22	COG0017	Asparagine--tRNA ligase
M6151_00157	CDS	234				hypothetical protein
M6151_00158	CDS	630	rpe	5.1.3.1	COG0036	Ribulose-phosphate 3-epimerase
M6151_00159	CDS	375	pgi_1	5.3.1.9	COG0166	Glucose-6-phosphate isomerase
M6151_00160	CDS	756	pgi_2	5.3.1.9	COG0166	Glucose-6-phosphate isomerase
M6151_00161	CDS	528	rsgA_1	3.6.1.-	COG1162	Small ribosomal subunit biogenesis GTPase RsgA
M6151_00162	CDS	141	rsgA_2	3.6.1.-		Small ribosomal subunit biogenesis GTPase RsgA
M6151_00163	CDS	96				hypothetical protein
M6151_00164	CDS	924	prkC	2.7.11.1		Serine/threonine-protein kinase PrkC
M6151_00165	CDS	315				hypothetical protein
M6151_00166	CDS	216				hypothetical protein
M6151_00167	CDS	570	gmk	2.7.4.8	COG0194	Guanylate kinase
M6151_00168	CDS	213				hypothetical protein
M6151_00169	CDS	252	cdaS	2.7.7.85		Diadenylate cyclase CdaS
M6151_00170	CDS	117				hypothetical protein
M6151_00171	CDS	414	rnr_1	3.1.13.1	COG0557	Ribonuclease R
M6151_00172	CDS	1287	rnr_2	3.1.13.1	COG0557	Ribonuclease R
M6151_00173	CDS	162				hypothetical protein
M6151_00174	CDS	234				hypothetical protein
M6151_00175	CDS	606	whiA			cell division protein WhiA
M6151_00176	CDS	948	trxB	1.8.1.9	COG0492	Thioredoxin reductase
M6151_00177	CDS	450				hypothetical protein
M6151_00178	CDS	1434	gatB	6.3.5.-	COG0064	Aspartyl/glutamyl-tRNA(Asn/Gln) amidotransferase subunit B
M6151_00179	CDS	552	gatA_1	6.3.5.7	COG0154	Glutamyl-tRNA(Gln) amidotransferase subunit A
M6151_00180	CDS	810	gatA_2	6.3.5.7	COG0154	Glutamyl-tRNA(Gln) amidotransferase subunit A
M6151_00181	CDS	459	GATC	6.3.5.-		Glutamyl-tRNA(Gln) amidotransferase subunit C, chloroplastic/mitochondrial
M6151_00182	CDS	135				hypothetical protein
M6151_00183	CDS	738				hypothetical protein
M6151_00184	CDS	228		3.2.2.27		Uracil-DNA glycosylase
M6151_00185	CDS	270				hypothetical protein
M6151_00186	CDS	1632				hypothetical protein
M6151_00187	CDS	174				hypothetical protein
M6151_00188	CDS	129				hypothetical protein
M6151_00189	CDS	348				hypothetical protein
M6151_00190	CDS	708	dnaB	3.6.4.12	COG0305	Replicative DNA helicase
M6151_00191	CDS	630				hypothetical protein
M6151_00192	CDS	453	rplI		COG0359	50S ribosomal protein L9
M6151_00193	CDS	315				hypothetical protein
M6151_00194	CDS	291				hypothetical protein
M6151_00195	CDS	471				hypothetical protein
M6151_00196	CDS	1659	fusA_1		COG0480	Elongation factor G
M6151_00197	CDS	126	fusA_2		COG0480	Elongation factor G
M6151_00198	CDS	216	fusA_3		COG0480	Elongation factor G
M6151_00199	CDS	468	rpsG			30S ribosomal protein S7
M6151_00200	CDS	420	rpsL		COG0048	30S ribosomal protein S12
M6151_00201	CDS	165				hypothetical protein
M6151_00202	CDS	807	lgt	2.5.1.145	COG0682	Phosphatidylglycerol--prolipoprotein diacylglyceryl transferase
M6151_00203	CDS	936	hprK	2.7.11.-		HPr kinase/phosphorylase
M6151_00204	CDS	345				hypothetical protein
M6151_00205	CDS	99				hypothetical protein
M6151_00206	CDS	213	tilS	6.3.4.19		tRNA(Ile)-lysidine synthase
M6151_00207	CDS	570	pth	3.1.1.29		Peptidyl-tRNA hydrolase
M6151_00208	CDS	327	rplA_1			50S ribosomal protein L1
M6151_00209	CDS	318	rplA_2		COG0081	50S ribosomal protein L1
M6151_00210	CDS	414	rplK		COG0080	50S ribosomal protein L11
M6151_00211	CDS	1107	btuD_2	7.6.2.8		Vitamin B12 import ATP-binding protein BtuD
M6151_00212	CDS	420				hypothetical protein
M6151_00213	CDS	888				hypothetical protein
M6151_00214	CDS	1113	oppD		COG0444	Oligopeptide transport ATP-binding protein OppD
M6151_00215	CDS	345				hypothetical protein
M6151_00216	CDS	114				hypothetical protein
M6151_00217	CDS	486				hypothetical protein
M6151_00218	CDS	171				hypothetical protein
M6151_00219	CDS	744			COG0601	Putative peptide transport permease protein
M6151_00220	CDS	201				hypothetical protein
M6151_00221	CDS	417				hypothetical protein
M6151_00222	CDS	294				hypothetical protein
M6151_00223	CDS	2397				hypothetical protein
M6151_00224	CDS	207				hypothetical protein
M6151_00225	CDS	1971	uvrB			UvrABC system protein B
M6151_00226	CDS	249				hypothetical protein
M6151_00227	CDS	915	secA1			Protein translocase subunit SecA 1
M6151_00228	CDS	1248	secA		COG0653	Protein translocase subunit SecA
M6151_00229	CDS	228				hypothetical protein
M6151_00230	CDS	441	pacL	7.2.2.10	COG0474	Calcium-transporting ATPase
M6151_00231	CDS	495		7.2.2.10		Calcium-transporting ATPase 1
M6151_00232	CDS	273	yoaB_1	7.2.2.10	COG0474	Calcium-transporting ATPase 1
M6151_00233	CDS	396	yoaB_2	7.2.2.10	COG0474	Calcium-transporting ATPase 1
M6151_00234	CDS	279				hypothetical protein
M6151_00235	CDS	216				hypothetical protein
M6151_00236	CDS	93				hypothetical protein
M6151_00237	CDS	582	ptsG_1	2.7.1.199		PTS system glucose-specific EIICBA component
M6151_00238	CDS	402	ptsG_2	2.7.1.199	COG1263	PTS system glucose-specific EIICBA component
M6151_00239	CDS	93				hypothetical protein
M6151_00240	CDS	207	ptsG_3	2.7.1.199		PTS system glucose-specific EIICBA component
M6151_00241	CDS	258				hypothetical protein
M6151_00242	CDS	309	ptsG_4	2.7.1.199	COG1263	PTS system glucose-specific EIICBA component
M6151_00243	CDS	102				Mgp-operon protein 3
M6151_00244	CDS	177				hypothetical protein
M6151_00245	CDS	234	mgpA_7			Adhesin P1
M6151_00246	CDS	354				hypothetical protein
M6151_00247	CDS	237				hypothetical protein
M6151_00248	CDS	276				hypothetical protein
M6151_00249	CDS	213				hypothetical protein
M6151_00250	CDS	231				hypothetical protein
M6151_00251	CDS	1425				hypothetical protein
M6151_00252	CDS	186				hypothetical protein
M6151_00253	CDS	210				hypothetical protein
M6151_00254	CDS	1041	tkt_1	2.2.1.1		Transketolase
M6151_00255	CDS	852	tkt_2	2.2.1.1		Transketolase
M6151_00256	CDS	684	bceA		COG1136	Bacitracin export ATP-binding protein BceA
M6151_00257	CDS	201				hypothetical protein
M6151_00258	CDS	1104				hypothetical protein
M6151_00259	CDS	495				hypothetical protein
M6151_00260	CDS	153				hypothetical protein
M6151_00261	CDS	207				hypothetical protein
M6151_00262	CDS	309				hypothetical protein
M6151_00263	CDS	891				hypothetical protein
M6151_00264	CDS	204				hypothetical protein
M6151_00265	CDS	768	fruK	2.7.1.56		Putative 1-phosphofructokinase
M6151_00266	CDS	1749	fruA		COG1299	PTS system fructose-specific EIIABC component
M6151_00267	CDS	267				hypothetical protein
M6151_00268	tRNA	89				tRNA-Ser(gct)
M6151_00269	CDS	234				hypothetical protein
M6151_00270	CDS	711				hypothetical protein
M6151_00271	CDS	447				hypothetical protein
M6151_00272	CDS	213				hypothetical protein
M6151_00273	CDS	159				hypothetical protein
M6151_00274	CDS	267				hypothetical protein
M6151_00275	CDS	351	smpB		COG0691	SsrA-binding protein
M6151_00276	CDS	1092	prs	2.7.6.1	COG0462	Ribose-phosphate pyrophosphokinase
M6151_00277	CDS	384	rnmV	3.1.26.8	COG1658	Ribonuclease M5
M6151_00278	CDS	600	rsmI	2.1.1.198	COG0313	Ribosomal RNA small subunit methyltransferase I
M6151_00279	CDS	102				hypothetical protein
M6151_00280	CDS	243				hypothetical protein
M6151_00281	CDS	216				hypothetical protein
M6151_00282	CDS	324	nusG_1			Transcription termination/antitermination protein NusG
M6151_00283	CDS	522	nusG_2			Transcription termination/antitermination protein NusG
M6151_00284	CDS	219				hypothetical protein
M6151_00285	CDS	327		5.4.2.8	COG1109	putative phosphomannomutase
M6151_00286	CDS	948	pgcA	5.4.2.2		Phosphoglucomutase
M6151_00287	CDS	393	cdd	3.5.4.5	COG0295	Cytidine deaminase
M6151_00288	CDS	165				hypothetical protein
M6151_00289	CDS	924	pdp	2.4.2.2	COG0213	Pyrimidine-nucleoside phosphorylase
M6151_00290	CDS	672	deoC1	4.1.2.4		Deoxyribose-phosphate aldolase 1
M6151_00291	CDS	363	deoD_1	2.4.2.1		Purine nucleoside phosphorylase DeoD-type
M6151_00292	CDS	408	deoD_2	2.4.2.1	COG0813	Purine nucleoside phosphorylase DeoD-type
M6151_00293	CDS	336	ffh_1		COG0541	Signal recognition particle protein
M6151_00294	CDS	723	ffh_2		COG0541	Signal recognition particle protein
M6151_00295	CDS	120	srp54			Signal recognition particle 54 kDa protein
M6151_00296	CDS	258				hypothetical protein
M6151_00297	CDS	495	metK_1	2.5.1.6		S-adenosylmethionine synthase
M6151_00298	CDS	231	metK_2	2.5.1.6		S-adenosylmethionine synthase
M6151_00299	CDS	162	OSGEPL1	2.3.1.234		tRNA N6-adenosine threonylcarbamoyltransferase, mitochondrial
M6151_00300	CDS	615	tsaD	2.3.1.234	COG0533	tRNA N6-adenosine threonylcarbamoyltransferase
M6151_00301	CDS	834				hypothetical protein
M6151_00302	CDS	285				hypothetical protein
M6151_00303	CDS	378				hypothetical protein
M6151_00304	CDS	405				hypothetical protein
M6151_00305	CDS	495				hypothetical protein
M6151_00306	CDS	129				hypothetical protein
M6151_00307	CDS	330	cysA	7.3.2.3	COG1118	Sulfate/thiosulfate import ATP-binding protein CysA
M6151_00308	CDS	153				hypothetical protein
M6151_00309	CDS	324	potA	7.6.2.11	COG3842	Spermidine/putrescine import ATP-binding protein PotA
M6151_00310	CDS	267	ptsH			Phosphocarrier protein HPr
M6151_00311	CDS	246				hypothetical protein
M6151_00312	CDS	597				hypothetical protein
M6151_00313	CDS	276				hypothetical protein
M6151_00314	CDS	219				putative protein MG039 
M6151_00315	CDS	135				putative protein MG039 
M6151_00316	CDS	375				putative protein MG039 
M6151_00317	CDS	135	glpK_1	2.7.1.30	COG0554	Glycerol kinase
M6151_00318	CDS	90				hypothetical protein
M6151_00319	CDS	261				hypothetical protein
M6151_00320	CDS	324	glpK_2	2.7.1.30		Glycerol kinase
M6151_00321	CDS	180	glpK_3	2.7.1.30	COG0554	Glycerol kinase
M6151_00322	CDS	351				hypothetical protein
M6151_00323	CDS	96				hypothetical protein
M6151_00324	CDS	666				hypothetical protein
M6151_00325	CDS	165				hypothetical protein
M6151_00326	CDS	225	aspS_1	6.1.1.12	COG0173	Aspartate--tRNA(Asp) ligase
M6151_00327	CDS	537	aspS_2	6.1.1.12		Aspartate--tRNA(Asp/Asn) ligase
M6151_00328	CDS	249	hisS_1	6.1.1.21		Histidine--tRNA ligase
M6151_00329	CDS	147				hypothetical protein
M6151_00330	CDS	528	hisS_2	6.1.1.21		Histidine--tRNA ligase
M6151_00331	CDS	123				hypothetical protein
M6151_00332	CDS	153				hypothetical protein
M6151_00333	CDS	243				hypothetical protein
M6151_00334	CDS	129				hypothetical protein
M6151_00335	CDS	981				hypothetical protein
M6151_00336	CDS	201	polC_1	2.7.7.7		DNA polymerase III PolC-type
M6151_00337	CDS	294	polC_2	2.7.7.7		DNA polymerase III PolC-type
M6151_00338	CDS	90	polC_3	2.7.7.7		DNA polymerase III PolC-type
M6151_00339	CDS	468	polC_4	2.7.7.7		DNA polymerase III PolC-type
M6151_00340	CDS	675	polC_5	2.7.7.7		DNA polymerase III PolC-type
M6151_00341	CDS	171	polC_6	2.7.7.7		DNA polymerase III PolC-type
M6151_00342	CDS	435	polC_7	2.7.7.7		DNA polymerase III PolC-type
M6151_00343	CDS	255	polC_8	2.7.7.7		DNA polymerase III PolC-type
M6151_00344	CDS	204	polC_9	2.7.7.7		DNA polymerase III PolC-type
M6151_00345	CDS	462	polC_10	2.7.7.7		DNA polymerase III PolC-type
M6151_00346	CDS	621	upp	2.4.2.9	COG0035	Uracil phosphoribosyltransferase
M6151_00347	CDS	594				hypothetical protein
M6151_00348	CDS	171				hypothetical protein
M6151_00349	CDS	219			COG0781	putative protein MG027
M6151_00350	CDS	168			COG0781	putative protein MG027
M6151_00351	CDS	573	efp			Elongation factor P
M6151_00352	CDS	120				hypothetical protein
M6151_00353	CDS	654				hypothetical protein
M6151_00354	CDS	108	OLA1			Obg-like ATPase 1
M6151_00355	CDS	888	ychF		COG0012	Ribosome-binding ATPase YchF
M6151_00356	CDS	297	fba_1	4.1.2.13	COG0191	Fructose-bisphosphate aldolase
M6151_00357	CDS	531	fba_2	4.1.2.13		Fructose-bisphosphate aldolase
M6151_00358	CDS	213	rpoE			DNA-directed RNA polymerase subunit delta
M6151_00359	CDS	93				hypothetical protein
M6151_00360	CDS	237	metG_1	6.1.1.10		Methionine--tRNA ligase
M6151_00361	CDS	396	metG_2	6.1.1.10		Methionine--tRNA ligase
M6151_00362	CDS	243	metG_3	6.1.1.10		Methionine--tRNA ligase
M6151_00363	CDS	255				hypothetical protein
M6151_00364	CDS	168				hypothetical protein
M6151_00365	CDS	201	pip	3.4.11.5	COG0596	Proline iminopeptidase
M6151_00366	CDS	1170	dnaJ_1			Chaperone protein DnaJ
M6151_00367	CDS	552				hypothetical protein
M6151_00368	CDS	114				hypothetical protein
M6151_00369	CDS	435				hypothetical protein
M6151_00370	CDS	912				hypothetical protein
M6151_00371	CDS	372				hypothetical protein
M6151_00372	CDS	357			COG1132	putative ABC transporter ATP-binding protein
M6151_00373	CDS	615			COG1132	putative ABC transporter ATP-binding protein
M6151_00374	CDS	273				hypothetical protein
M6151_00375	CDS	426			COG1132	putative ABC transporter ATP-binding protein
M6151_00376	CDS	432				hypothetical protein
M6151_00377	CDS	756				hypothetical protein
M6151_00378	tRNA	77				tRNA-Ile(gat)
M6151_00379	tRNA	76				tRNA-Ala(tgc)
M6151_00380	CDS	636	folD		COG0190	Bifunctional protein FolD protein
M6151_00381	CDS	216				hypothetical protein
M6151_00382	CDS	489	rimK	6.3.2.-	COG0189	Ribosomal protein S6--L-glutamate ligase
M6151_00383	CDS	309				hypothetical protein
M6151_00384	CDS	228				hypothetical protein
M6151_00385	CDS	177				hypothetical protein
M6151_00386	CDS	642	ycfH	3.1.-.-	COG0084	putative metal-dependent hydrolase YcfH
M6151_00387	CDS	1137	mnmE	3.6.-.-		tRNA modification GTPase MnmE
M6151_00388	CDS	288				hypothetical protein
M6151_00389	CDS	168				hypothetical protein
M6151_00390	CDS	633	tmk	2.7.4.9	COG0125	Thymidylate kinase
M6151_00391	CDS	252	serS_1	6.1.1.11	COG0172	Serine--tRNA ligase
M6151_00392	CDS	189	serS_2	6.1.1.11		Serine--tRNA ligase
M6151_00393	CDS	564	serS_3	6.1.1.11	COG0172	Serine--tRNA ligase
M6151_00394	CDS	2511	gyrA_1	5.6.2.2		DNA gyrase subunit A
M6151_00395	CDS	153	gyrB_1	5.6.2.2		DNA gyrase subunit B
M6151_00396	CDS	1029	gyrB_2	5.6.2.2		DNA gyrase subunit B
M6151_00397	CDS	195	gyrB_3	5.6.2.2		DNA gyrase subunit B
M6151_00398	CDS	246	gyrB_4	5.6.2.2		DNA gyrase subunit B
M6151_00399	CDS	135	gyrB_5	5.6.2.2		DNA gyrase subunit B
M6151_00400	CDS	156				hypothetical protein
M6151_00401	CDS	246	dnaJ_2			Chaperone protein DnaJ
M6151_00402	CDS	1143	dnaN		COG0592	Beta sliding clamp
M6151_00403	CDS	810			COG1192	putative protein
M6151_00404	CDS	246				putative protein MPN_687
M6151_00405	CDS	1314	dnaA			Chromosomal replication initiator protein DnaA
M6151_00406	CDS	849	btuD_3	7.6.2.8		Vitamin B12 import ATP-binding protein BtuD
M6151_00407	CDS	876				putative ABC transporter permease MG468 
M6151_00408	CDS	261				hypothetical protein
M6151_00409	CDS	204				putative ABC transporter permease MG468 
M6151_00410	CDS	150				hypothetical protein
M6151_00411	CDS	171				putative ABC transporter permease MG468 
M6151_00412	CDS	774				putative ABC transporter permease MG468 
M6151_00413	CDS	1722				putative ABC transporter permease MG468 
M6151_00414	CDS	354				putative ABC transporter permease MG468 
M6151_00415	CDS	396	macB	3.6.3.-		Macrolide export ATP-binding/permease protein MacB
M6151_00416	CDS	147	rpmH		COG0230	50S ribosomal protein L34
M6151_00417	CDS	429	yidC			Membrane protein insertase YidC
M6151_00418	CDS	315				hypothetical protein
M6151_00419	CDS	780	rsmA	2.1.1.182	COG0030	Ribosomal RNA small subunit methyltransferase A
M6151_00420	CDS	498	gltX_1	6.1.1.17		Glutamate--tRNA ligase
M6151_00421	CDS	243	gltX_2	6.1.1.17		Glutamate--tRNA ligase
M6151_00422	CDS	222				hypothetical protein
M6151_00423	CDS	159	gltX_3	6.1.1.17		Glutamate--tRNA ligase
M6151_00424	CDS	759				hypothetical protein
M6151_00425	CDS	270				hypothetical protein
M6151_00426	CDS	939	ldh	1.1.1.27		L-lactate dehydrogenase
M6151_00427	CDS	309				hypothetical protein
M6151_00428	CDS	528	hpt	2.4.2.8		Hypoxanthine-guanine phosphoribosyltransferase
M6151_00429	CDS	159				hypothetical protein
M6151_00430	CDS	159				hypothetical protein
M6151_00431	CDS	1428	ftsH	3.4.24.-	COG0465	ATP-dependent zinc metalloprotease FtsH
M6151_00432	CDS	222				hypothetical protein
M6151_00433	CDS	279				hypothetical protein
M6151_00434	CDS	717				hypothetical protein
M6151_00435	CDS	333				hypothetical protein
M6151_00436	CDS	225	tyrS1	6.1.1.1	COG0162	Tyrosine--tRNA ligase 1
M6151_00437	CDS	351	tyrS	6.1.1.1	COG0162	Tyrosine--tRNA ligase
M6151_00438	CDS	468	ohrB		COG1764	Organic hydroperoxide resistance protein OhrB
M6151_00439	CDS	879	gtaB	2.7.7.9		UTP--glucose-1-phosphate uridylyltransferase
M6151_00440	CDS	378				hypothetical protein
M6151_00441	CDS	150				hypothetical protein
M6151_00442	CDS	1185	tuf			Elongation factor Tu
M6151_00443	CDS	309				hypothetical protein
M6151_00444	CDS	270				hypothetical protein
M6151_00445	CDS	126				hypothetical protein
M6151_00446	CDS	402				hypothetical protein
M6151_00447	CDS	204	msrAB		COG0225	Peptide methionine sulfoxide reductase MsrA/MsrB
M6151_00448	CDS	186	msrB	1.8.4.12		Peptide methionine sulfoxide reductase MsrB
M6151_00449	CDS	429				hypothetical protein
M6151_00450	CDS	930				hypothetical protein
M6151_00451	CDS	138				hypothetical protein
M6151_00452	CDS	156	rpsP		COG0228	30S ribosomal protein S16
M6151_00453	CDS	114				hypothetical protein
M6151_00454	CDS	543	trmD	2.1.1.228		tRNA (guanine-N(1)-)-methyltransferase
M6151_00455	CDS	360	rplS		COG0335	50S ribosomal protein L19
M6151_00456	CDS	498				hypothetical protein
M6151_00457	CDS	393				hypothetical protein
M6151_00458	CDS	813	rbgA		COG1161	Ribosome biogenesis GTPase A
M6151_00459	CDS	195				hypothetical protein
M6151_00460	CDS	573				hypothetical protein
M6151_00461	CDS	210				hypothetical protein
M6151_00462	CDS	354				hypothetical protein
M6151_00463	CDS	552			COG0732	Putative type-1 restriction enzyme specificity protein MG438
M6151_00464	CDS	516			COG0732	Putative type-1 restriction enzyme specificity protein MG438
M6151_00465	CDS	171				hypothetical protein
M6151_00466	CDS	90				hypothetical protein
M6151_00467	CDS	306				hypothetical protein
M6151_00468	CDS	429	frr			Ribosome-recycling factor
M6151_00469	CDS	732	pyrH	2.7.4.22	COG0528	Uridylate kinase
M6151_00470	CDS	393	tsf		COG0264	Elongation factor Ts
M6151_00471	CDS	117	TSFM			Elongation factor Ts, mitochondrial
M6151_00472	CDS	333				hypothetical protein
M6151_00473	CDS	276				hypothetical protein
M6151_00474	CDS	213				hypothetical protein
M6151_00475	CDS	489	tpiA	5.3.1.1		Triosephosphate isomerase
M6151_00476	CDS	1524	gpmI	5.4.2.12		2,3-bisphosphoglycerate-independent phosphoglycerate mutase
M6151_00477	CDS	720	ptsI_1	2.7.3.9		Phosphoenolpyruvate-protein phosphotransferase
M6151_00478	CDS	189				hypothetical protein
M6151_00479	CDS	498	ptsI_2	2.7.3.9		Phosphoenolpyruvate-protein phosphotransferase
M6151_00480	CDS	231	ptsI_3	2.7.3.9	COG1080	Phosphoenolpyruvate-protein phosphotransferase
M6151_00481	CDS	297				hypothetical protein
M6151_00482	CDS	291		1.11.1.-	COG1765	Hydroperoxide reductase
M6151_00483	CDS	195				hypothetical protein
M6151_00484	CDS	948	rhpA	3.6.4.13		DEAD-box ATP-dependent RNA helicase RhpA
M6151_00485	CDS	339	cshA	3.6.4.13	COG0513	DEAD-box ATP-dependent RNA helicase CshA
M6151_00486	CDS	261	rpsO			30S ribosomal protein S15
M6151_00487	CDS	162	rnjB_1	3.1.-.-	COG0595	Ribonuclease J2
M6151_00488	CDS	1446	rnjB_2	3.1.-.-	COG0595	Ribonuclease J2
M6151_00489	CDS	165				hypothetical protein
M6151_00490	CDS	192				hypothetical protein
M6151_00491	CDS	438				hypothetical protein
M6151_00492	CDS	153				hypothetical protein
M6151_00493	CDS	354				hypothetical protein
M6151_00494	CDS	270				hypothetical protein
M6151_00495	CDS	264				hypothetical protein
M6151_00496	CDS	519	uvrA_1			UvrABC system protein A
M6151_00497	CDS	1635	uvrA_2			UvrABC system protein A
M6151_00498	CDS	198	dnaX	2.7.7.7	COG2812	DNA polymerase III subunit tau
M6151_00499	CDS	1107				hypothetical protein
M6151_00500	CDS	117				hypothetical protein
M6151_00501	CDS	231	rplM_1		COG0102	50S ribosomal protein L13
M6151_00502	CDS	186	rplM_2		COG0102	50S ribosomal protein L13
M6151_00503	CDS	399	rpsI		COG0103	30S ribosomal protein S9
M6151_00504	CDS	645				hypothetical protein
M6151_00505	CDS	501				hypothetical protein
M6151_00506	CDS	495				hypothetical protein
M6151_00507	CDS	252				hypothetical protein
M6151_00508	CDS	294				hypothetical protein
M6151_00509	CDS	639				hypothetical protein
M6151_00510	CDS	744				hypothetical protein
M6151_00511	CDS	306				hypothetical protein
M6151_00512	CDS	387				hypothetical protein
M6151_00513	CDS	201				hypothetical protein
M6151_00514	CDS	651				hypothetical protein
M6151_00515	CDS	177				hypothetical protein
M6151_00516	CDS	630				hypothetical protein
M6151_00517	CDS	234				hypothetical protein
M6151_00518	CDS	156	pstB3_1	7.3.2.1	COG1117	Phosphate import ATP-binding protein PstB 3
M6151_00519	CDS	345	pstB3_2	7.3.2.1	COG1117	Phosphate import ATP-binding protein PstB 3
M6151_00520	CDS	678				hypothetical protein
M6151_00521	CDS	744	eno_1	4.2.1.11		Enolase
M6151_00522	CDS	375	eno_2	4.2.1.11	COG0148	Enolase
M6151_00523	CDS	273				hypothetical protein
M6151_00524	CDS	180				hypothetical protein
M6151_00525	CDS	291				hypothetical protein
M6151_00526	CDS	102				hypothetical protein
M6151_00527	CDS	129				hypothetical protein
M6151_00528	CDS	309	atpH			ATP synthase subunit c
M6151_00529	CDS	246	atpF			ATP synthase subunit b
M6151_00530	CDS	531	atpD_1			ATP synthase subunit delta
M6151_00531	CDS	747	atpA_1	7.1.2.2	COG0056	ATP synthase subunit alpha
M6151_00532	CDS	789	atpA_2	7.2.2.1		ATP synthase subunit alpha, sodium ion specific
M6151_00533	CDS	348	atpG_1		COG0224	ATP synthase gamma chain
M6151_00534	CDS	396	atpG_2		COG0224	ATP synthase gamma chain, sodium ion specific
M6151_00535	CDS	1431	atpD_2	7.2.2.1	COG0055	ATP synthase subunit beta, sodium ion specific
M6151_00536	CDS	402	atpC			ATP synthase epsilon chain
M6151_00537	CDS	312				hypothetical protein
M6151_00538	CDS	351				hypothetical protein
M6151_00539	CDS	768				hypothetical protein
M6151_00540	CDS	459	rpiB	5.3.1.6	COG0698	Ribose-5-phosphate isomerase B
M6151_00541	CDS	132				hypothetical protein
M6151_00542	CDS	348				hypothetical protein
M6151_00543	CDS	708				hypothetical protein
M6151_00544	CDS	870	glyA_1	2.1.2.1	COG0112	Serine hydroxymethyltransferase
M6151_00545	CDS	327	glyA_2	2.1.2.1	COG0112	Serine hydroxymethyltransferase
M6151_00546	CDS	333	groS			10 kDa chaperonin
M6151_00547	CDS	1632	groL			60 kDa chaperonin
M6151_00548	CDS	1056	pepA_1	3.4.11.10		cytosol aminopeptidase
M6151_00549	CDS	234	pepA_2	3.4.11.10		cytosol aminopeptidase
M6151_00550	CDS	294				hypothetical protein
M6151_00551	CDS	681				hypothetical protein
M6151_00552	CDS	348				hypothetical protein
M6151_00553	CDS	111				hypothetical protein
M6151_00554	CDS	195				hypothetical protein
M6151_00555	CDS	324	ybeY	3.1.-.-		Endoribonuclease YbeY
M6151_00556	CDS	480	era_1			GTPase Era
M6151_00557	CDS	204	era_2			GTPase Era
M6151_00558	CDS	495				Protein P200
M6151_00559	CDS	168				hypothetical protein
M6151_00560	CDS	2406				hypothetical protein
M6151_00561	CDS	270				hypothetical protein
M6151_00562	CDS	108				hypothetical protein
M6151_00563	CDS	447				hypothetical protein
M6151_00564	CDS	177				hypothetical protein
M6151_00565	CDS	981	obg	3.6.5.-	COG0536	GTPase Obg
M6151_00566	CDS	444	nadE	6.3.1.5	COG0171	NH(3)-dependent NAD(+) synthetase
M6151_00567	CDS	156				hypothetical protein
M6151_00568	CDS	204	udk	2.7.1.48	COG0572	Uridine kinase
M6151_00569	tRNA	76				tRNA-Arg(tct)
M6151_00570	CDS	345				hypothetical protein
M6151_00571	CDS	579	rsmG	2.1.1.170		Ribosomal RNA small subunit methyltransferase G
M6151_00572	CDS	534	mnmG_1			tRNA uridine 5-carboxymethylaminomethyl modification enzyme MnmG
M6151_00573	CDS	1305	mnmG_2			tRNA uridine 5-carboxymethylaminomethyl modification enzyme MnmG
M6151_00574	CDS	180				hypothetical protein
M6151_00575	CDS	453	argS_1	6.1.1.19	COG0018	Arginine--tRNA ligase
M6151_00576	CDS	177				hypothetical protein
M6151_00577	CDS	441	argS_2	6.1.1.19	COG0018	Arginine--tRNA ligase
M6151_00578	CDS	381				putative protein MG377 
M6151_00579	CDS	159				putative protein MG377 
M6151_00580	CDS	150				putative protein MG376 
M6151_00581	CDS	318				hypothetical protein
M6151_00582	CDS	183	thrS_1	6.1.1.3		Threonine--tRNA ligase
M6151_00583	CDS	477	thrS_2	6.1.1.3		Threonine--tRNA ligase
M6151_00584	CDS	585	thrS_3	6.1.1.3		Threonine--tRNA ligase
M6151_00585	CDS	129				hypothetical protein
M6151_00586	CDS	357				hypothetical protein
M6151_00587	CDS	168				hypothetical protein
M6151_00588	CDS	360				hypothetical protein
M6151_00589	CDS	162				hypothetical protein
M6151_00590	CDS	1158	thiI	2.8.1.4	COG0301	putative tRNA sulfurtransferase
M6151_00591	CDS	378	nrnA_2	3.1.-.-	COG0618	Bifunctional oligoribonuclease and PAP phosphatase NrnA
M6151_00592	CDS	99				hypothetical protein
M6151_00593	CDS	255				hypothetical protein
M6151_00594	CDS	120				hypothetical protein
M6151_00595	CDS	594	rluC	5.4.99.24	COG0564	Ribosomal large subunit pseudouridine synthase C
M6151_00596	CDS	270				hypothetical protein
M6151_00597	CDS	513				putative protein
M6151_00598	CDS	1155				putative protein
M6151_00599	CDS	987	plsX	2.3.1.274		Phosphate acyltransferase
M6151_00600	CDS	297	rnc	3.1.26.3		Ribonuclease 3
M6151_00601	CDS	123				hypothetical protein
M6151_00602	CDS	282				hypothetical protein
M6151_00603	CDS	942				hypothetical protein
M6151_00604	CDS	366	fmt	2.1.2.9		Methionyl-tRNA formyltransferase
M6151_00605	CDS	132				hypothetical protein
M6151_00606	CDS	357				hypothetical protein
M6151_00607	CDS	156				hypothetical protein
M6151_00608	CDS	267				hypothetical protein
M6151_00609	CDS	174	rpmF			50S ribosomal protein L32
M6151_00610	CDS	369	rplL			50S ribosomal protein L7/L12
M6151_00611	CDS	489	rplJ			50S ribosomal protein L10
M6151_00612	CDS	564	dinB	2.7.7.7	COG0389	DNA polymerase IV
M6151_00613	CDS	288				hypothetical protein
M6151_00614	CDS	924	ruvB	3.6.4.12	COG2255	Holliday junction ATP-dependent DNA helicase RuvB
M6151_00615	CDS	501	ruvA	3.6.4.12		Holliday junction ATP-dependent DNA helicase RuvA
M6151_00616	CDS	228				hypothetical protein
M6151_00617	CDS	210				hypothetical protein
M6151_00618	CDS	498	ackA_1	2.7.2.1	COG0282	Acetate kinase
M6151_00619	CDS	513	ackA_2	2.7.2.1	COG0282	Acetate kinase
M6151_00620	CDS	360				hypothetical protein
M6151_00621	CDS	639	clpB_1			Chaperone protein ClpB
M6151_00622	CDS	273	clpB_2			Chaperone protein ClpB
M6151_00623	CDS	885	clpB_3		COG0542	Chaperone protein ClpB
M6151_00624	CDS	414				putative protein MG354
M6151_00625	CDS	315				hypothetical protein
M6151_00626	CDS	309	recU	3.1.22.4	COG3331	Holliday junction resolvase RecU
M6151_00627	CDS	219	ppa_1	3.6.1.1	COG0221	Inorganic pyrophosphatase
M6151_00628	CDS	162	ppa_2	3.6.1.1	COG0221	Inorganic pyrophosphatase
M6151_00629	CDS	210				hypothetical protein
M6151_00630	tRNA	81				tRNA-Leu(caa)
M6151_00631	CDS	261				hypothetical protein
M6151_00632	CDS	216				hypothetical protein
M6151_00633	CDS	342				hypothetical protein
M6151_00634	CDS	243				hypothetical protein
M6151_00635	CDS	117				hypothetical protein
M6151_00636	tRNA	88				tRNA-Leu(gag)
M6151_00637	CDS	246				hypothetical protein
M6151_00638	CDS	522				hypothetical protein
M6151_00639	tRNA	76				tRNA-His(gtg)
M6151_00640	CDS	156				hypothetical protein
M6151_00641	CDS	342	trmB	2.1.1.33	COG0220	tRNA (guanine-N(7)-)-methyltransferase
M6151_00642	CDS	114				hypothetical protein
M6151_00643	CDS	168	trmL	2.1.1.207	COG0219	tRNA (cytidine(34)-2'-O)-methyltransferase
M6151_00644	CDS	366	ileS_1	6.1.1.5		Isoleucine--tRNA ligase
M6151_00645	CDS	273	ileS_2	6.1.1.5		Isoleucine--tRNA ligase
M6151_00646	CDS	246	ileS_3	6.1.1.5		Isoleucine--tRNA ligase
M6151_00647	CDS	138				hypothetical protein
M6151_00648	CDS	216				hypothetical protein
M6151_00649	CDS	210				hypothetical protein
M6151_00650	CDS	285				hypothetical protein
M6151_00651	CDS	240				hypothetical protein
M6151_00652	CDS	396				hypothetical protein
M6151_00653	CDS	183				hypothetical protein
M6151_00654	CDS	507				hypothetical protein
M6151_00655	CDS	2697	rpoB_1	2.7.7.6		DNA-directed RNA polymerase subunit beta
M6151_00656	CDS	1077	rpoB_2	2.7.7.6	COG0085	DNA-directed RNA polymerase subunit beta
M6151_00657	CDS	270	rpoB_3	2.7.7.6	COG0085	DNA-directed RNA polymerase subunit beta
M6151_00658	CDS	99				hypothetical protein
M6151_00659	CDS	2046	rpoC_1	2.7.7.6	COG0086	DNA-directed RNA polymerase subunit beta'
M6151_00660	CDS	1524	rpoC_2	2.7.7.6	COG0086	DNA-directed RNA polymerase subunit beta'
M6151_00661	CDS	399	mgpA_8			Adhesin P1
M6151_00662	CDS	354				hypothetical protein
M6151_00663	tRNA	75				tRNA-SeC(tca)
M6151_00664	CDS	513				hypothetical protein
M6151_00665	CDS	159				hypothetical protein
M6151_00666	CDS	210				hypothetical protein
M6151_00667	CDS	138				hypothetical protein
M6151_00668	CDS	234				hypothetical protein
M6151_00669	CDS	141				hypothetical protein
M6151_00670	CDS	822	proS	6.1.1.15	COG0442	Proline--tRNA ligase
M6151_00671	CDS	327				hypothetical protein
M6151_00672	CDS	135				hypothetical protein
M6151_00673	CDS	486	greA		COG0782	Transcription elongation factor GreA
M6151_00674	tRNA	87				tRNA-Tyr(gta)
M6151_00675	tRNA	75				tRNA-Gln(ttg)
M6151_00676	tRNA	75				tRNA-Lys(ttt)
M6151_00677	tRNA	86				tRNA-Leu(taa)
M6151_00678	tRNA	74				tRNA-Gly(tcc)
M6151_00679	CDS	657				putative protein MG281
M6151_00680	CDS	831				putative protein MG281
M6151_00681	CDS	798				hypothetical protein
M6151_00682	CDS	657				hypothetical protein
M6151_00683	CDS	195				hypothetical protein
M6151_00684	CDS	144				hypothetical protein
M6151_00685	CDS	258				hypothetical protein
M6151_00686	CDS	1389				hypothetical protein
M6151_00687	CDS	309				hypothetical protein
M6151_00688	CDS	456				hypothetical protein
M6151_00689	CDS	435				hypothetical protein
M6151_00690	CDS	687				hypothetical protein
M6151_00691	CDS	543	apt	2.4.2.7	COG0503	Adenine phosphoribosyltransferase
M6151_00692	CDS	345	nox	1.6.99.3	COG0446	NADH oxidase
M6151_00693	CDS	1083		1.6.99.3		putative NADH oxidase
M6151_00694	CDS	171	pdhA_1	1.2.4.1		Pyruvate dehydrogenase E1 component subunit alpha
M6151_00695	CDS	153	pdhA_2	1.2.4.1		Pyruvate dehydrogenase E1 component subunit alpha
M6151_00696	CDS	111	pdhA_3	1.2.4.1		Pyruvate dehydrogenase E1 component subunit alpha
M6151_00697	CDS	372	pdhA_4	1.2.4.1		Pyruvate dehydrogenase E1 component subunit alpha
M6151_00698	CDS	732	pdhB_1	1.2.4.1		Pyruvate dehydrogenase E1 component subunit beta
M6151_00699	CDS	225	pdhB_2	1.2.4.1		Pyruvate dehydrogenase E1 component subunit beta
M6151_00700	CDS	1155	pdhC	2.3.1.12		Dihydrolipoyllysine-residue acetyltransferase component of pyruvate dehydrogenase complex
M6151_00701	CDS	237	pdhD_1	1.8.1.4		Dihydrolipoyl dehydrogenase
M6151_00702	CDS	1014	pdhD_2	1.8.1.4		Dihydrolipoyl dehydrogenase
M6151_00703	CDS	522	lplA	6.3.1.20	COG0095	Lipoate-protein ligase A
M6151_00704	CDS	111				hypothetical protein
M6151_00705	CDS	387				hypothetical protein
M6151_00706	CDS	1023				hypothetical protein
M6151_00707	CDS	378				hypothetical protein
M6151_00708	CDS	201				hypothetical protein
M6151_00709	CDS	123				hypothetical protein
M6151_00710	CDS	186	leuS_1	6.1.1.4		Leucine--tRNA ligase
M6151_00711	CDS	489	leuS_2	6.1.1.4	COG0495	Leucine--tRNA ligase
M6151_00712	CDS	204	leuS_3	6.1.1.4		Leucine--tRNA ligase
M6151_00713	CDS	522	leuS_4	6.1.1.4		Leucine--tRNA ligase
M6151_00714	CDS	837	yitU	3.1.3.104	COG0561	5-amino-6-(5-phospho-D-ribitylamino)uracil phosphatase YitU
M6151_00715	CDS	219				hypothetical protein
M6151_00716	CDS	279	coaE	2.7.1.24	COG0237	Dephospho-CoA kinase
M6151_00717	CDS	198				hypothetical protein
M6151_00718	CDS	147				hypothetical protein
M6151_00719	CDS	855	mutM	3.2.2.23	COG0266	Formamidopyrimidine-DNA glycosylase
M6151_00720	CDS	756	polA	2.7.7.7		DNA polymerase I
M6151_00721	CDS	174				hypothetical protein
M6151_00722	CDS	444	dnaE	2.7.7.7	COG0587	DNA polymerase III subunit alpha
M6151_00723	CDS	1113	dnaE2_1	2.7.7.7		Error-prone DNA polymerase
M6151_00724	CDS	363	dnaE2_2	2.7.7.7		Error-prone DNA polymerase
M6151_00725	CDS	231				putative protein MPN_377
M6151_00726	tRNA	77				tRNA-Arg(tcg)
M6151_00727	CDS	273				hypothetical protein
M6151_00728	CDS	165				hypothetical protein
M6151_00729	CDS	177				hypothetical protein
M6151_00730	CDS	243				hypothetical protein
M6151_00731	CDS	132				hypothetical protein
M6151_00732	CDS	351				hypothetical protein
M6151_00733	CDS	1146				hypothetical protein
M6151_00734	CDS	636				hypothetical protein
M6151_00735	CDS	432				hypothetical protein
M6151_00736	CDS	276	prmC	2.1.1.297		Release factor glutamine methyltransferase
M6151_00737	CDS	126				hypothetical protein
M6151_00738	CDS	606	prfA_1		COG0216	Peptide chain release factor 1
M6151_00739	CDS	441	prfA_2			Peptide chain release factor 1
M6151_00740	CDS	294				hypothetical protein
M6151_00741	CDS	141				hypothetical protein
M6151_00742	CDS	180				hypothetical protein
M6151_00743	tRNA	74				tRNA-Trp(cca)
M6151_00744	tRNA	75				tRNA-Arg(cct)
M6151_00745	CDS	741				hypothetical protein
M6151_00746	CDS	303				hypothetical protein
M6151_00747	tRNA	74				tRNA-Gly(gcc)
M6151_00748	CDS	714	ligA_1	6.5.1.2	COG0272	DNA ligase
M6151_00749	CDS	1197	ligA_2	6.5.1.2	COG0272	DNA ligase
M6151_00750	CDS	540	cysS_1	6.1.1.16	COG0215	Cysteine--tRNA ligase
M6151_00751	CDS	261	cysS_2	6.1.1.16	COG0215	Cysteine--tRNA ligase
M6151_00752	CDS	168				hypothetical protein
M6151_00753	CDS	306		2.1.1.-		Putative TrmH family tRNA/rRNA methyltransferase
M6151_00754	CDS	228	glyQS_1	6.1.1.14	COG0423	Glycine--tRNA ligase
M6151_00755	CDS	438	glyQS_2	6.1.1.14	COG0423	Glycine--tRNA ligase
M6151_00756	CDS	309	glyQS_3	6.1.1.14		Glycine--tRNA ligase
M6151_00757	CDS	174	glyQS_4	6.1.1.14		Glycine--tRNA ligase
M6151_00758	CDS	243	dnaG_1	2.7.7.-	COG0358	DNA primase
M6151_00759	CDS	630	dnaG_2	2.7.7.-	COG0358	DNA primase
M6151_00760	CDS	201				hypothetical protein
M6151_00761	CDS	126				hypothetical protein
M6151_00762	CDS	135				hypothetical protein
M6151_00763	CDS	366				hypothetical protein
M6151_00764	CDS	405	rpoD			RNA polymerase sigma factor RpoD
M6151_00765	CDS	516	sigA		COG0568	RNA polymerase sigma factor SigA
M6151_00766	CDS	657				hypothetical protein
M6151_00767	CDS	237	plsY	2.3.1.275		Glycerol-3-phosphate acyltransferase
M6151_00768	CDS	186				hypothetical protein
M6151_00769	CDS	645		3.1.-.-		Putative phosphatase/phosphodiesterase MPN_349
M6151_00770	CDS	156		3.1.-.-		Putative phosphatase/phosphodiesterase MPN_349
M6151_00771	CDS	498		6.3.3.2		5-formyltetrahydrofolate cyclo-ligase
M6151_00772	CDS	558	pcrA_1	3.6.4.12		ATP-dependent DNA helicase PcrA
M6151_00773	CDS	360				hypothetical protein
M6151_00774	CDS	765	pcrA_2	3.6.4.12		ATP-dependent DNA helicase PcrA
M6151_00775	CDS	372				hypothetical protein
M6151_00776	CDS	294				hypothetical protein
M6151_00777	CDS	165				hypothetical protein
M6151_00778	CDS	117				hypothetical protein
M6151_00779	CDS	219				hypothetical protein
M6151_00780	CDS	681				hypothetical protein
M6151_00781	CDS	489				hypothetical protein
M6151_00782	CDS	486				hypothetical protein
M6151_00783	CDS	105				hypothetical protein
M6151_00784	CDS	459				hypothetical protein
M6151_00785	CDS	345	nadD	2.7.7.18	COG1057	putative nicotinate-nucleotide adenylyltransferase
M6151_00786	CDS	402				hypothetical protein
M6151_00787	CDS	219				hypothetical protein
M6151_00788	CDS	1266	lon1_1	3.4.21.53	COG0466	Lon protease 1
M6151_00789	CDS	978	lon1_2	3.4.21.53	COG0466	Lon protease 1
M6151_00790	CDS	1224	tig	5.2.1.8	COG0544	Trigger factor
M6151_00791	CDS	885				putative protein MG237 
M6151_00792	CDS	423				hypothetical protein
M6151_00793	CDS	846	nfo	3.1.21.2	COG0648	putative endonuclease 4
M6151_00794	CDS	315	rpmA		COG0211	50S ribosomal protein L27
M6151_00795	CDS	300				hypothetical protein
M6151_00796	CDS	303	rplU		COG0261	50S ribosomal protein L21
M6151_00797	CDS	459	nrdE	1.17.4.1	COG0209	Ribonucleoside-diphosphate reductase subunit alpha
M6151_00798	CDS	1629	nrdE2	1.17.4.1	COG0209	Ribonucleoside-diphosphate reductase subunit alpha 2
M6151_00799	CDS	462	nrdI		COG1780	Protein NrdI
M6151_00800	CDS	672	nrdF	1.17.4.1	COG0208	Ribonucleoside-diphosphate reductase 2 subunit beta
M6151_00801	CDS	132				hypothetical protein
M6151_00802	CDS	192				hypothetical protein
M6151_00803	CDS	231	dhfR	1.5.1.3	COG0262	Dihydrofolate reductase
M6151_00804	CDS	372	thyA	2.1.1.45	COG0207	Thymidylate synthase
M6151_00805	CDS	183	thyA2	2.1.1.45	COG0207	Thymidylate synthase 2
M6151_00806	CDS	93				hypothetical protein
M6151_00807	CDS	135				hypothetical protein
M6151_00808	CDS	1278				hypothetical protein
M6151_00809	CDS	966				hypothetical protein
M6151_00810	CDS	174				hypothetical protein
M6151_00811	CDS	288				hypothetical protein
M6151_00812	CDS	171				hypothetical protein
M6151_00813	CDS	891	ftsZ			Cell division protein FtsZ
M6151_00814	CDS	1236				hypothetical protein
M6151_00815	CDS	930	rsmH	2.1.1.199	COG0275	Ribosomal RNA small subunit methyltransferase H
M6151_00816	CDS	465	mraZ			Transcriptional regulator MraZ
M6151_00817	tRNA	77				tRNA-Arg(gcg)
M6151_00818	CDS	204				hypothetical protein
M6151_00819	CDS	447				hypothetical protein
M6151_00820	CDS	312				putative protein MG218.1
M6151_00821	CDS	696				putative protein MG218.1
M6151_00822	CDS	477	hmw2_1			Cytadherence high molecular weight protein 2
M6151_00823	CDS	942	hmw2_2			Cytadherence high molecular weight protein 2
M6151_00824	CDS	3153	hmw2_3			Cytadherence high molecular weight protein 2
M6151_00825	CDS	93				hypothetical protein
M6151_00826	CDS	1002				hypothetical protein
M6151_00827	tRNA	76				tRNA-Phe(gaa)
M6151_00828	tRNA	74				tRNA-Asp(gtc)
M6151_00829	tRNA	77				tRNA-Met(cat)
M6151_00830	tRNA	92				tRNA-Ser(tga)
M6151_00831	tRNA	77				tRNA-Met(cat)
M6151_00832	tRNA	77				tRNA-Met(cat)
M6151_00833	tRNA	77				tRNA-Pro(tgg)
M6151_00834	tRNA	77				tRNA-Cys(gca)
M6151_00835	CDS	294	pyk_1	2.7.1.40		Pyruvate kinase
M6151_00836	CDS	864	pyk_2	2.7.1.40		Pyruvate kinase
M6151_00837	CDS	468	pfkA_1	2.7.1.11		ATP-dependent 6-phosphofructokinase
M6151_00838	CDS	420	pfkA_2	2.7.1.11	COG0205	ATP-dependent 6-phosphofructokinase isozyme 1
M6151_00839	CDS	624	scpB		COG1386	Segregation and condensation protein B
M6151_00840	CDS	885	scpA			Segregation and condensation protein A
M6151_00841	CDS	189				hypothetical protein
M6151_00842	CDS	588				hypothetical protein
M6151_00843	CDS	195				hypothetical protein
M6151_00844	CDS	117				hypothetical protein
M6151_00845	CDS	399				hypothetical protein
M6151_00846	CDS	189				hypothetical protein
M6151_00847	CDS	246				hypothetical protein
M6151_00848	CDS	339	lspA	3.4.23.36		Lipoprotein signal peptidase
M6151_00849	CDS	927	rluD	5.4.99.23	COG0564	Ribosomal large subunit pseudouridine synthase D
M6151_00850	CDS	591				hypothetical protein
M6151_00851	CDS	345		3.1.4.-		Putative metallophosphoesterase MG207 
M6151_00852	CDS	159		3.1.4.-		Putative metallophosphoesterase MG207 
M6151_00853	CDS	1461	uvrC		COG0322	UvrABC system protein C
M6151_00854	CDS	795	hrcA_1		COG1420	Heat-inducible transcription repressor HrcA
M6151_00855	CDS	231	hrcA_2			Heat-inducible transcription repressor HrcA
M6151_00856	CDS	2013	parC	5.6.2.2	COG0188	DNA topoisomerase 4 subunit A
M6151_00857	CDS	288	gyrA_2	5.6.2.2	COG0188	Type 2 topoisomerase subunit A
M6151_00858	CDS	147	parE_1	5.6.2.2	COG0187	DNA topoisomerase 4 subunit B
M6151_00859	CDS	1746	parE_2	5.6.2.2	COG0187	DNA topoisomerase 4 subunit B
M6151_00860	tRNA	74				tRNA-Thr(ggt)
M6151_00861	CDS	369				hypothetical protein
M6151_00862	CDS	201	grpE_1			Protein GrpE
M6151_00863	CDS	453	grpE_2			Protein GrpE
M6151_00864	CDS	966				DnaJ-like protein MG200
M6151_00865	CDS	567				DnaJ-like protein MG200
M6151_00866	CDS	708	rnhC	3.1.26.4	COG1039	Ribonuclease HIII
M6151_00867	CDS	375	rplT			50S ribosomal protein L20
M6151_00868	CDS	180	rpmI			50S ribosomal protein L35
M6151_00869	CDS	546	infC			Translation initiation factor IF-3
M6151_00870	CDS	150				hypothetical protein
M6151_00871	CDS	402				hypothetical protein
M6151_00872	CDS	384				hypothetical protein
M6151_00873	CDS	645	pheT_1	6.1.1.20		Phenylalanine--tRNA ligase beta subunit
M6151_00874	CDS	228				hypothetical protein
M6151_00875	CDS	474	pheT_2	6.1.1.20		Phenylalanine--tRNA ligase beta subunit
M6151_00876	CDS	153	pheS_1	6.1.1.20		Phenylalanine--tRNA ligase alpha subunit
M6151_00877	CDS	561	pheS_2	6.1.1.20		Phenylalanine--tRNA ligase alpha subunit
M6151_00878	CDS	177				hypothetical protein
M6151_00879	CDS	381				hypothetical protein
M6151_00880	CDS	294				hypothetical protein
M6151_00881	CDS	357				hypothetical protein
M6151_00882	CDS	1245				Mgp-operon protein 3
M6151_00883	CDS	249				Mgp-operon protein 3
M6151_00884	CDS	135				hypothetical protein
M6151_00885	CDS	264				hypothetical protein
M6151_00886	CDS	144				hypothetical protein
M6151_00887	CDS	273				hypothetical protein
M6151_00888	CDS	384				hypothetical protein
M6151_00889	CDS	453				High affinity transport system protein p37
M6151_00890	CDS	213				High affinity transport system protein p37
M6151_00891	CDS	192				High affinity transport system protein p37
M6151_00892	CDS	333	fetA	3.6.3.-	COG4619	putative iron export ATP-binding protein FetA
M6151_00893	CDS	183				hypothetical protein
M6151_00894	CDS	198				hypothetical protein
M6151_00895	CDS	159				hypothetical protein
M6151_00896	CDS	495				hypothetical protein
M6151_00897	CDS	258				hypothetical protein
M6151_00898	CDS	417	yrrK	3.1.-.-	COG0816	Putative pre-16S rRNA nuclease
M6151_00899	CDS	504				hypothetical protein
M6151_00900	CDS	288	alaS_1	6.1.1.7	COG0013	Alanine--tRNA ligase
M6151_00901	CDS	399				hypothetical protein
M6151_00902	CDS	435	alaS_2	6.1.1.7	COG0013	Alanine--tRNA ligase
M6151_00903	CDS	183	alaS_3	6.1.1.7	COG0013	Alanine--tRNA ligase
M6151_00904	CDS	279	glpQ1	3.1.4.46	COG0584	putative glycerophosphodiester phosphodiesterase 1
M6151_00905	CDS	183				hypothetical protein
M6151_00906	CDS	432				hypothetical protein
M6151_00907	CDS	219				hypothetical protein
M6151_00908	CDS	309				hypothetical protein
M6151_00909	CDS	237	mnmA_1	2.8.1.13		tRNA-specific 2-thiouridylase MnmA
M6151_00910	CDS	306	mnmA_2	2.8.1.13		tRNA-specific 2-thiouridylase MnmA
M6151_00911	CDS	273	mnmA_3	2.8.1.13	COG0482	tRNA-specific 2-thiouridylase MnmA
M6151_00912	CDS	390				putative protein MG296 
M6151_00913	CDS	333	ftsY_1		COG0552	Signal recognition particle receptor FtsY
M6151_00914	CDS	558	ftsY_2		COG0552	Signal recognition particle receptor FtsY
M6151_00915	CDS	837	smc_1		COG1196	Chromosome partition protein Smc
M6151_00916	CDS	1335	smc_2			Chromosome partition protein Smc
M6151_00917	CDS	339				hypothetical protein
M6151_00918	CDS	450	smc_3		COG1196	Chromosome partition protein Smc
M6151_00919	CDS	654				hypothetical protein
M6151_00920	CDS	111	pgk_1	2.7.2.3		Phosphoglycerate kinase
M6151_00921	CDS	993	pgk_2	2.7.2.3	COG0126	Phosphoglycerate kinase
M6151_00922	CDS	1014	gapA	1.2.1.12		Glyceraldehyde-3-phosphate dehydrogenase
M6151_00923	CDS	333	ykoC			Putative HMP/thiamine permease protein YkoC
M6151_00924	CDS	144				hypothetical protein
M6151_00925	CDS	1074	btuD_4	7.6.2.8		Vitamin B12 import ATP-binding protein BtuD
M6151_00926	CDS	813	ecfA1_2	7.-.-.-	COG1122	Energy-coupling factor transporter ATP-binding protein EcfA1
M6151_00927	CDS	1728	dnaK		COG0443	Chaperone protein DnaK
M6151_00928	CDS	264				hypothetical protein
M6151_00929	CDS	273				hypothetical protein
M6151_00930	CDS	1059				hypothetical protein
M6151_00931	CDS	708				hypothetical protein
M6151_00932	CDS	432				hypothetical protein
M6151_00933	CDS	225				hypothetical protein
M6151_00934	CDS	420				hypothetical protein
M6151_00935	CDS	168				hypothetical protein
M6151_00936	CDS	417	cshB	3.6.4.13	COG0513	DEAD-box ATP-dependent RNA helicase CshB
M6151_00937	CDS	810				hypothetical protein
M6151_00938	CDS	132				hypothetical protein
M6151_00939	CDS	1326				hypothetical protein
M6151_00940	CDS	363				hypothetical protein
M6151_00941	CDS	216				hypothetical protein
M6151_00942	CDS	414				hypothetical protein
M6151_00943	CDS	597	rpsD			30S ribosomal protein S4
M6151_00944	CDS	2136				hypothetical protein
M6151_00945	CDS	342	hmw1			Cytadherence high molecular weight protein 1
M6151_00946	CDS	714				hypothetical protein
M6151_00947	CDS	114				hypothetical protein
M6151_00948	CDS	189				hypothetical protein
M6151_00949	CDS	435				hypothetical protein
M6151_00950	CDS	594				hypothetical protein
M6151_00951	CDS	465				hypothetical protein
M6151_00952	CDS	330				hypothetical protein
M6151_00953	CDS	372				hypothetical protein
M6151_00954	CDS	471				hypothetical protein
M6151_00955	CDS	1143				hypothetical protein
M6151_00956	CDS	237				hypothetical protein
M6151_00957	CDS	210				hypothetical protein
M6151_00958	CDS	204				hypothetical protein
M6151_00959	CDS	537				hypothetical protein
M6151_00960	CDS	252				hypothetical protein
M6151_00961	CDS	453				hypothetical protein
M6151_00962	tRNA	91				tRNA-Ser(gga)
M6151_00963	tRNA	89				tRNA-Ser(cga)
M6151_00964	CDS	405				putative lipoprotein MG321 
M6151_00965	CDS	1023				putative lipoprotein MG321 
M6151_00966	tRNA	85				tRNA-Leu(tag)
M6151_00967	tRNA	76				tRNA-Lys(ctt)
M6151_00968	tRNA	76				tRNA-Thr(tgt)
M6151_00969	tRNA	76				tRNA-Val(tac)
M6151_00970	tRNA	75				tRNA-Thr(cgt)
M6151_00971	tRNA	77				tRNA-Glu(ttc)
M6151_00972	tRNA	75				tRNA-Asn(gtt)
M6151_00973	CDS	1311	ktrB		COG0168	Ktr system potassium uptake protein B
M6151_00974	CDS	684	ktrA		COG0569	Ktr system potassium uptake protein A
M6151_00975	tmRNA	388	ssrA			transfer-messenger RNA, SsrA
M6151_00976	CDS	159				hypothetical protein
M6151_00977	CDS	270				hypothetical protein
M6151_00978	CDS	648	ypdF	3.4.11.-	COG0006	Aminopeptidase YpdF
M6151_00979	CDS	168				hypothetical protein
M6151_00980	CDS	102				hypothetical protein
M6151_00981	CDS	162	rpmGA			50S ribosomal protein L33 1
M6151_00982	CDS	495				hypothetical protein
M6151_00983	CDS	393				hypothetical protein
M6151_00984	CDS	807	menH	4.2.99.20		2-succinyl-6-hydroxy-2,4-cyclohexadiene-1-carboxylate synthase
M6151_00985	CDS	471				hypothetical protein
M6151_00986	CDS	1386				hypothetical protein
M6151_00987	CDS	1347	der		COG1160	GTPase Der
M6151_00988	CDS	447	cmk	2.7.4.25	COG0283	Cytidylate kinase
M6151_00989	CDS	210				hypothetical protein
M6151_00990	CDS	198				hypothetical protein
M6151_00991	CDS	102				hypothetical protein
M6151_00992	CDS	720			COG0217	putative transcriptional regulatory protein
M6151_00993	CDS	138				hypothetical protein
M6151_00994	CDS	165	azoR	1.7.1.17		FMN-dependent NADH-azoreductase
M6151_00995	CDS	123				hypothetical protein
M6151_00996	CDS	234	valS_1	6.1.1.9		Valine--tRNA ligase
M6151_00997	CDS	162	valS_2	6.1.1.9		Valine--tRNA ligase
M6151_00998	CDS	189	valS_3	6.1.1.9	COG0525	Valine--tRNA ligase
M6151_00999	CDS	576	engB			GTP-binding protein EngB
M6151_01000	CDS	222				hypothetical protein
M6151_01001	CDS	513		2.4.1.-	COG0463	Processive diacylglycerol beta-glycosyltransferase
M6151_01002	CDS	207		2.4.1.-	COG0463	Processive diacylglycerol beta-glycosyltransferase
M6151_01003	CDS	384	csdA	2.8.1.7	COG0520	Cysteine desulfurase CsdA
M6151_01004	CDS	456	sufS	4.4.1.16		Cysteine desulfurase
M6151_01005	CDS	417				hypothetical protein
M6151_01006	CDS	177				hypothetical protein
M6151_01007	CDS	357				hypothetical protein
M6151_01008	CDS	258				hypothetical protein
M6151_01009	CDS	159				hypothetical protein
M6151_01010	CDS	198				hypothetical protein
M6151_01011	CDS	519				hypothetical protein
M6151_01012	CDS	306				hypothetical protein
M6151_01013	CDS	141				hypothetical protein
M6151_01014	CDS	165				hypothetical protein
M6151_01015	CDS	144				hypothetical protein
M6151_01016	CDS	204				hypothetical protein
M6151_01017	CDS	1023	recA			Protein RecA
M6151_01018	CDS	177				hypothetical protein
M6151_01019	CDS	102				hypothetical protein
M6151_01020	CDS	171				hypothetical protein
