locus_tag	ftype	length_bp	gene	EC_number	COG	product
M6489_00001	CDS	363				hypothetical protein
M6489_00002	CDS	1524	rpoC_1	2.7.7.6	COG0086	DNA-directed RNA polymerase subunit beta'
M6489_00003	CDS	2046	rpoC_2	2.7.7.6	COG0086	DNA-directed RNA polymerase subunit beta'
M6489_00004	CDS	99				hypothetical protein
M6489_00005	CDS	270	rpoB_1	2.7.7.6	COG0085	DNA-directed RNA polymerase subunit beta
M6489_00006	CDS	1077	rpoB_2	2.7.7.6	COG0085	DNA-directed RNA polymerase subunit beta
M6489_00007	CDS	2697	rpoB_3	2.7.7.6		DNA-directed RNA polymerase subunit beta
M6489_00008	CDS	507				hypothetical protein
M6489_00009	CDS	183				hypothetical protein
M6489_00010	CDS	396				hypothetical protein
M6489_00011	CDS	240				hypothetical protein
M6489_00012	CDS	285				hypothetical protein
M6489_00013	CDS	210				hypothetical protein
M6489_00014	CDS	180				hypothetical protein
M6489_00015	CDS	216				hypothetical protein
M6489_00016	CDS	138				hypothetical protein
M6489_00017	CDS	246	ileS_1	6.1.1.5		Isoleucine--tRNA ligase
M6489_00018	CDS	273	ileS_2	6.1.1.5		Isoleucine--tRNA ligase
M6489_00019	CDS	366	ileS_3	6.1.1.5		Isoleucine--tRNA ligase
M6489_00020	CDS	168	trmL	2.1.1.207	COG0219	tRNA (cytidine(34)-2'-O)-methyltransferase
M6489_00021	CDS	114				hypothetical protein
M6489_00022	CDS	342	trmB	2.1.1.33	COG0220	tRNA (guanine-N(7)-)-methyltransferase
M6489_00023	CDS	156				hypothetical protein
M6489_00024	tRNA	76				tRNA-His(gtg)
M6489_00025	CDS	522				hypothetical protein
M6489_00026	CDS	246				hypothetical protein
M6489_00027	tRNA	88				tRNA-Leu(gag)
M6489_00028	CDS	117				hypothetical protein
M6489_00029	CDS	243				hypothetical protein
M6489_00030	CDS	342				hypothetical protein
M6489_00031	CDS	216				hypothetical protein
M6489_00032	CDS	261				hypothetical protein
M6489_00033	tRNA	82				tRNA-Leu(caa)
M6489_00034	CDS	210				hypothetical protein
M6489_00035	CDS	162	ppa_1	3.6.1.1	COG0221	Inorganic pyrophosphatase
M6489_00036	CDS	219	ppa_2	3.6.1.1	COG0221	Inorganic pyrophosphatase
M6489_00037	CDS	309	recU	3.1.22.4	COG3331	Holliday junction resolvase RecU
M6489_00038	CDS	315				hypothetical protein
M6489_00039	CDS	414				putative protein MG354
M6489_00040	CDS	885	clpB_1		COG0542	Chaperone protein ClpB
M6489_00041	CDS	273	clpB_2			Chaperone protein ClpB
M6489_00042	CDS	639	clpB_3			Chaperone protein ClpB
M6489_00043	CDS	360				hypothetical protein
M6489_00044	CDS	513	ackA_1	2.7.2.1	COG0282	Acetate kinase
M6489_00045	CDS	498	ackA_2	2.7.2.1	COG0282	Acetate kinase
M6489_00046	CDS	210				hypothetical protein
M6489_00047	CDS	228				hypothetical protein
M6489_00048	CDS	501	ruvA	3.6.4.12		Holliday junction ATP-dependent DNA helicase RuvA
M6489_00049	CDS	924	ruvB	3.6.4.12	COG2255	Holliday junction ATP-dependent DNA helicase RuvB
M6489_00050	CDS	288				hypothetical protein
M6489_00051	CDS	564	dinB	2.7.7.7	COG0389	DNA polymerase IV
M6489_00052	CDS	489	rplJ			50S ribosomal protein L10
M6489_00053	CDS	369	rplL			50S ribosomal protein L7/L12
M6489_00054	CDS	174	rpmF			50S ribosomal protein L32
M6489_00055	CDS	267				hypothetical protein
M6489_00056	CDS	156				hypothetical protein
M6489_00057	CDS	357				hypothetical protein
M6489_00058	CDS	132				hypothetical protein
M6489_00059	CDS	366	fmt	2.1.2.9		Methionyl-tRNA formyltransferase
M6489_00060	CDS	942				hypothetical protein
M6489_00061	CDS	282				hypothetical protein
M6489_00062	CDS	123				hypothetical protein
M6489_00063	CDS	297				hypothetical protein
M6489_00064	CDS	96				hypothetical protein
M6489_00065	CDS	987	plsX	2.3.1.274		Phosphate acyltransferase
M6489_00066	CDS	1155				putative protein
M6489_00067	CDS	513				putative protein
M6489_00068	CDS	270				hypothetical protein
M6489_00069	CDS	594	rluC	5.4.99.24	COG0564	Ribosomal large subunit pseudouridine synthase C
M6489_00070	CDS	120				hypothetical protein
M6489_00071	CDS	255				hypothetical protein
M6489_00072	CDS	99				hypothetical protein
M6489_00073	CDS	378	nrnA_1	3.1.-.-	COG0618	Bifunctional oligoribonuclease and PAP phosphatase NrnA
M6489_00074	CDS	1158	thiI	2.8.1.4	COG0301	putative tRNA sulfurtransferase
M6489_00075	CDS	162				hypothetical protein
M6489_00076	CDS	360				hypothetical protein
M6489_00077	CDS	168				hypothetical protein
M6489_00078	CDS	357				hypothetical protein
M6489_00079	CDS	129				hypothetical protein
M6489_00080	CDS	585	thrS_1	6.1.1.3		Threonine--tRNA ligase
M6489_00081	CDS	477	thrS_2	6.1.1.3		Threonine--tRNA ligase
M6489_00082	CDS	183	thrS_3	6.1.1.3		Threonine--tRNA ligase
M6489_00083	CDS	318				hypothetical protein
M6489_00084	CDS	150				putative protein MG376 
M6489_00085	CDS	159				putative protein MG377 
M6489_00086	CDS	381				putative protein MG377 
M6489_00087	CDS	441	argS_1	6.1.1.19	COG0018	Arginine--tRNA ligase
M6489_00088	CDS	177				hypothetical protein
M6489_00089	CDS	453	argS_2	6.1.1.19	COG0018	Arginine--tRNA ligase
M6489_00090	CDS	180				hypothetical protein
M6489_00091	CDS	1305	mnmG_1			tRNA uridine 5-carboxymethylaminomethyl modification enzyme MnmG
M6489_00092	CDS	534	mnmG_2			tRNA uridine 5-carboxymethylaminomethyl modification enzyme MnmG
M6489_00093	CDS	579	rsmG	2.1.1.170		Ribosomal RNA small subunit methyltransferase G
M6489_00094	CDS	345				hypothetical protein
M6489_00095	tRNA	76				tRNA-Arg(tct)
M6489_00096	CDS	204	udk	2.7.1.48	COG0572	Uridine kinase
M6489_00097	CDS	156				hypothetical protein
M6489_00098	CDS	444	nadE	6.3.1.5	COG0171	NH(3)-dependent NAD(+) synthetase
M6489_00099	CDS	981	obg	3.6.5.-	COG0536	GTPase Obg
M6489_00100	CDS	177				hypothetical protein
M6489_00101	CDS	447				hypothetical protein
M6489_00102	CDS	108				hypothetical protein
M6489_00103	CDS	270				hypothetical protein
M6489_00104	CDS	2769				hypothetical protein
M6489_00105	CDS	168				hypothetical protein
M6489_00106	CDS	495				Protein P200
M6489_00107	CDS	204	era_1			GTPase Era
M6489_00108	CDS	480	era_2			GTPase Era
M6489_00109	CDS	324	ybeY	3.1.-.-		Endoribonuclease YbeY
M6489_00110	CDS	195				hypothetical protein
M6489_00111	CDS	111				hypothetical protein
M6489_00112	CDS	348				hypothetical protein
M6489_00113	CDS	681				hypothetical protein
M6489_00114	CDS	294				hypothetical protein
M6489_00115	CDS	234	pepA_1	3.4.11.10		cytosol aminopeptidase
M6489_00116	CDS	1056	pepA_2	3.4.11.10		cytosol aminopeptidase
M6489_00117	CDS	1632	groL			60 kDa chaperonin
M6489_00118	CDS	333	groS			10 kDa chaperonin
M6489_00119	CDS	327	glyA_1	2.1.2.1	COG0112	Serine hydroxymethyltransferase
M6489_00120	CDS	870	glyA_2	2.1.2.1	COG0112	Serine hydroxymethyltransferase
M6489_00121	CDS	708				hypothetical protein
M6489_00122	CDS	348				hypothetical protein
M6489_00123	CDS	132				hypothetical protein
M6489_00124	CDS	459	rpiB	5.3.1.6	COG0698	Ribose-5-phosphate isomerase B
M6489_00125	CDS	768				hypothetical protein
M6489_00126	CDS	351				hypothetical protein
M6489_00127	CDS	312				hypothetical protein
M6489_00128	CDS	402	atpC			ATP synthase epsilon chain
M6489_00129	CDS	1431	atpD_1	7.2.2.1	COG0055	ATP synthase subunit beta, sodium ion specific
M6489_00130	CDS	396	atpG_1		COG0224	ATP synthase gamma chain, sodium ion specific
M6489_00131	CDS	348	atpG_2		COG0224	ATP synthase gamma chain
M6489_00132	CDS	789	atpA_1	7.2.2.1		ATP synthase subunit alpha, sodium ion specific
M6489_00133	CDS	747	atpA_2	7.1.2.2	COG0056	ATP synthase subunit alpha
M6489_00134	CDS	531	atpD_2			ATP synthase subunit delta
M6489_00135	CDS	246	atpF			ATP synthase subunit b
M6489_00136	CDS	309	atpH			ATP synthase subunit c
M6489_00137	CDS	129				hypothetical protein
M6489_00138	CDS	102				hypothetical protein
M6489_00139	CDS	291				hypothetical protein
M6489_00140	CDS	180				hypothetical protein
M6489_00141	CDS	273				hypothetical protein
M6489_00142	CDS	375	eno_1	4.2.1.11	COG0148	Enolase
M6489_00143	CDS	744	eno_2	4.2.1.11		Enolase
M6489_00144	CDS	678				hypothetical protein
M6489_00145	CDS	345	pstB3_1	7.3.2.1	COG1117	Phosphate import ATP-binding protein PstB 3
M6489_00146	CDS	156	pstB3_2	7.3.2.1	COG1117	Phosphate import ATP-binding protein PstB 3
M6489_00147	CDS	234				hypothetical protein
M6489_00148	CDS	630				hypothetical protein
M6489_00149	CDS	177				hypothetical protein
M6489_00150	CDS	651				hypothetical protein
M6489_00151	CDS	201				hypothetical protein
M6489_00152	CDS	387				hypothetical protein
M6489_00153	CDS	306				hypothetical protein
M6489_00154	CDS	744				hypothetical protein
M6489_00155	CDS	639				hypothetical protein
M6489_00156	CDS	294				hypothetical protein
M6489_00157	CDS	252				hypothetical protein
M6489_00158	CDS	495				hypothetical protein
M6489_00159	CDS	99				hypothetical protein
M6489_00160	CDS	330				hypothetical protein
M6489_00161	CDS	645				hypothetical protein
M6489_00162	CDS	399	rpsI		COG0103	30S ribosomal protein S9
M6489_00163	CDS	186	rplM_1		COG0102	50S ribosomal protein L13
M6489_00164	CDS	231	rplM_2		COG0102	50S ribosomal protein L13
M6489_00165	CDS	117				hypothetical protein
M6489_00166	CDS	1107				hypothetical protein
M6489_00167	CDS	198	dnaX	2.7.7.7	COG2812	DNA polymerase III subunit tau
M6489_00168	CDS	1635	uvrA_1			UvrABC system protein A
M6489_00169	CDS	519	uvrA_2			UvrABC system protein A
M6489_00170	CDS	264				hypothetical protein
M6489_00171	CDS	270				hypothetical protein
M6489_00172	CDS	354				hypothetical protein
M6489_00173	CDS	153				hypothetical protein
M6489_00174	CDS	438				hypothetical protein
M6489_00175	CDS	192				hypothetical protein
M6489_00176	CDS	165				hypothetical protein
M6489_00177	CDS	1446	rnjB_1	3.1.-.-	COG0595	Ribonuclease J2
M6489_00178	CDS	162	rnjB_2	3.1.-.-	COG0595	Ribonuclease J2
M6489_00179	CDS	219	rpsO			30S ribosomal protein S15
M6489_00180	CDS	339	cshA	3.6.4.13	COG0513	DEAD-box ATP-dependent RNA helicase CshA
M6489_00181	CDS	948	rhpA	3.6.4.13		DEAD-box ATP-dependent RNA helicase RhpA
M6489_00182	CDS	195				hypothetical protein
M6489_00183	CDS	291		1.11.1.-	COG1765	Hydroperoxide reductase
M6489_00184	CDS	297				hypothetical protein
M6489_00185	CDS	231	ptsI_1	2.7.3.9	COG1080	Phosphoenolpyruvate-protein phosphotransferase
M6489_00186	CDS	747	ptsI_2	2.7.3.9		Phosphoenolpyruvate-protein phosphotransferase
M6489_00187	CDS	720	ptsI_3	2.7.3.9		Phosphoenolpyruvate-protein phosphotransferase
M6489_00188	CDS	1524	gpmI	5.4.2.12		2,3-bisphosphoglycerate-independent phosphoglycerate mutase
M6489_00189	CDS	489	tpiA	5.3.1.1		Triosephosphate isomerase
M6489_00190	CDS	213				hypothetical protein
M6489_00191	CDS	276				hypothetical protein
M6489_00192	CDS	333				hypothetical protein
M6489_00193	CDS	117	TSFM			Elongation factor Ts, mitochondrial
M6489_00194	CDS	393	tsf		COG0264	Elongation factor Ts
M6489_00195	CDS	732	pyrH	2.7.4.22	COG0528	Uridylate kinase
M6489_00196	CDS	429	frr			Ribosome-recycling factor
M6489_00197	CDS	306				hypothetical protein
M6489_00198	CDS	90				hypothetical protein
M6489_00199	CDS	171				hypothetical protein
M6489_00200	CDS	516			COG0732	Putative type-1 restriction enzyme specificity protein MG438
M6489_00201	CDS	552			COG0732	Putative type-1 restriction enzyme specificity protein MG438
M6489_00202	CDS	354				hypothetical protein
M6489_00203	CDS	210				hypothetical protein
M6489_00204	CDS	573				hypothetical protein
M6489_00205	CDS	195				hypothetical protein
M6489_00206	CDS	813	rbgA		COG1161	Ribosome biogenesis GTPase A
M6489_00207	CDS	396				hypothetical protein
M6489_00208	CDS	498				hypothetical protein
M6489_00209	CDS	360	rplS		COG0335	50S ribosomal protein L19
M6489_00210	CDS	543	trmD	2.1.1.228		tRNA (guanine-N(1)-)-methyltransferase
M6489_00211	CDS	114				hypothetical protein
M6489_00212	CDS	156	rpsP		COG0228	30S ribosomal protein S16
M6489_00213	CDS	138				hypothetical protein
M6489_00214	CDS	930				hypothetical protein
M6489_00215	CDS	210				hypothetical protein
M6489_00216	CDS	279				hypothetical protein
M6489_00217	CDS	186	msrB	1.8.4.12		Peptide methionine sulfoxide reductase MsrB
M6489_00218	CDS	204	msrAB		COG0225	Peptide methionine sulfoxide reductase MsrA/MsrB
M6489_00219	CDS	402				hypothetical protein
M6489_00220	CDS	126				hypothetical protein
M6489_00221	CDS	270				hypothetical protein
M6489_00222	CDS	309				hypothetical protein
M6489_00223	CDS	1185	tuf			Elongation factor Tu
M6489_00224	CDS	150				hypothetical protein
M6489_00225	CDS	378				hypothetical protein
M6489_00226	CDS	879	gtaB	2.7.7.9		UTP--glucose-1-phosphate uridylyltransferase
M6489_00227	CDS	423	ohrB		COG1764	Organic hydroperoxide resistance protein OhrB
M6489_00228	CDS	366	tyrS	6.1.1.1	COG0162	Tyrosine--tRNA ligase
M6489_00229	CDS	225	tyrS1	6.1.1.1	COG0162	Tyrosine--tRNA ligase 1
M6489_00230	CDS	333				hypothetical protein
M6489_00231	CDS	717				hypothetical protein
M6489_00232	CDS	279				hypothetical protein
M6489_00233	CDS	222				hypothetical protein
M6489_00234	CDS	1428	ftsH	3.4.24.-	COG0465	ATP-dependent zinc metalloprotease FtsH
M6489_00235	CDS	159				hypothetical protein
M6489_00236	CDS	159				hypothetical protein
M6489_00237	CDS	528	hpt	2.4.2.8		Hypoxanthine-guanine phosphoribosyltransferase
M6489_00238	CDS	309				hypothetical protein
M6489_00239	CDS	939	ldh	1.1.1.27		L-lactate dehydrogenase
M6489_00240	CDS	270				hypothetical protein
M6489_00241	CDS	759				hypothetical protein
M6489_00242	CDS	159	gltX_1	6.1.1.17		Glutamate--tRNA ligase
M6489_00243	CDS	222				hypothetical protein
M6489_00244	CDS	243	gltX_2	6.1.1.17		Glutamate--tRNA ligase
M6489_00245	CDS	498	gltX_3	6.1.1.17		Glutamate--tRNA ligase
M6489_00246	CDS	780	rsmA	2.1.1.182	COG0030	Ribosomal RNA small subunit methyltransferase A
M6489_00247	CDS	315				hypothetical protein
M6489_00248	CDS	429	yidC			Membrane protein insertase YidC
M6489_00249	CDS	147	rpmH		COG0230	50S ribosomal protein L34
M6489_00250	CDS	396	macB	3.6.3.-		Macrolide export ATP-binding/permease protein MacB
M6489_00251	CDS	354				putative ABC transporter permease MG468 
M6489_00252	CDS	1722				putative ABC transporter permease MG468 
M6489_00253	CDS	774				putative ABC transporter permease MG468 
M6489_00254	CDS	171				putative ABC transporter permease MG468 
M6489_00255	CDS	150				hypothetical protein
M6489_00256	CDS	204				putative ABC transporter permease MG468 
M6489_00257	CDS	876				putative ABC transporter permease MG468 
M6489_00258	CDS	849	btuD_1	7.6.2.8		Vitamin B12 import ATP-binding protein BtuD
M6489_00259	CDS	1314	dnaA			Chromosomal replication initiator protein DnaA
M6489_00260	CDS	246				putative protein MPN_687
M6489_00261	CDS	762			COG1192	putative protein
M6489_00262	CDS	1143	dnaN		COG0592	Beta sliding clamp
M6489_00263	CDS	246	dnaJ_1			Chaperone protein DnaJ
M6489_00264	CDS	156				hypothetical protein
M6489_00265	CDS	135	gyrB_1	5.6.2.2		DNA gyrase subunit B
M6489_00266	CDS	246	gyrB_2	5.6.2.2		DNA gyrase subunit B
M6489_00267	CDS	195	gyrB_3	5.6.2.2		DNA gyrase subunit B
M6489_00268	CDS	1029	gyrB_4	5.6.2.2		DNA gyrase subunit B
M6489_00269	CDS	153	gyrB_5	5.6.2.2		DNA gyrase subunit B
M6489_00270	CDS	2511	gyrA_1	5.6.2.2		DNA gyrase subunit A
M6489_00271	CDS	564	serS_1	6.1.1.11	COG0172	Serine--tRNA ligase
M6489_00272	CDS	189	serS_2	6.1.1.11		Serine--tRNA ligase
M6489_00273	CDS	252	serS_3	6.1.1.11	COG0172	Serine--tRNA ligase
M6489_00274	CDS	633	tmk	2.7.4.9	COG0125	Thymidylate kinase
M6489_00275	CDS	168				hypothetical protein
M6489_00276	CDS	288				hypothetical protein
M6489_00277	CDS	1137	mnmE	3.6.-.-		tRNA modification GTPase MnmE
M6489_00278	CDS	642	ycfH	3.1.-.-	COG0084	putative metal-dependent hydrolase YcfH
M6489_00279	CDS	177				hypothetical protein
M6489_00280	CDS	228				hypothetical protein
M6489_00281	CDS	309				hypothetical protein
M6489_00282	CDS	489	rimK	6.3.2.-	COG0189	Ribosomal protein S6--L-glutamate ligase
M6489_00283	CDS	216				hypothetical protein
M6489_00284	CDS	636	folD		COG0190	Bifunctional protein FolD protein
M6489_00285	tRNA	76				tRNA-Ala(tgc)
M6489_00286	tRNA	77				tRNA-Ile(gat)
M6489_00287	CDS	756				hypothetical protein
M6489_00288	CDS	432				hypothetical protein
M6489_00289	CDS	426			COG1132	putative ABC transporter ATP-binding protein
M6489_00290	CDS	273				hypothetical protein
M6489_00291	CDS	615			COG1132	putative ABC transporter ATP-binding protein
M6489_00292	CDS	357			COG1132	putative ABC transporter ATP-binding protein
M6489_00293	CDS	372				hypothetical protein
M6489_00294	CDS	912				hypothetical protein
M6489_00295	CDS	435				hypothetical protein
M6489_00296	CDS	114				hypothetical protein
M6489_00297	CDS	552				hypothetical protein
M6489_00298	CDS	1170	dnaJ_2			Chaperone protein DnaJ
M6489_00299	CDS	201	pip	3.4.11.5	COG0596	Proline iminopeptidase
M6489_00300	CDS	168				hypothetical protein
M6489_00301	CDS	255				hypothetical protein
M6489_00302	CDS	243	metG_1	6.1.1.10		Methionine--tRNA ligase
M6489_00303	CDS	117	metG_2	6.1.1.10		Methionine--tRNA ligase
M6489_00304	CDS	396	metG_3	6.1.1.10		Methionine--tRNA ligase
M6489_00305	CDS	237	metG_4	6.1.1.10		Methionine--tRNA ligase
M6489_00306	CDS	93				hypothetical protein
M6489_00307	CDS	213	rpoE			DNA-directed RNA polymerase subunit delta
M6489_00308	CDS	552	fba_1	4.1.2.13		Fructose-bisphosphate aldolase
M6489_00309	CDS	297	fba_2	4.1.2.13	COG0191	Fructose-bisphosphate aldolase
M6489_00310	CDS	888	ychF		COG0012	Ribosome-binding ATPase YchF
M6489_00311	CDS	108	OLA1			Obg-like ATPase 1
M6489_00312	CDS	654				hypothetical protein
M6489_00313	CDS	120				hypothetical protein
M6489_00314	CDS	573	efp			Elongation factor P
M6489_00315	CDS	168			COG0781	putative protein MG027
M6489_00316	CDS	219			COG0781	putative protein MG027
M6489_00317	CDS	171				hypothetical protein
M6489_00318	CDS	594				hypothetical protein
M6489_00319	CDS	621	upp	2.4.2.9	COG0035	Uracil phosphoribosyltransferase
M6489_00320	CDS	462	polC_1	2.7.7.7		DNA polymerase III PolC-type
M6489_00321	CDS	204	polC_2	2.7.7.7		DNA polymerase III PolC-type
M6489_00322	CDS	291	polC_3	2.7.7.7		DNA polymerase III PolC-type
M6489_00323	CDS	435	polC_4	2.7.7.7		DNA polymerase III PolC-type
M6489_00324	CDS	171	polC_5	2.7.7.7		DNA polymerase III PolC-type
M6489_00325	CDS	675	polC_6	2.7.7.7		DNA polymerase III PolC-type
M6489_00326	CDS	468	polC_7	2.7.7.7		DNA polymerase III PolC-type
M6489_00327	CDS	90	polC_8	2.7.7.7		DNA polymerase III PolC-type
M6489_00328	CDS	294	polC_9	2.7.7.7		DNA polymerase III PolC-type
M6489_00329	CDS	201	polC_10	2.7.7.7		DNA polymerase III PolC-type
M6489_00330	CDS	315				hypothetical protein
M6489_00331	CDS	663				hypothetical protein
M6489_00332	CDS	129				hypothetical protein
M6489_00333	CDS	243				hypothetical protein
M6489_00334	CDS	153				hypothetical protein
M6489_00335	CDS	297	tdk	2.7.1.21		Thymidine kinase
M6489_00336	CDS	378	hisS_1	6.1.1.21		Histidine--tRNA ligase
M6489_00337	CDS	135				hypothetical protein
M6489_00338	CDS	147				hypothetical protein
M6489_00339	CDS	249	hisS_2	6.1.1.21		Histidine--tRNA ligase
M6489_00340	CDS	96				hypothetical protein
M6489_00341	CDS	537	aspS_1	6.1.1.12		Aspartate--tRNA(Asp/Asn) ligase
M6489_00342	CDS	225	aspS_2	6.1.1.12	COG0173	Aspartate--tRNA(Asp) ligase
M6489_00343	CDS	165				hypothetical protein
M6489_00344	CDS	666				hypothetical protein
M6489_00345	CDS	96				hypothetical protein
M6489_00346	CDS	351				hypothetical protein
M6489_00347	CDS	180	glpK_1	2.7.1.30	COG0554	Glycerol kinase
M6489_00348	CDS	153	glpK_2	2.7.1.30		Glycerol kinase
M6489_00349	CDS	261				hypothetical protein
M6489_00350	CDS	90				hypothetical protein
M6489_00351	CDS	138	glpK_3	2.7.1.30	COG0554	Glycerol kinase
M6489_00352	CDS	375				putative protein MG039 
M6489_00353	CDS	135				putative protein MG039 
M6489_00354	CDS	219				putative protein MG039 
M6489_00355	CDS	276				hypothetical protein
M6489_00356	CDS	597				hypothetical protein
M6489_00357	CDS	246				hypothetical protein
M6489_00358	CDS	267	ptsH			Phosphocarrier protein HPr
M6489_00359	CDS	324	potA	7.6.2.11	COG3842	Spermidine/putrescine import ATP-binding protein PotA
M6489_00360	CDS	189				hypothetical protein
M6489_00361	CDS	330	cysA	7.3.2.3	COG1118	Sulfate/thiosulfate import ATP-binding protein CysA
M6489_00362	CDS	129				hypothetical protein
M6489_00363	CDS	495				hypothetical protein
M6489_00364	CDS	405				hypothetical protein
M6489_00365	CDS	378				hypothetical protein
M6489_00366	CDS	285				hypothetical protein
M6489_00367	CDS	834				hypothetical protein
M6489_00368	CDS	615	tsaD	2.3.1.234	COG0533	tRNA N6-adenosine threonylcarbamoyltransferase
M6489_00369	CDS	162	OSGEPL1	2.3.1.234		tRNA N6-adenosine threonylcarbamoyltransferase, mitochondrial
M6489_00370	CDS	231	metK_1	2.5.1.6		S-adenosylmethionine synthase
M6489_00371	CDS	516	metK_2	2.5.1.6		S-adenosylmethionine synthase
M6489_00372	CDS	258				hypothetical protein
M6489_00373	CDS	120	srp54			Signal recognition particle 54 kDa protein
M6489_00374	CDS	723	ffh_1		COG0541	Signal recognition particle protein
M6489_00375	CDS	327	ffh_2		COG0541	Signal recognition particle protein
M6489_00376	CDS	408	deoD_1	2.4.2.1	COG0813	Purine nucleoside phosphorylase DeoD-type
M6489_00377	CDS	363	deoD_2	2.4.2.1		Purine nucleoside phosphorylase DeoD-type
M6489_00378	CDS	672	deoC1	4.1.2.4		Deoxyribose-phosphate aldolase 1
M6489_00379	CDS	924	pdp	2.4.2.2	COG0213	Pyrimidine-nucleoside phosphorylase
M6489_00380	CDS	138				hypothetical protein
M6489_00381	CDS	393	cdd	3.5.4.5	COG0295	Cytidine deaminase
M6489_00382	CDS	948	pgcA	5.4.2.2		Phosphoglucomutase
M6489_00383	CDS	327		5.4.2.8	COG1109	putative phosphomannomutase
M6489_00384	CDS	219				hypothetical protein
M6489_00385	CDS	522	nusG_1			Transcription termination/antitermination protein NusG
M6489_00386	CDS	324	nusG_2			Transcription termination/antitermination protein NusG
M6489_00387	CDS	216				hypothetical protein
M6489_00388	CDS	243				hypothetical protein
M6489_00389	CDS	102				hypothetical protein
M6489_00390	CDS	600	rsmI	2.1.1.198	COG0313	Ribosomal RNA small subunit methyltransferase I
M6489_00391	CDS	384	rnmV	3.1.26.8	COG1658	Ribonuclease M5
M6489_00392	CDS	1092	prs	2.7.6.1	COG0462	Ribose-phosphate pyrophosphokinase
M6489_00393	CDS	351	smpB		COG0691	SsrA-binding protein
M6489_00394	CDS	267				hypothetical protein
M6489_00395	CDS	159				hypothetical protein
M6489_00396	CDS	213				hypothetical protein
M6489_00397	CDS	447				hypothetical protein
M6489_00398	CDS	711				hypothetical protein
M6489_00399	CDS	234				hypothetical protein
M6489_00400	tRNA	89				tRNA-Ser(gct)
M6489_00401	CDS	267				hypothetical protein
M6489_00402	CDS	1749	fruA		COG1299	PTS system fructose-specific EIIABC component
M6489_00403	CDS	768	fruK	2.7.1.56		Putative 1-phosphofructokinase
M6489_00404	CDS	204				hypothetical protein
M6489_00405	CDS	891				hypothetical protein
M6489_00406	CDS	309				hypothetical protein
M6489_00407	CDS	207				hypothetical protein
M6489_00408	CDS	153				hypothetical protein
M6489_00409	CDS	495				hypothetical protein
M6489_00410	CDS	1056				hypothetical protein
M6489_00411	CDS	201				hypothetical protein
M6489_00412	CDS	684	bceA		COG1136	Bacitracin export ATP-binding protein BceA
M6489_00413	CDS	852	tkt_1	2.2.1.1		Transketolase
M6489_00414	CDS	1041	tkt_2	2.2.1.1		Transketolase
M6489_00415	CDS	210				hypothetical protein
M6489_00416	CDS	285				hypothetical protein
M6489_00417	CDS	1425				hypothetical protein
M6489_00418	CDS	231				hypothetical protein
M6489_00419	CDS	174				hypothetical protein
M6489_00420	CDS	216				hypothetical protein
M6489_00421	CDS	237				hypothetical protein
M6489_00422	CDS	345				hypothetical protein
M6489_00423	CDS	387				hypothetical protein
M6489_00424	CDS	222	mgpA_1			Adhesin P1
M6489_00425	CDS	177				hypothetical protein
M6489_00426	CDS	309	ptsG_1	2.7.1.199	COG1263	PTS system glucose-specific EIICBA component
M6489_00427	CDS	258				hypothetical protein
M6489_00428	CDS	207	ptsG_2	2.7.1.199		PTS system glucose-specific EIICBA component
M6489_00429	CDS	93				hypothetical protein
M6489_00430	CDS	402	gamP		COG2190	Putative PTS system glucosamine-specific EIICBA component
M6489_00431	CDS	582	ptsG_3	2.7.1.199		PTS system glucose-specific EIICBA component
M6489_00432	CDS	93				hypothetical protein
M6489_00433	CDS	216				hypothetical protein
M6489_00434	CDS	279				hypothetical protein
M6489_00435	CDS	396	yoaB_1	7.2.2.10	COG0474	Calcium-transporting ATPase 1
M6489_00436	CDS	273	yoaB_2	7.2.2.10	COG0474	Calcium-transporting ATPase 1
M6489_00437	CDS	495		7.2.2.10		Calcium-transporting ATPase 1
M6489_00438	CDS	441	pacL	7.2.2.10	COG0474	Calcium-transporting ATPase
M6489_00439	CDS	228				hypothetical protein
M6489_00440	CDS	2163	secA		COG0653	Protein translocase subunit SecA
M6489_00441	CDS	249				hypothetical protein
M6489_00442	CDS	1971	uvrB			UvrABC system protein B
M6489_00443	CDS	207				hypothetical protein
M6489_00444	CDS	2397				hypothetical protein
M6489_00445	CDS	294				hypothetical protein
M6489_00446	CDS	417				hypothetical protein
M6489_00447	CDS	201				hypothetical protein
M6489_00448	CDS	744			COG0601	Putative peptide transport permease protein
M6489_00449	CDS	171				hypothetical protein
M6489_00450	CDS	486				hypothetical protein
M6489_00451	CDS	114				hypothetical protein
M6489_00452	CDS	345				hypothetical protein
M6489_00453	CDS	1113	oppD		COG0444	Oligopeptide transport ATP-binding protein OppD
M6489_00454	CDS	1350				hypothetical protein
M6489_00455	CDS	1107	btuD_2	7.6.2.8		Vitamin B12 import ATP-binding protein BtuD
M6489_00456	CDS	414	rplK		COG0080	50S ribosomal protein L11
M6489_00457	CDS	318	rplA_1		COG0081	50S ribosomal protein L1
M6489_00458	CDS	327	rplA_2			50S ribosomal protein L1
M6489_00459	CDS	570	pth	3.1.1.29		Peptidyl-tRNA hydrolase
M6489_00460	CDS	213	tilS	6.3.4.19		tRNA(Ile)-lysidine synthase
M6489_00461	CDS	99				hypothetical protein
M6489_00462	CDS	345				hypothetical protein
M6489_00463	CDS	936	hprK	2.7.11.-		HPr kinase/phosphorylase
M6489_00464	CDS	807	lgt	2.5.1.145	COG0682	Phosphatidylglycerol--prolipoprotein diacylglyceryl transferase
M6489_00465	CDS	165				hypothetical protein
M6489_00466	CDS	420	rpsL		COG0048	30S ribosomal protein S12
M6489_00467	CDS	468	rpsG			30S ribosomal protein S7
M6489_00468	CDS	216	fusA_1		COG0480	Elongation factor G
M6489_00469	CDS	126	fusA_2		COG0480	Elongation factor G
M6489_00470	CDS	1659	fusA_3		COG0480	Elongation factor G
M6489_00471	CDS	471				hypothetical protein
M6489_00472	CDS	291				hypothetical protein
M6489_00473	CDS	315				hypothetical protein
M6489_00474	CDS	453	rplI		COG0359	50S ribosomal protein L9
M6489_00475	CDS	630				hypothetical protein
M6489_00476	CDS	708	dnaB	3.6.4.12	COG0305	Replicative DNA helicase
M6489_00477	CDS	348				hypothetical protein
M6489_00478	CDS	129				hypothetical protein
M6489_00479	CDS	174				hypothetical protein
M6489_00480	CDS	639				hypothetical protein
M6489_00481	CDS	981				hypothetical protein
M6489_00482	CDS	270				hypothetical protein
M6489_00483	CDS	228		3.2.2.27		Uracil-DNA glycosylase
M6489_00484	CDS	738				hypothetical protein
M6489_00485	CDS	135				hypothetical protein
M6489_00486	CDS	459	GATC	6.3.5.-		Glutamyl-tRNA(Gln) amidotransferase subunit C, chloroplastic/mitochondrial
M6489_00487	CDS	810	gatA_1	6.3.5.7	COG0154	Glutamyl-tRNA(Gln) amidotransferase subunit A
M6489_00488	CDS	552	gatA_2	6.3.5.7	COG0154	Glutamyl-tRNA(Gln) amidotransferase subunit A
M6489_00489	CDS	1434	gatB	6.3.5.-	COG0064	Aspartyl/glutamyl-tRNA(Asn/Gln) amidotransferase subunit B
M6489_00490	CDS	450				hypothetical protein
M6489_00491	CDS	948	trxB	1.8.1.9	COG0492	Thioredoxin reductase
M6489_00492	CDS	606	whiA			cell division protein WhiA
M6489_00493	CDS	234				hypothetical protein
M6489_00494	CDS	162				hypothetical protein
M6489_00495	CDS	1287	rnr_1	3.1.13.1	COG0557	Ribonuclease R
M6489_00496	CDS	414	rnr_2	3.1.13.1	COG0557	Ribonuclease R
M6489_00497	CDS	117				hypothetical protein
M6489_00498	CDS	252	cdaS	2.7.7.85		Diadenylate cyclase CdaS
M6489_00499	CDS	213				hypothetical protein
M6489_00500	CDS	570	gmk	2.7.4.8	COG0194	Guanylate kinase
M6489_00501	CDS	216				hypothetical protein
M6489_00502	CDS	315				hypothetical protein
M6489_00503	CDS	924	prkC	2.7.11.1		Serine/threonine-protein kinase PrkC
M6489_00504	CDS	96				hypothetical protein
M6489_00505	CDS	141	rsgA_1	3.6.1.-		Small ribosomal subunit biogenesis GTPase RsgA
M6489_00506	CDS	528	rsgA_2	3.6.1.-	COG1162	Small ribosomal subunit biogenesis GTPase RsgA
M6489_00507	CDS	756	pgi_1	5.3.1.9	COG0166	Glucose-6-phosphate isomerase
M6489_00508	CDS	375	pgi_2	5.3.1.9	COG0166	Glucose-6-phosphate isomerase
M6489_00509	CDS	630	rpe	5.1.3.1	COG0036	Ribulose-phosphate 3-epimerase
M6489_00510	CDS	234				hypothetical protein
M6489_00511	CDS	936	asnS_1	6.1.1.22	COG0017	Asparagine--tRNA ligase
M6489_00512	CDS	135	asnS_2	6.1.1.22	COG0017	Asparagine--tRNA ligase
M6489_00513	CDS	303				hypothetical protein
M6489_00514	CDS	147				hypothetical protein
M6489_00515	CDS	474				Protein MG115 
M6489_00516	CDS	534				hypothetical protein
M6489_00517	CDS	126				hypothetical protein
M6489_00518	CDS	204				hypothetical protein
M6489_00519	CDS	354				hypothetical protein
M6489_00520	CDS	741	galE	5.1.3.2	COG1087	UDP-glucose 4-epimerase
M6489_00521	CDS	237				hypothetical protein
M6489_00522	CDS	1164	btuD_3	7.6.2.8		Vitamin B12 import ATP-binding protein BtuD
M6489_00523	CDS	381				hypothetical protein
M6489_00524	CDS	441				hypothetical protein
M6489_00525	CDS	135				hypothetical protein
M6489_00526	CDS	429				hypothetical protein
M6489_00527	CDS	183				hypothetical protein
M6489_00528	CDS	198				hypothetical protein
M6489_00529	CDS	423				hypothetical protein
M6489_00530	CDS	162	topA_1	5.6.2.1		DNA topoisomerase 1
M6489_00531	CDS	1440	topA_2	5.6.2.1		DNA topoisomerase 1
M6489_00532	CDS	312	topA_3	5.6.2.1		DNA topoisomerase 1
M6489_00533	CDS	993	rny_1	3.1.-.-		Ribonuclease Y
M6489_00534	CDS	303				hypothetical protein
M6489_00535	CDS	690				hypothetical protein
M6489_00536	CDS	156				hypothetical protein
M6489_00537	CDS	1044	trpS	6.1.1.2		Tryptophan--tRNA ligase
M6489_00538	CDS	438	spxA			Regulatory protein Spx
M6489_00539	CDS	780	nadK	2.7.1.23		NAD kinase
M6489_00540	CDS	336				hypothetical protein
M6489_00541	CDS	1293	rny_2	3.1.-.-		Ribonuclease Y
M6489_00542	CDS	111				hypothetical protein
M6489_00543	CDS	282				hypothetical protein
M6489_00544	CDS	426	hit		COG0537	Protein hit
M6489_00545	CDS	117				hypothetical protein
M6489_00546	CDS	303	ybaB			Nucleoid-associated protein YbaB
M6489_00547	CDS	192				hypothetical protein
M6489_00548	CDS	630				hypothetical protein
M6489_00549	CDS	429	lysS_1	6.1.1.6	COG1190	Lysine--tRNA ligase
M6489_00550	CDS	399	lysS_2	6.1.1.6	COG1190	Lysine--tRNA ligase
M6489_00551	CDS	534	lysS_3	6.1.1.6		Lysine--tRNA ligase
M6489_00552	CDS	840	fcf2	5.4.99.59		dTDP-fucopyranose mutase
M6489_00553	CDS	189				hypothetical protein
M6489_00554	CDS	1797	lepA	3.6.5.-		Elongation factor 4
M6489_00555	CDS	1659	rnjA	3.1.-.-	COG0595	Ribonuclease J1
M6489_00556	CDS	318				hypothetical protein
M6489_00557	CDS	210				hypothetical protein
M6489_00558	CDS	342	mgpA_2			Adhesin P1
M6489_00559	CDS	213				hypothetical protein
M6489_00560	CDS	174				hypothetical protein
M6489_00561	CDS	369				hypothetical protein
M6489_00562	CDS	291				hypothetical protein
M6489_00563	CDS	852				hypothetical protein
M6489_00564	CDS	321				hypothetical protein
M6489_00565	CDS	693				hypothetical protein
M6489_00566	CDS	135				hypothetical protein
M6489_00567	CDS	579				hypothetical protein
M6489_00568	CDS	609	nusA_1			Transcription termination/antitermination protein NusA
M6489_00569	CDS	390	nusA_2			Transcription termination/antitermination protein NusA
M6489_00570	CDS	399	nusA_3			Transcription termination/antitermination protein NusA
M6489_00571	CDS	273				hypothetical protein
M6489_00572	CDS	1599	infB			Translation initiation factor IF-2
M6489_00573	CDS	216				hypothetical protein
M6489_00574	CDS	339	rbfA			Ribosome-binding factor A
M6489_00575	CDS	426				hypothetical protein
M6489_00576	CDS	108				hypothetical protein
M6489_00577	CDS	159				hypothetical protein
M6489_00578	CDS	810	ribF		COG0196	Bifunctional riboflavin kinase/FMN adenylyltransferase
M6489_00579	CDS	126				hypothetical protein
M6489_00580	CDS	201				hypothetical protein
M6489_00581	CDS	396				hypothetical protein
M6489_00582	CDS	177				hypothetical protein
M6489_00583	CDS	654				hypothetical protein
M6489_00584	CDS	252				hypothetical protein
M6489_00585	CDS	153				hypothetical protein
M6489_00586	CDS	255				hypothetical protein
M6489_00587	CDS	465				hypothetical protein
M6489_00588	CDS	720				hypothetical protein
M6489_00589	CDS	93				hypothetical protein
M6489_00590	CDS	156				hypothetical protein
M6489_00591	CDS	321	rpsJ			30S ribosomal protein S10
M6489_00592	CDS	378	rplC		COG0087	50S ribosomal protein L3
M6489_00593	CDS	378				hypothetical protein
M6489_00594	CDS	636	rplD		COG0088	50S ribosomal protein L4
M6489_00595	CDS	321	rplW			50S ribosomal protein L23
M6489_00596	CDS	858	rplB			50S ribosomal protein L2
M6489_00597	CDS	264	rpsS			30S ribosomal protein S19
M6489_00598	CDS	435				hypothetical protein
M6489_00599	CDS	651				hypothetical protein
M6489_00600	CDS	195	rplP_1			50S ribosomal protein L16
M6489_00601	CDS	174	rplP_2		COG0197	50S ribosomal protein L16
M6489_00602	CDS	195				hypothetical protein
M6489_00603	CDS	225	rpsQ			30S ribosomal protein S17
M6489_00604	CDS	369	rplN			50S ribosomal protein L14
M6489_00605	CDS	327	rplX		COG0198	50S ribosomal protein L24
M6489_00606	CDS	291	rplE			50S ribosomal protein L5
M6489_00607	CDS	183	rpsN1		COG0199	30S ribosomal protein S14
M6489_00608	CDS	426	rpsH		COG0096	30S ribosomal protein S8
M6489_00609	CDS	462	rplF		COG0097	50S ribosomal protein L6
M6489_00610	CDS	390	rplR		COG0256	50S ribosomal protein L18
M6489_00611	CDS	636				hypothetical protein
M6489_00612	CDS	453	rplO			50S ribosomal protein L15
M6489_00613	CDS	1428	secY			Protein translocase subunit SecY
M6489_00614	CDS	645	adk	2.7.4.3		Adenylate kinase
M6489_00615	CDS	747	map	3.4.11.18	COG0024	Methionine aminopeptidase 1
M6489_00616	CDS	213	infA			Translation initiation factor IF-1
M6489_00617	CDS	258	rpsM			30S ribosomal protein S13
M6489_00618	CDS	180	rpsK		COG0100	30S ribosomal protein S11
M6489_00619	CDS	330	rpoA_1	2.7.7.6		DNA-directed RNA polymerase subunit alpha
M6489_00620	CDS	582	rpoA_2	2.7.7.6	COG0202	DNA-directed RNA polymerase subunit alpha
M6489_00621	CDS	327	rplQ		COG0203	50S ribosomal protein L17
M6489_00622	CDS	813	ecfA1_1	7.-.-.-	COG1122	Energy-coupling factor transporter ATP-binding protein EcfA1
M6489_00623	CDS	915	ecfA2	3.6.3.-		Energy-coupling factor transporter ATP-binding protein EcfA2
M6489_00624	CDS	336	ecfT_1			Energy-coupling factor transporter transmembrane protein EcfT
M6489_00625	CDS	462				hypothetical protein
M6489_00626	CDS	417	ecfT_2			Energy-coupling factor transporter transmembrane protein EcfT
M6489_00627	CDS	645	truA	5.4.99.12	COG0101	tRNA pseudouridine synthase A
M6489_00628	CDS	645				hypothetical protein
M6489_00629	CDS	357				hypothetical protein
M6489_00630	CDS	645	pepF1	3.4.24.-		Oligoendopeptidase F, plasmid
M6489_00631	CDS	750				hypothetical protein
M6489_00632	CDS	195				hypothetical protein
M6489_00633	CDS	627				hypothetical protein
M6489_00634	CDS	165				hypothetical protein
M6489_00635	CDS	1185				hypothetical protein
M6489_00636	CDS	360				hypothetical protein
M6489_00637	CDS	264				hypothetical protein
M6489_00638	CDS	225	mgpA_3			Adhesin P1
M6489_00639	CDS	267				hypothetical protein
M6489_00640	tRNA	77				tRNA-Arg(tcg)
M6489_00641	CDS	231				putative protein MPN_377
M6489_00642	CDS	363	dnaE2_1	2.7.7.7		Error-prone DNA polymerase
M6489_00643	CDS	1113	dnaE2_2	2.7.7.7		Error-prone DNA polymerase
M6489_00644	CDS	444	dnaE	2.7.7.7	COG0587	DNA polymerase III subunit alpha
M6489_00645	CDS	174				hypothetical protein
M6489_00646	CDS	756	polA	2.7.7.7		DNA polymerase I
M6489_00647	CDS	855	mutM	3.2.2.23	COG0266	Formamidopyrimidine-DNA glycosylase
M6489_00648	CDS	147				hypothetical protein
M6489_00649	CDS	198				hypothetical protein
M6489_00650	CDS	279	coaE	2.7.1.24	COG0237	Dephospho-CoA kinase
M6489_00651	CDS	219				hypothetical protein
M6489_00652	CDS	837	yitU	3.1.3.104	COG0561	5-amino-6-(5-phospho-D-ribitylamino)uracil phosphatase YitU
M6489_00653	CDS	522	leuS_1	6.1.1.4		Leucine--tRNA ligase
M6489_00654	CDS	204	leuS_2	6.1.1.4		Leucine--tRNA ligase
M6489_00655	CDS	489	leuS_3	6.1.1.4	COG0495	Leucine--tRNA ligase
M6489_00656	CDS	186	leuS_4	6.1.1.4		Leucine--tRNA ligase
M6489_00657	CDS	201				hypothetical protein
M6489_00658	CDS	378				hypothetical protein
M6489_00659	CDS	1023				hypothetical protein
M6489_00660	CDS	387				hypothetical protein
M6489_00661	CDS	111				hypothetical protein
M6489_00662	CDS	522	lplA	6.3.1.20	COG0095	Lipoate-protein ligase A
M6489_00663	CDS	1014	pdhD_1	1.8.1.4		Dihydrolipoyl dehydrogenase
M6489_00664	CDS	237	pdhD_2	1.8.1.4		Dihydrolipoyl dehydrogenase
M6489_00665	CDS	1155	pdhC	2.3.1.12		Dihydrolipoyllysine-residue acetyltransferase component of pyruvate dehydrogenase complex
M6489_00666	CDS	225	pdhB_1	1.2.4.1		Pyruvate dehydrogenase E1 component subunit beta
M6489_00667	CDS	732	pdhB_2	1.2.4.1		Pyruvate dehydrogenase E1 component subunit beta
M6489_00668	CDS	372	pdhA_1	1.2.4.1		Pyruvate dehydrogenase E1 component subunit alpha
M6489_00669	CDS	111	pdhA_2	1.2.4.1		Pyruvate dehydrogenase E1 component subunit alpha
M6489_00670	CDS	153	pdhA_3	1.2.4.1		Pyruvate dehydrogenase E1 component subunit alpha
M6489_00671	CDS	171	pdhA_4	1.2.4.1		Pyruvate dehydrogenase E1 component subunit alpha
M6489_00672	CDS	1083		1.6.99.3		putative NADH oxidase
M6489_00673	CDS	345	nox	1.6.99.3	COG0446	NADH oxidase
M6489_00674	CDS	543	apt	2.4.2.7	COG0503	Adenine phosphoribosyltransferase
M6489_00675	CDS	687				hypothetical protein
M6489_00676	CDS	435				hypothetical protein
M6489_00677	CDS	456				hypothetical protein
M6489_00678	CDS	309				hypothetical protein
M6489_00679	CDS	1389				hypothetical protein
M6489_00680	CDS	258				hypothetical protein
M6489_00681	CDS	144				hypothetical protein
M6489_00682	CDS	195				hypothetical protein
M6489_00683	CDS	657				hypothetical protein
M6489_00684	CDS	798				hypothetical protein
M6489_00685	CDS	831				putative protein MG281
M6489_00686	CDS	657				putative protein MG281
M6489_00687	tRNA	74				tRNA-Gly(tcc)
M6489_00688	tRNA	86				tRNA-Leu(taa)
M6489_00689	tRNA	75				tRNA-Lys(ttt)
M6489_00690	tRNA	75				tRNA-Gln(ttg)
M6489_00691	tRNA	87				tRNA-Tyr(gta)
M6489_00692	CDS	486	greA		COG0782	Transcription elongation factor GreA
M6489_00693	CDS	135				hypothetical protein
M6489_00694	CDS	327				hypothetical protein
M6489_00695	CDS	822	proS	6.1.1.15	COG0442	Proline--tRNA ligase
M6489_00696	CDS	141				hypothetical protein
M6489_00697	CDS	234				hypothetical protein
M6489_00698	CDS	138				hypothetical protein
M6489_00699	CDS	210				hypothetical protein
M6489_00700	CDS	159				hypothetical protein
M6489_00701	CDS	513				hypothetical protein
M6489_00702	tRNA	75				tRNA-SeC(tca)
M6489_00703	CDS	171				hypothetical protein
M6489_00704	CDS	177				hypothetical protein
M6489_00705	CDS	189				hypothetical protein
M6489_00706	CDS	228	mgpA_4			Adhesin P1
M6489_00707	CDS	177				hypothetical protein
M6489_00708	CDS	183				Mgp-operon protein 3
M6489_00709	CDS	387				Mgp-operon protein 3
M6489_00710	CDS	1239				Mgp-operon protein 3
M6489_00711	CDS	168				hypothetical protein
M6489_00712	CDS	171				hypothetical protein
M6489_00713	CDS	258	mgpA_5			Adhesin P1
M6489_00714	CDS	177				hypothetical protein
M6489_00715	CDS	282				hypothetical protein
M6489_00716	CDS	561	pheS_1	6.1.1.20		Phenylalanine--tRNA ligase alpha subunit
M6489_00717	CDS	153	pheS_2	6.1.1.20		Phenylalanine--tRNA ligase alpha subunit
M6489_00718	CDS	474	pheT_1	6.1.1.20		Phenylalanine--tRNA ligase beta subunit
M6489_00719	CDS	228				hypothetical protein
M6489_00720	CDS	645	pheT_2	6.1.1.20	COG0072	Phenylalanine--tRNA ligase beta subunit
M6489_00721	CDS	384				hypothetical protein
M6489_00722	CDS	402				hypothetical protein
M6489_00723	CDS	150				hypothetical protein
M6489_00724	CDS	546	infC			Translation initiation factor IF-3
M6489_00725	CDS	180	rpmI			50S ribosomal protein L35
M6489_00726	CDS	375	rplT			50S ribosomal protein L20
M6489_00727	CDS	708	rnhC	3.1.26.4	COG1039	Ribonuclease HIII
M6489_00728	CDS	567				DnaJ-like protein MG200
M6489_00729	CDS	966				DnaJ-like protein MG200
M6489_00730	CDS	453	grpE_1			Protein GrpE
M6489_00731	CDS	201	grpE_2			Protein GrpE
M6489_00732	CDS	369				hypothetical protein
M6489_00733	tRNA	74				tRNA-Thr(ggt)
M6489_00734	CDS	1746	parE_1	5.6.2.2	COG0187	DNA topoisomerase 4 subunit B
M6489_00735	CDS	147	parE_2	5.6.2.2	COG0187	DNA topoisomerase 4 subunit B
M6489_00736	CDS	288	gyrA_2	5.6.2.2	COG0188	Type 2 topoisomerase subunit A
M6489_00737	CDS	2013	parC	5.6.2.2	COG0188	DNA topoisomerase 4 subunit A
M6489_00738	CDS	231	hrcA_1			Heat-inducible transcription repressor HrcA
M6489_00739	CDS	795	hrcA_2		COG1420	Heat-inducible transcription repressor HrcA
M6489_00740	CDS	1461	uvrC		COG0322	UvrABC system protein C
M6489_00741	CDS	159		3.1.4.-		Putative metallophosphoesterase MG207 
M6489_00742	CDS	345		3.1.4.-		Putative metallophosphoesterase MG207 
M6489_00743	CDS	591				hypothetical protein
M6489_00744	CDS	927	rluD	5.4.99.23	COG0564	Ribosomal large subunit pseudouridine synthase D
M6489_00745	CDS	339	lspA	3.4.23.36		Lipoprotein signal peptidase
M6489_00746	CDS	246				hypothetical protein
M6489_00747	CDS	189				hypothetical protein
M6489_00748	CDS	399				hypothetical protein
M6489_00749	CDS	117				hypothetical protein
M6489_00750	CDS	195				hypothetical protein
M6489_00751	CDS	588				hypothetical protein
M6489_00752	CDS	189				hypothetical protein
M6489_00753	CDS	885	scpA			Segregation and condensation protein A
M6489_00754	CDS	624	scpB		COG1386	Segregation and condensation protein B
M6489_00755	CDS	420	pfkA_1	2.7.1.11	COG0205	ATP-dependent 6-phosphofructokinase isozyme 1
M6489_00756	CDS	468	pfkA_2	2.7.1.11		ATP-dependent 6-phosphofructokinase
M6489_00757	CDS	864	pyk_1	2.7.1.40		Pyruvate kinase
M6489_00758	CDS	294	pyk_2	2.7.1.40		Pyruvate kinase
M6489_00759	tRNA	77				tRNA-Cys(gca)
M6489_00760	tRNA	77				tRNA-Pro(tgg)
M6489_00761	tRNA	77				tRNA-Met(cat)
M6489_00762	tRNA	77				tRNA-Met(cat)
M6489_00763	tRNA	92				tRNA-Ser(tga)
M6489_00764	tRNA	77				tRNA-Met(cat)
M6489_00765	tRNA	74				tRNA-Asp(gtc)
M6489_00766	tRNA	76				tRNA-Phe(gaa)
M6489_00767	CDS	1002				hypothetical protein
M6489_00768	CDS	93				hypothetical protein
M6489_00769	CDS	3153	hmw2_1			Cytadherence high molecular weight protein 2
M6489_00770	CDS	942	hmw2_2			Cytadherence high molecular weight protein 2
M6489_00771	CDS	477	hmw2_3			Cytadherence high molecular weight protein 2
M6489_00772	CDS	696				putative protein MG218.1
M6489_00773	CDS	312				putative protein MG218.1
M6489_00774	CDS	447				hypothetical protein
M6489_00775	CDS	204				hypothetical protein
M6489_00776	tRNA	77				tRNA-Arg(gcg)
M6489_00777	CDS	465	mraZ			Transcriptional regulator MraZ
M6489_00778	CDS	930	rsmH	2.1.1.199	COG0275	Ribosomal RNA small subunit methyltransferase H
M6489_00779	CDS	1236				hypothetical protein
M6489_00780	CDS	891	ftsZ			Cell division protein FtsZ
M6489_00781	CDS	171				hypothetical protein
M6489_00782	CDS	288				hypothetical protein
M6489_00783	CDS	174				hypothetical protein
M6489_00784	CDS	978				hypothetical protein
M6489_00785	CDS	1278				hypothetical protein
M6489_00786	CDS	273				hypothetical protein
M6489_00787	CDS	246	mgpA_6			Adhesin P1
M6489_00788	CDS	246				hypothetical protein
M6489_00789	CDS	342				hypothetical protein
M6489_00790	CDS	1146				hypothetical protein
M6489_00791	CDS	636				hypothetical protein
M6489_00792	CDS	432				hypothetical protein
M6489_00793	CDS	276	prmC	2.1.1.297		Release factor glutamine methyltransferase
M6489_00794	CDS	126				hypothetical protein
M6489_00795	CDS	606	prfA_1		COG0216	Peptide chain release factor 1
M6489_00796	CDS	441	prfA_2			Peptide chain release factor 1
M6489_00797	CDS	294				hypothetical protein
M6489_00798	CDS	141				hypothetical protein
M6489_00799	CDS	180				hypothetical protein
M6489_00800	tRNA	74				tRNA-Trp(cca)
M6489_00801	tRNA	75				tRNA-Arg(cct)
M6489_00802	CDS	741				hypothetical protein
M6489_00803	CDS	294				hypothetical protein
M6489_00804	tRNA	74				tRNA-Gly(gcc)
M6489_00805	CDS	714	ligA_1	6.5.1.2	COG0272	DNA ligase
M6489_00806	CDS	1197	ligA_2	6.5.1.2	COG0272	DNA ligase
M6489_00807	CDS	540	cysS_1	6.1.1.16	COG0215	Cysteine--tRNA ligase
M6489_00808	CDS	261	cysS_2	6.1.1.16	COG0215	Cysteine--tRNA ligase
M6489_00809	CDS	168				hypothetical protein
M6489_00810	CDS	306		2.1.1.-		Putative TrmH family tRNA/rRNA methyltransferase
M6489_00811	CDS	228	glyQS_1	6.1.1.14	COG0423	Glycine--tRNA ligase
M6489_00812	CDS	438	glyQS_2	6.1.1.14	COG0423	Glycine--tRNA ligase
M6489_00813	CDS	309	glyQS_3	6.1.1.14		Glycine--tRNA ligase
M6489_00814	CDS	174	glyQS_4	6.1.1.14		Glycine--tRNA ligase
M6489_00815	CDS	243	dnaG_1	2.7.7.-	COG0358	DNA primase
M6489_00816	CDS	630	dnaG_2	2.7.7.-	COG0358	DNA primase
M6489_00817	CDS	201				hypothetical protein
M6489_00818	CDS	126				hypothetical protein
M6489_00819	CDS	135				hypothetical protein
M6489_00820	CDS	366				hypothetical protein
M6489_00821	CDS	405	rpoD			RNA polymerase sigma factor RpoD
M6489_00822	CDS	516	sigA		COG0568	RNA polymerase sigma factor SigA
M6489_00823	CDS	657				hypothetical protein
M6489_00824	CDS	237	plsY	2.3.1.275		Glycerol-3-phosphate acyltransferase
M6489_00825	CDS	186				hypothetical protein
M6489_00826	CDS	645		3.1.-.-		Putative phosphatase/phosphodiesterase MPN_349
M6489_00827	CDS	156		3.1.-.-		Putative phosphatase/phosphodiesterase MPN_349
M6489_00828	CDS	498		6.3.3.2		5-formyltetrahydrofolate cyclo-ligase
M6489_00829	CDS	558	pcrA_1	3.6.4.12		ATP-dependent DNA helicase PcrA
M6489_00830	CDS	360				hypothetical protein
M6489_00831	CDS	765	pcrA_2	3.6.4.12	COG0210	ATP-dependent DNA helicase PcrA
M6489_00832	CDS	372				hypothetical protein
M6489_00833	CDS	294				hypothetical protein
M6489_00834	CDS	165				hypothetical protein
M6489_00835	CDS	117				hypothetical protein
M6489_00836	CDS	219				hypothetical protein
M6489_00837	CDS	681				hypothetical protein
M6489_00838	CDS	489				hypothetical protein
M6489_00839	CDS	486				hypothetical protein
M6489_00840	CDS	105				hypothetical protein
M6489_00841	CDS	459				hypothetical protein
M6489_00842	CDS	345	nadD	2.7.7.18	COG1057	putative nicotinate-nucleotide adenylyltransferase
M6489_00843	CDS	402				hypothetical protein
M6489_00844	CDS	219				hypothetical protein
M6489_00845	CDS	1266	lon1_1	3.4.21.53	COG0466	Lon protease 1
M6489_00846	CDS	978	lon1_2	3.4.21.53	COG0466	Lon protease 1
M6489_00847	CDS	1224	tig	5.2.1.8	COG0544	Trigger factor
M6489_00848	CDS	885				putative protein MG237 
M6489_00849	CDS	471				hypothetical protein
M6489_00850	CDS	846	nfo	3.1.21.2	COG0648	putative endonuclease 4
M6489_00851	CDS	315	rpmA		COG0211	50S ribosomal protein L27
M6489_00852	CDS	300				hypothetical protein
M6489_00853	CDS	303	rplU		COG0261	50S ribosomal protein L21
M6489_00854	CDS	459	nrdE	1.17.4.1	COG0209	Ribonucleoside-diphosphate reductase subunit alpha
M6489_00855	CDS	1629	nrdE2	1.17.4.1	COG0209	Ribonucleoside-diphosphate reductase subunit alpha 2
M6489_00856	CDS	462	nrdI		COG1780	Protein NrdI
M6489_00857	CDS	672	nrdF	1.17.4.1	COG0208	Ribonucleoside-diphosphate reductase 2 subunit beta
M6489_00858	CDS	132				hypothetical protein
M6489_00859	CDS	192				hypothetical protein
M6489_00860	CDS	231	dhfR	1.5.1.3	COG0262	Dihydrofolate reductase
M6489_00861	CDS	372	thyA	2.1.1.45	COG0207	Thymidylate synthase
M6489_00862	CDS	183	thyA2	2.1.1.45	COG0207	Thymidylate synthase 2
M6489_00863	CDS	288				hypothetical protein
M6489_00864	CDS	285				hypothetical protein
M6489_00865	CDS	183				Mgp-operon protein 3
M6489_00866	CDS	192				hypothetical protein
M6489_00867	rRNA	74				5S ribosomal RNA (partial)
M6489_00868	rRNA	2907				23S ribosomal RNA
M6489_00869	rRNA	1514				16S ribosomal RNA
M6489_00870	CDS	1023	recA			Protein RecA
M6489_00871	CDS	204				hypothetical protein
M6489_00872	CDS	144				hypothetical protein
M6489_00873	CDS	165				hypothetical protein
M6489_00874	CDS	141				hypothetical protein
M6489_00875	CDS	306				hypothetical protein
M6489_00876	CDS	519				hypothetical protein
M6489_00877	CDS	198				hypothetical protein
M6489_00878	CDS	159				hypothetical protein
M6489_00879	CDS	258				hypothetical protein
M6489_00880	CDS	357				hypothetical protein
M6489_00881	CDS	177				hypothetical protein
M6489_00882	CDS	417				hypothetical protein
M6489_00883	CDS	456	sufS	4.4.1.16		Cysteine desulfurase
M6489_00884	CDS	384	csdA	2.8.1.7	COG0520	Cysteine desulfurase CsdA
M6489_00885	CDS	207		2.4.1.-	COG0463	Processive diacylglycerol beta-glycosyltransferase
M6489_00886	CDS	513		2.4.1.-	COG0463	Processive diacylglycerol beta-glycosyltransferase
M6489_00887	CDS	222				hypothetical protein
M6489_00888	CDS	576	engB			GTP-binding protein EngB
M6489_00889	CDS	189	valS_1	6.1.1.9	COG0525	Valine--tRNA ligase
M6489_00890	CDS	162	valS_2	6.1.1.9		Valine--tRNA ligase
M6489_00891	CDS	234	valS_3	6.1.1.9		Valine--tRNA ligase
M6489_00892	CDS	123				hypothetical protein
M6489_00893	CDS	165	azoR	1.7.1.17		FMN-dependent NADH-azoreductase
M6489_00894	CDS	138				hypothetical protein
M6489_00895	CDS	720			COG0217	putative transcriptional regulatory protein
M6489_00896	CDS	102				hypothetical protein
M6489_00897	CDS	198				hypothetical protein
M6489_00898	CDS	210				hypothetical protein
M6489_00899	CDS	447	cmk	2.7.4.25	COG0283	Cytidylate kinase
M6489_00900	CDS	1347	der		COG1160	GTPase Der
M6489_00901	CDS	1386				hypothetical protein
M6489_00902	CDS	471				hypothetical protein
M6489_00903	CDS	807	menH	4.2.99.20		2-succinyl-6-hydroxy-2,4-cyclohexadiene-1-carboxylate synthase
M6489_00904	CDS	393				hypothetical protein
M6489_00905	CDS	495				hypothetical protein
M6489_00906	CDS	162	rpmGA			50S ribosomal protein L33 1
M6489_00907	CDS	102				hypothetical protein
M6489_00908	CDS	168				hypothetical protein
M6489_00909	CDS	648	ypdF	3.4.11.-	COG0006	Aminopeptidase YpdF
M6489_00910	CDS	270				hypothetical protein
M6489_00911	CDS	159				hypothetical protein
M6489_00912	tmRNA	388	ssrA			transfer-messenger RNA, SsrA
M6489_00913	CDS	684	ktrA		COG0569	Ktr system potassium uptake protein A
M6489_00914	CDS	1311	ktrB		COG0168	Ktr system potassium uptake protein B
M6489_00915	tRNA	75				tRNA-Asn(gtt)
M6489_00916	tRNA	77				tRNA-Glu(ttc)
M6489_00917	tRNA	75				tRNA-Thr(cgt)
M6489_00918	tRNA	76				tRNA-Val(tac)
M6489_00919	tRNA	76				tRNA-Thr(tgt)
M6489_00920	tRNA	76				tRNA-Lys(ctt)
M6489_00921	tRNA	85				tRNA-Leu(tag)
M6489_00922	CDS	1023				putative lipoprotein MG321 
M6489_00923	CDS	405				putative lipoprotein MG321 
M6489_00924	tRNA	89				tRNA-Ser(cga)
M6489_00925	tRNA	91				tRNA-Ser(gga)
M6489_00926	CDS	453				hypothetical protein
M6489_00927	CDS	252				hypothetical protein
M6489_00928	CDS	537				hypothetical protein
M6489_00929	CDS	204				hypothetical protein
M6489_00930	CDS	210				hypothetical protein
M6489_00931	CDS	345				hypothetical protein
M6489_00932	CDS	1143				hypothetical protein
M6489_00933	CDS	471				hypothetical protein
M6489_00934	CDS	372				hypothetical protein
M6489_00935	CDS	330				hypothetical protein
M6489_00936	CDS	465				hypothetical protein
M6489_00937	CDS	594				hypothetical protein
M6489_00938	CDS	435				hypothetical protein
M6489_00939	CDS	189				hypothetical protein
M6489_00940	CDS	114				hypothetical protein
M6489_00941	CDS	714				hypothetical protein
M6489_00942	CDS	342	hmw1			Cytadherence high molecular weight protein 1
M6489_00943	CDS	357				hypothetical protein
M6489_00944	CDS	132				hypothetical protein
M6489_00945	CDS	810				hypothetical protein
M6489_00946	CDS	417	cshB	3.6.4.13	COG0513	DEAD-box ATP-dependent RNA helicase CshB
M6489_00947	CDS	177				hypothetical protein
M6489_00948	CDS	420				hypothetical protein
M6489_00949	CDS	225				hypothetical protein
M6489_00950	CDS	432				hypothetical protein
M6489_00951	CDS	708				hypothetical protein
M6489_00952	CDS	1056				hypothetical protein
M6489_00953	CDS	237				hypothetical protein
M6489_00954	CDS	264				hypothetical protein
M6489_00955	CDS	1728	dnaK		COG0443	Chaperone protein DnaK
M6489_00956	CDS	813	ecfA1_2	7.-.-.-	COG1122	Energy-coupling factor transporter ATP-binding protein EcfA1
M6489_00957	CDS	1074	btuD_4	7.6.2.8		Vitamin B12 import ATP-binding protein BtuD
M6489_00958	CDS	144				hypothetical protein
M6489_00959	CDS	333	ecfT_3			Energy-coupling factor transporter transmembrane protein EcfT
M6489_00960	CDS	1014	gapA	1.2.1.12		Glyceraldehyde-3-phosphate dehydrogenase
M6489_00961	CDS	993	pgk_1	2.7.2.3	COG0126	Phosphoglycerate kinase
M6489_00962	CDS	111	pgk_2	2.7.2.3		Phosphoglycerate kinase
M6489_00963	CDS	654				hypothetical protein
M6489_00964	CDS	450	smc_1		COG1196	Chromosome partition protein Smc
M6489_00965	CDS	339				hypothetical protein
M6489_00966	CDS	1335	smc_2			Chromosome partition protein Smc
M6489_00967	CDS	837	smc_3		COG1196	Chromosome partition protein Smc
M6489_00968	CDS	558	ftsY_1		COG0552	Signal recognition particle receptor FtsY
M6489_00969	CDS	333	ftsY_2		COG0552	Signal recognition particle receptor FtsY
M6489_00970	CDS	390				putative protein MG296 
M6489_00971	CDS	273	mnmA_1	2.8.1.13	COG0482	tRNA-specific 2-thiouridylase MnmA
M6489_00972	CDS	306	mnmA_2	2.8.1.13		tRNA-specific 2-thiouridylase MnmA
M6489_00973	CDS	237	mnmA_3	2.8.1.13		tRNA-specific 2-thiouridylase MnmA
M6489_00974	CDS	309				hypothetical protein
M6489_00975	CDS	219				hypothetical protein
M6489_00976	CDS	432				hypothetical protein
M6489_00977	CDS	183				hypothetical protein
M6489_00978	CDS	576	glpQ	3.1.4.46	COG0584	Glycerophosphodiester phosphodiesterase
M6489_00979	CDS	183	alaS_1	6.1.1.7	COG0013	Alanine--tRNA ligase
M6489_00980	CDS	435	alaS_2	6.1.1.7	COG0013	Alanine--tRNA ligase
M6489_00981	CDS	399				hypothetical protein
M6489_00982	CDS	288	alaS_3	6.1.1.7	COG0013	Alanine--tRNA ligase
M6489_00983	CDS	501				hypothetical protein
M6489_00984	CDS	417	yrrK	3.1.-.-	COG0816	Putative pre-16S rRNA nuclease
M6489_00985	CDS	258				hypothetical protein
M6489_00986	CDS	495				hypothetical protein
M6489_00987	CDS	159				hypothetical protein
M6489_00988	CDS	198				hypothetical protein
M6489_00989	CDS	183				hypothetical protein
M6489_00990	CDS	333	fetA	3.6.3.-	COG4619	putative iron export ATP-binding protein FetA
M6489_00991	CDS	192				High affinity transport system protein p37
M6489_00992	CDS	213				High affinity transport system protein p37
M6489_00993	CDS	453				High affinity transport system protein p37
M6489_00994	CDS	792				hypothetical protein
M6489_00995	CDS	264				hypothetical protein
M6489_00996	CDS	135				hypothetical protein
M6489_00997	CDS	300				hypothetical protein
M6489_00998	CDS	159				hypothetical protein
M6489_00999	CDS	177				hypothetical protein
M6489_01000	CDS	273				putative lipoprotein MG186 
M6489_01001	CDS	330				Putative ABC transporter ATP-binding protein MG187 
M6489_01002	CDS	294				Putative ABC transporter ATP-binding protein MG187 
M6489_01003	CDS	705				Putative ABC transporter ATP-binding protein MG187 
M6489_01004	CDS	219				Putative ABC transporter ATP-binding protein MG187 
M6489_01005	CDS	282				hypothetical protein
M6489_01006	CDS	564	araP		COG1175	L-arabinose transport system permease protein AraP
M6489_01007	CDS	156				hypothetical protein
M6489_01008	CDS	201				hypothetical protein
M6489_01009	CDS	156				hypothetical protein
M6489_01010	CDS	606	nrnA_2	3.1.-.-		Bifunctional oligoribonuclease and PAP phosphatase NrnA
M6489_01011	CDS	516	mgpA_7			Adhesin P1
M6489_01012	CDS	153	mgpA_8			Adhesin P1
M6489_01013	CDS	345	mgpA_9			Adhesin P1
M6489_01014	CDS	273	mgpA_10			Adhesin P1
M6489_01015	CDS	156				hypothetical protein
M6489_01016	CDS	144	mgpA_11			Adhesin P1
M6489_01017	CDS	2136				hypothetical protein
M6489_01018	CDS	597	rpsD			30S ribosomal protein S4
M6489_01019	CDS	414				hypothetical protein
M6489_01020	CDS	216				hypothetical protein
M6489_01021	CDS	363				hypothetical protein
M6489_01022	CDS	1002				hypothetical protein
M6489_01023	CDS	339	mgpA_12			Adhesin P1
