locus_tag	ftype	length_bp	gene	EC_number	COG	product
M30_00001	CDS	342	hmw1			Cytadherence high molecular weight protein 1
M30_00002	CDS	714				hypothetical protein
M30_00003	CDS	114				hypothetical protein
M30_00004	CDS	189				hypothetical protein
M30_00005	CDS	435				hypothetical protein
M30_00006	CDS	594				hypothetical protein
M30_00007	CDS	465				hypothetical protein
M30_00008	CDS	330				hypothetical protein
M30_00009	CDS	372				hypothetical protein
M30_00010	CDS	471				hypothetical protein
M30_00011	CDS	1143				hypothetical protein
M30_00012	CDS	237				hypothetical protein
M30_00013	CDS	210				hypothetical protein
M30_00014	CDS	204				hypothetical protein
M30_00015	CDS	537				hypothetical protein
M30_00016	CDS	252				hypothetical protein
M30_00017	CDS	453				hypothetical protein
M30_00018	tRNA	91				tRNA-Ser(gga)
M30_00019	tRNA	89				tRNA-Ser(cga)
M30_00020	CDS	405				putative lipoprotein MG321 
M30_00021	CDS	1023				putative lipoprotein MG321 
M30_00022	tRNA	85				tRNA-Leu(tag)
M30_00023	tRNA	76				tRNA-Lys(ctt)
M30_00024	tRNA	76				tRNA-Thr(tgt)
M30_00025	tRNA	76				tRNA-Val(tac)
M30_00026	tRNA	75				tRNA-Thr(cgt)
M30_00027	tRNA	77				tRNA-Glu(ttc)
M30_00028	tRNA	75				tRNA-Asn(gtt)
M30_00029	CDS	1311	ktrB		COG0168	Ktr system potassium uptake protein B
M30_00030	CDS	684	ktrA		COG0569	Ktr system potassium uptake protein A
M30_00031	tmRNA	388	ssrA			transfer-messenger RNA, SsrA
M30_00032	CDS	159				hypothetical protein
M30_00033	CDS	270				hypothetical protein
M30_00034	CDS	648	ypdF	3.4.11.-	COG0006	Aminopeptidase YpdF
M30_00035	CDS	168				hypothetical protein
M30_00036	CDS	102				hypothetical protein
M30_00037	CDS	162	rpmGA			50S ribosomal protein L33 1
M30_00038	CDS	495				hypothetical protein
M30_00039	CDS	393				hypothetical protein
M30_00040	CDS	807	menH	4.2.99.20		2-succinyl-6-hydroxy-2,4-cyclohexadiene-1-carboxylate synthase
M30_00041	CDS	447				hypothetical protein
M30_00042	CDS	1386				hypothetical protein
M30_00043	CDS	1347	der		COG1160	GTPase Der
M30_00044	CDS	447	cmk	2.7.4.25	COG0283	Cytidylate kinase
M30_00045	CDS	210				hypothetical protein
M30_00046	CDS	198				hypothetical protein
M30_00047	CDS	102				hypothetical protein
M30_00048	CDS	720			COG0217	putative transcriptional regulatory protein
M30_00049	CDS	138				hypothetical protein
M30_00050	CDS	165	azoR	1.7.1.17		FMN-dependent NADH-azoreductase
M30_00051	CDS	123				hypothetical protein
M30_00052	CDS	234	valS_1	6.1.1.9		Valine--tRNA ligase
M30_00053	CDS	162	valS_2	6.1.1.9		Valine--tRNA ligase
M30_00054	CDS	189	valS_3	6.1.1.9	COG0525	Valine--tRNA ligase
M30_00055	CDS	576	engB			GTP-binding protein EngB
M30_00056	CDS	222				hypothetical protein
M30_00057	CDS	513		2.4.1.-	COG0463	Processive diacylglycerol beta-glycosyltransferase
M30_00058	CDS	207		2.4.1.-	COG0463	Processive diacylglycerol beta-glycosyltransferase
M30_00059	CDS	384	csdA	2.8.1.7	COG0520	Cysteine desulfurase CsdA
M30_00060	CDS	456	sufS	4.4.1.16		Cysteine desulfurase
M30_00061	CDS	417				hypothetical protein
M30_00062	CDS	177				hypothetical protein
M30_00063	CDS	357				hypothetical protein
M30_00064	CDS	258				hypothetical protein
M30_00065	CDS	159				hypothetical protein
M30_00066	CDS	198				hypothetical protein
M30_00067	CDS	519				hypothetical protein
M30_00068	CDS	306				hypothetical protein
M30_00069	CDS	141				hypothetical protein
M30_00070	CDS	165				hypothetical protein
M30_00071	CDS	144				hypothetical protein
M30_00072	CDS	204				hypothetical protein
M30_00073	CDS	1023	recA			Protein RecA
M30_00074	CDS	177				hypothetical protein
M30_00075	CDS	255				hypothetical protein
M30_00076	CDS	195				Mgp-operon protein 3
M30_00077	CDS	258				Mgp-operon protein 3
M30_00078	CDS	297				hypothetical protein
M30_00079	CDS	147				hypothetical protein
M30_00080	CDS	192	mgpA_1			Adhesin P1
M30_00081	CDS	1524	rpoC_1	2.7.7.6	COG0086	DNA-directed RNA polymerase subunit beta'
M30_00082	CDS	2046	rpoC_2	2.7.7.6	COG0086	DNA-directed RNA polymerase subunit beta'
M30_00083	CDS	99				hypothetical protein
M30_00084	CDS	270	rpoB_1	2.7.7.6	COG0085	DNA-directed RNA polymerase subunit beta
M30_00085	CDS	1077	rpoB_2	2.7.7.6	COG0085	DNA-directed RNA polymerase subunit beta
M30_00086	CDS	2697	rpoB_3	2.7.7.6		DNA-directed RNA polymerase subunit beta
M30_00087	CDS	507				hypothetical protein
M30_00088	CDS	183				hypothetical protein
M30_00089	CDS	396				hypothetical protein
M30_00090	CDS	240				hypothetical protein
M30_00091	CDS	285				hypothetical protein
M30_00092	CDS	210				hypothetical protein
M30_00093	CDS	216				hypothetical protein
M30_00094	CDS	138				hypothetical protein
M30_00095	CDS	246	ileS_1	6.1.1.5		Isoleucine--tRNA ligase
M30_00096	CDS	273	ileS_2	6.1.1.5		Isoleucine--tRNA ligase
M30_00097	CDS	366	ileS_3	6.1.1.5		Isoleucine--tRNA ligase
M30_00098	CDS	168	trmL	2.1.1.207	COG0219	tRNA (cytidine(34)-2'-O)-methyltransferase
M30_00099	CDS	114				hypothetical protein
M30_00100	CDS	342	trmB	2.1.1.33	COG0220	tRNA (guanine-N(7)-)-methyltransferase
M30_00101	CDS	156				hypothetical protein
M30_00102	tRNA	76				tRNA-His(gtg)
M30_00103	CDS	522				hypothetical protein
M30_00104	CDS	246				hypothetical protein
M30_00105	tRNA	88				tRNA-Leu(gag)
M30_00106	CDS	117				hypothetical protein
M30_00107	CDS	243				hypothetical protein
M30_00108	CDS	342				hypothetical protein
M30_00109	CDS	216				hypothetical protein
M30_00110	CDS	261				hypothetical protein
M30_00111	tRNA	82				tRNA-Leu(caa)
M30_00112	CDS	210				hypothetical protein
M30_00113	CDS	162	ppa_1	3.6.1.1	COG0221	Inorganic pyrophosphatase
M30_00114	CDS	219	ppa_2	3.6.1.1	COG0221	Inorganic pyrophosphatase
M30_00115	CDS	309	recU	3.1.22.4	COG3331	Holliday junction resolvase RecU
M30_00116	CDS	315				hypothetical protein
M30_00117	CDS	414				putative protein MG354
M30_00118	CDS	885	clpB_1		COG0542	Chaperone protein ClpB
M30_00119	CDS	273	clpB_2			Chaperone protein ClpB
M30_00120	CDS	639	clpB_3			Chaperone protein ClpB
M30_00121	CDS	360				hypothetical protein
M30_00122	CDS	513	ackA_1	2.7.2.1	COG0282	Acetate kinase
M30_00123	CDS	498	ackA_2	2.7.2.1	COG0282	Acetate kinase
M30_00124	CDS	210				hypothetical protein
M30_00125	CDS	228				hypothetical protein
M30_00126	CDS	501	ruvA	3.6.4.12		Holliday junction ATP-dependent DNA helicase RuvA
M30_00127	CDS	924	ruvB	3.6.4.12	COG2255	Holliday junction ATP-dependent DNA helicase RuvB
M30_00128	CDS	288				hypothetical protein
M30_00129	CDS	564	dinB	2.7.7.7	COG0389	DNA polymerase IV
M30_00130	CDS	183				hypothetical protein
M30_00131	CDS	171				hypothetical protein
M30_00132	CDS	369	rplL			50S ribosomal protein L7/L12
M30_00133	CDS	174	rpmF			50S ribosomal protein L32
M30_00134	CDS	267				hypothetical protein
M30_00135	CDS	156				hypothetical protein
M30_00136	CDS	357				hypothetical protein
M30_00137	CDS	132				hypothetical protein
M30_00138	CDS	366	fmt	2.1.2.9		Methionyl-tRNA formyltransferase
M30_00139	CDS	942				hypothetical protein
M30_00140	CDS	282				hypothetical protein
M30_00141	CDS	126				hypothetical protein
M30_00142	CDS	297	rnc	3.1.26.3		Ribonuclease 3
M30_00143	CDS	987	plsX	2.3.1.274		Phosphate acyltransferase
M30_00144	CDS	1155				putative protein
M30_00145	CDS	513				putative protein
M30_00146	CDS	270				hypothetical protein
M30_00147	CDS	594	rluC	5.4.99.24	COG0564	Ribosomal large subunit pseudouridine synthase C
M30_00148	CDS	120				hypothetical protein
M30_00149	CDS	255				hypothetical protein
M30_00150	CDS	99				hypothetical protein
M30_00151	CDS	378	nrnA_1	3.1.-.-	COG0618	Bifunctional oligoribonuclease and PAP phosphatase NrnA
M30_00152	CDS	1158	thiI	2.8.1.4	COG0301	putative tRNA sulfurtransferase
M30_00153	CDS	162				hypothetical protein
M30_00154	CDS	360				hypothetical protein
M30_00155	CDS	168				hypothetical protein
M30_00156	CDS	357				hypothetical protein
M30_00157	CDS	129				hypothetical protein
M30_00158	CDS	585	thrS_1	6.1.1.3		Threonine--tRNA ligase
M30_00159	CDS	477	thrS_2	6.1.1.3		Threonine--tRNA ligase
M30_00160	CDS	183	thrS_3	6.1.1.3		Threonine--tRNA ligase
M30_00161	CDS	318				hypothetical protein
M30_00162	CDS	150				putative protein MG376 
M30_00163	CDS	159				putative protein MG377 
M30_00164	CDS	381				putative protein MG377 
M30_00165	CDS	441	argS_1	6.1.1.19	COG0018	Arginine--tRNA ligase
M30_00166	CDS	177				hypothetical protein
M30_00167	CDS	453	argS_2	6.1.1.19	COG0018	Arginine--tRNA ligase
M30_00168	CDS	180				hypothetical protein
M30_00169	CDS	1305	mnmG_1			tRNA uridine 5-carboxymethylaminomethyl modification enzyme MnmG
M30_00170	CDS	534	mnmG_2			tRNA uridine 5-carboxymethylaminomethyl modification enzyme MnmG
M30_00171	CDS	579	rsmG	2.1.1.170		Ribosomal RNA small subunit methyltransferase G
M30_00172	CDS	345				hypothetical protein
M30_00173	tRNA	76				tRNA-Arg(tct)
M30_00174	CDS	204	udk	2.7.1.48	COG0572	Uridine kinase
M30_00175	CDS	156				hypothetical protein
M30_00176	CDS	444	nadE	6.3.1.5	COG0171	NH(3)-dependent NAD(+) synthetase
M30_00177	CDS	981	obg	3.6.5.-	COG0536	GTPase Obg
M30_00178	CDS	177				hypothetical protein
M30_00179	CDS	447				hypothetical protein
M30_00180	CDS	108				hypothetical protein
M30_00181	CDS	270				hypothetical protein
M30_00182	CDS	2406				hypothetical protein
M30_00183	CDS	168				hypothetical protein
M30_00184	CDS	285				hypothetical protein
M30_00185	CDS	495				Protein P200
M30_00186	CDS	204	era_1			GTPase Era
M30_00187	CDS	480	era_2			GTPase Era
M30_00188	CDS	324	ybeY	3.1.-.-		Endoribonuclease YbeY
M30_00189	CDS	195				hypothetical protein
M30_00190	CDS	111				hypothetical protein
M30_00191	CDS	348				hypothetical protein
M30_00192	CDS	681				hypothetical protein
M30_00193	CDS	294				hypothetical protein
M30_00194	CDS	234	pepA_1	3.4.11.10		cytosol aminopeptidase
M30_00195	CDS	1056	pepA_2	3.4.11.10		cytosol aminopeptidase
M30_00196	CDS	1632	groL			60 kDa chaperonin
M30_00197	CDS	333	groS			10 kDa chaperonin
M30_00198	CDS	327	glyA_1	2.1.2.1	COG0112	Serine hydroxymethyltransferase
M30_00199	CDS	870	glyA_2	2.1.2.1	COG0112	Serine hydroxymethyltransferase
M30_00200	CDS	708				hypothetical protein
M30_00201	CDS	348				hypothetical protein
M30_00202	CDS	132				hypothetical protein
M30_00203	CDS	459	rpiB	5.3.1.6	COG0698	Ribose-5-phosphate isomerase B
M30_00204	CDS	768				hypothetical protein
M30_00205	CDS	351				hypothetical protein
M30_00206	CDS	312				hypothetical protein
M30_00207	CDS	402	atpC			ATP synthase epsilon chain
M30_00208	CDS	1431	atpD_1	7.2.2.1	COG0055	ATP synthase subunit beta, sodium ion specific
M30_00209	CDS	396	atpG_1		COG0224	ATP synthase gamma chain, sodium ion specific
M30_00210	CDS	348	atpG_2		COG0224	ATP synthase gamma chain
M30_00211	CDS	789	atpA_1	7.2.2.1		ATP synthase subunit alpha, sodium ion specific
M30_00212	CDS	747	atpA_2	7.1.2.2	COG0056	ATP synthase subunit alpha
M30_00213	CDS	531	atpD_2			ATP synthase subunit delta
M30_00214	CDS	246	atpF			ATP synthase subunit b
M30_00215	CDS	309	atpH			ATP synthase subunit c
M30_00216	CDS	129				hypothetical protein
M30_00217	CDS	102				hypothetical protein
M30_00218	CDS	291				hypothetical protein
M30_00219	CDS	180				hypothetical protein
M30_00220	CDS	273				hypothetical protein
M30_00221	CDS	375	eno_1	4.2.1.11	COG0148	Enolase
M30_00222	CDS	744	eno_2	4.2.1.11		Enolase
M30_00223	CDS	678				hypothetical protein
M30_00224	CDS	345	pstB3_1	7.3.2.1	COG1117	Phosphate import ATP-binding protein PstB 3
M30_00225	CDS	156	pstB3_2	7.3.2.1	COG1117	Phosphate import ATP-binding protein PstB 3
M30_00226	CDS	234				hypothetical protein
M30_00227	CDS	630				hypothetical protein
M30_00228	CDS	177				hypothetical protein
M30_00229	CDS	651				hypothetical protein
M30_00230	CDS	201				hypothetical protein
M30_00231	CDS	387				hypothetical protein
M30_00232	CDS	306				hypothetical protein
M30_00233	CDS	744				hypothetical protein
M30_00234	CDS	639				hypothetical protein
M30_00235	CDS	294				hypothetical protein
M30_00236	CDS	252				hypothetical protein
M30_00237	CDS	495				hypothetical protein
M30_00238	CDS	501				hypothetical protein
M30_00239	CDS	645				hypothetical protein
M30_00240	CDS	399	rpsI		COG0103	30S ribosomal protein S9
M30_00241	CDS	186	rplM_1		COG0102	50S ribosomal protein L13
M30_00242	CDS	231	rplM_2		COG0102	50S ribosomal protein L13
M30_00243	CDS	117				hypothetical protein
M30_00244	CDS	1107				hypothetical protein
M30_00245	CDS	198	dnaX	2.7.7.7	COG2812	DNA polymerase III subunit tau
M30_00246	CDS	1635	uvrA_1			UvrABC system protein A
M30_00247	CDS	519	uvrA_2			UvrABC system protein A
M30_00248	CDS	264				hypothetical protein
M30_00249	CDS	270				hypothetical protein
M30_00250	CDS	354				hypothetical protein
M30_00251	CDS	153				hypothetical protein
M30_00252	CDS	438				hypothetical protein
M30_00253	CDS	192				hypothetical protein
M30_00254	CDS	105				hypothetical protein
M30_00255	CDS	1446	rnjB_1	3.1.-.-	COG0595	Ribonuclease J2
M30_00256	CDS	162	rnjB_2	3.1.-.-	COG0595	Ribonuclease J2
M30_00257	CDS	261	rpsO			30S ribosomal protein S15
M30_00258	CDS	339	cshA	3.6.4.13	COG0513	DEAD-box ATP-dependent RNA helicase CshA
M30_00259	CDS	948	rhpA	3.6.4.13		DEAD-box ATP-dependent RNA helicase RhpA
M30_00260	CDS	195				hypothetical protein
M30_00261	CDS	291		1.11.1.-	COG1765	Hydroperoxide reductase
M30_00262	CDS	297				hypothetical protein
M30_00263	CDS	231	ptsI_1	2.7.3.9	COG1080	Phosphoenolpyruvate-protein phosphotransferase
M30_00264	CDS	498	ptsI_2	2.7.3.9		Phosphoenolpyruvate-protein phosphotransferase
M30_00265	CDS	189				hypothetical protein
M30_00266	CDS	720	ptsI_3	2.7.3.9		Phosphoenolpyruvate-protein phosphotransferase
M30_00267	CDS	1524	gpmI	5.4.2.12		2,3-bisphosphoglycerate-independent phosphoglycerate mutase
M30_00268	CDS	489	tpiA	5.3.1.1		Triosephosphate isomerase
M30_00269	CDS	213				hypothetical protein
M30_00270	CDS	276				hypothetical protein
M30_00271	CDS	333				hypothetical protein
M30_00272	CDS	117	TSFM			Elongation factor Ts, mitochondrial
M30_00273	CDS	393	tsf		COG0264	Elongation factor Ts
M30_00274	CDS	732	pyrH	2.7.4.22	COG0528	Uridylate kinase
M30_00275	CDS	429	frr			Ribosome-recycling factor
M30_00276	CDS	306				hypothetical protein
M30_00277	CDS	90				hypothetical protein
M30_00278	CDS	171				hypothetical protein
M30_00279	CDS	516			COG0732	Putative type-1 restriction enzyme specificity protein MG438
M30_00280	CDS	552			COG0732	Putative type-1 restriction enzyme specificity protein MG438
M30_00281	CDS	354				hypothetical protein
M30_00282	CDS	210				hypothetical protein
M30_00283	CDS	573				hypothetical protein
M30_00284	CDS	195				hypothetical protein
M30_00285	CDS	195				hypothetical protein
M30_00286	CDS	813	rbgA		COG1161	Ribosome biogenesis GTPase A
M30_00287	CDS	393				hypothetical protein
M30_00288	CDS	498				hypothetical protein
M30_00289	CDS	360	rplS		COG0335	50S ribosomal protein L19
M30_00290	CDS	543	trmD	2.1.1.228		tRNA (guanine-N(1)-)-methyltransferase
M30_00291	CDS	156	rpsP		COG0228	30S ribosomal protein S16
M30_00292	CDS	138				hypothetical protein
M30_00293	CDS	930				hypothetical protein
M30_00294	CDS	429				hypothetical protein
M30_00295	CDS	186	msrB	1.8.4.12		Peptide methionine sulfoxide reductase MsrB
M30_00296	CDS	204	msrAB		COG0225	Peptide methionine sulfoxide reductase MsrA/MsrB
M30_00297	CDS	402				hypothetical protein
M30_00298	CDS	126				hypothetical protein
M30_00299	CDS	270				hypothetical protein
M30_00300	CDS	309				hypothetical protein
M30_00301	CDS	1185	tuf			Elongation factor Tu
M30_00302	CDS	150				hypothetical protein
M30_00303	CDS	378				hypothetical protein
M30_00304	CDS	879	gtaB	2.7.7.9		UTP--glucose-1-phosphate uridylyltransferase
M30_00305	CDS	468	ohrB		COG1764	Organic hydroperoxide resistance protein OhrB
M30_00306	CDS	351	tyrS	6.1.1.1	COG0162	Tyrosine--tRNA ligase
M30_00307	CDS	225	tyrS1	6.1.1.1	COG0162	Tyrosine--tRNA ligase 1
M30_00308	CDS	333				hypothetical protein
M30_00309	CDS	717				hypothetical protein
M30_00310	CDS	279				hypothetical protein
M30_00311	CDS	222				hypothetical protein
M30_00312	CDS	1428	ftsH	3.4.24.-	COG0465	ATP-dependent zinc metalloprotease FtsH
M30_00313	CDS	159				hypothetical protein
M30_00314	CDS	159				hypothetical protein
M30_00315	CDS	528	hpt	2.4.2.8		Hypoxanthine-guanine phosphoribosyltransferase
M30_00316	CDS	309				hypothetical protein
M30_00317	CDS	939	ldh	1.1.1.27		L-lactate dehydrogenase
M30_00318	CDS	270				hypothetical protein
M30_00319	CDS	759				hypothetical protein
M30_00320	CDS	159	gltX_1	6.1.1.17		Glutamate--tRNA ligase
M30_00321	CDS	222				hypothetical protein
M30_00322	CDS	243	gltX_2	6.1.1.17		Glutamate--tRNA ligase
M30_00323	CDS	498	gltX_3	6.1.1.17		Glutamate--tRNA ligase
M30_00324	CDS	780	rsmA	2.1.1.182	COG0030	Ribosomal RNA small subunit methyltransferase A
M30_00325	CDS	315				hypothetical protein
M30_00326	CDS	429	yidC			Membrane protein insertase YidC
M30_00327	CDS	147	rpmH		COG0230	50S ribosomal protein L34
M30_00328	CDS	396	macB	3.6.3.-		Macrolide export ATP-binding/permease protein MacB
M30_00329	CDS	354				putative ABC transporter permease MG468 
M30_00330	CDS	1722				putative ABC transporter permease MG468 
M30_00331	CDS	774				putative ABC transporter permease MG468 
M30_00332	CDS	171				putative ABC transporter permease MG468 
M30_00333	CDS	150				hypothetical protein
M30_00334	CDS	204				putative ABC transporter permease MG468 
M30_00335	CDS	261				hypothetical protein
M30_00336	CDS	876				putative ABC transporter permease MG468 
M30_00337	CDS	849	btuD_1	7.6.2.8		Vitamin B12 import ATP-binding protein BtuD
M30_00338	CDS	1314	dnaA			Chromosomal replication initiator protein DnaA
M30_00339	CDS	246				putative protein MPN_687
M30_00340	CDS	810			COG1192	putative protein
M30_00341	CDS	1143	dnaN		COG0592	Beta sliding clamp
M30_00342	CDS	246	dnaJ_1			Chaperone protein DnaJ
M30_00343	CDS	156				hypothetical protein
M30_00344	CDS	135	gyrB_1	5.6.2.2		DNA gyrase subunit B
M30_00345	CDS	246	gyrB_2	5.6.2.2		DNA gyrase subunit B
M30_00346	CDS	195	gyrB_3	5.6.2.2		DNA gyrase subunit B
M30_00347	CDS	1029	gyrB_4	5.6.2.2		DNA gyrase subunit B
M30_00348	CDS	153	gyrB_5	5.6.2.2		DNA gyrase subunit B
M30_00349	CDS	2511	gyrA_1	5.6.2.2		DNA gyrase subunit A
M30_00350	CDS	564	serS_1	6.1.1.11	COG0172	Serine--tRNA ligase
M30_00351	CDS	189	serS_2	6.1.1.11		Serine--tRNA ligase
M30_00352	CDS	252	serS_3	6.1.1.11	COG0172	Serine--tRNA ligase
M30_00353	CDS	633	tmk	2.7.4.9	COG0125	Thymidylate kinase
M30_00354	CDS	168				hypothetical protein
M30_00355	CDS	288				hypothetical protein
M30_00356	CDS	1137	mnmE	3.6.-.-		tRNA modification GTPase MnmE
M30_00357	CDS	642	ycfH	3.1.-.-	COG0084	putative metal-dependent hydrolase YcfH
M30_00358	CDS	177				hypothetical protein
M30_00359	CDS	228				hypothetical protein
M30_00360	CDS	309				hypothetical protein
M30_00361	CDS	489	rimK	6.3.2.-	COG0189	Ribosomal protein S6--L-glutamate ligase
M30_00362	CDS	216				hypothetical protein
M30_00363	CDS	636	folD		COG0190	Bifunctional protein FolD protein
M30_00364	tRNA	76				tRNA-Ala(tgc)
M30_00365	tRNA	77				tRNA-Ile(gat)
M30_00366	CDS	756				hypothetical protein
M30_00367	CDS	432				hypothetical protein
M30_00368	CDS	426			COG1132	putative ABC transporter ATP-binding protein
M30_00369	CDS	273				hypothetical protein
M30_00370	CDS	615			COG1132	putative ABC transporter ATP-binding protein
M30_00371	CDS	357			COG1132	putative ABC transporter ATP-binding protein
M30_00372	CDS	372				hypothetical protein
M30_00373	CDS	912				hypothetical protein
M30_00374	CDS	435				hypothetical protein
M30_00375	CDS	114				hypothetical protein
M30_00376	CDS	552				hypothetical protein
M30_00377	CDS	1170	dnaJ_2			Chaperone protein DnaJ
M30_00378	CDS	201	pip	3.4.11.5	COG0596	Proline iminopeptidase
M30_00379	CDS	168				hypothetical protein
M30_00380	CDS	255				hypothetical protein
M30_00381	CDS	243	metG_1	6.1.1.10		Methionine--tRNA ligase
M30_00382	CDS	396	metG_2	6.1.1.10		Methionine--tRNA ligase
M30_00383	CDS	237	metG_3	6.1.1.10		Methionine--tRNA ligase
M30_00384	CDS	93				hypothetical protein
M30_00385	CDS	213	rpoE			DNA-directed RNA polymerase subunit delta
M30_00386	CDS	531	fba_1	4.1.2.13		Fructose-bisphosphate aldolase
M30_00387	CDS	297	fba_2	4.1.2.13	COG0191	Fructose-bisphosphate aldolase
M30_00388	CDS	888	ychF		COG0012	Ribosome-binding ATPase YchF
M30_00389	CDS	108	OLA1			Obg-like ATPase 1
M30_00390	CDS	654				hypothetical protein
M30_00391	CDS	120				hypothetical protein
M30_00392	CDS	573	efp			Elongation factor P
M30_00393	CDS	168			COG0781	putative protein MG027
M30_00394	CDS	219			COG0781	putative protein MG027
M30_00395	CDS	171				hypothetical protein
M30_00396	CDS	594				hypothetical protein
M30_00397	CDS	621	upp	2.4.2.9	COG0035	Uracil phosphoribosyltransferase
M30_00398	CDS	462	polC_1	2.7.7.7		DNA polymerase III PolC-type
M30_00399	CDS	204	polC_2	2.7.7.7		DNA polymerase III PolC-type
M30_00400	CDS	255	polC_3	2.7.7.7		DNA polymerase III PolC-type
M30_00401	CDS	435	polC_4	2.7.7.7		DNA polymerase III PolC-type
M30_00402	CDS	171	polC_5	2.7.7.7		DNA polymerase III PolC-type
M30_00403	CDS	675	polC_6	2.7.7.7		DNA polymerase III PolC-type
M30_00404	CDS	468	polC_7	2.7.7.7		DNA polymerase III PolC-type
M30_00405	CDS	90	polC_8	2.7.7.7		DNA polymerase III PolC-type
M30_00406	CDS	294	polC_9	2.7.7.7		DNA polymerase III PolC-type
M30_00407	CDS	201	polC_10	2.7.7.7		DNA polymerase III PolC-type
M30_00408	CDS	981				hypothetical protein
M30_00409	CDS	129				hypothetical protein
M30_00410	CDS	243				hypothetical protein
M30_00411	CDS	153				hypothetical protein
M30_00412	CDS	123				hypothetical protein
M30_00413	CDS	528	hisS_1	6.1.1.21		Histidine--tRNA ligase
M30_00414	CDS	147				hypothetical protein
M30_00415	CDS	249	hisS_2	6.1.1.21		Histidine--tRNA ligase
M30_00416	CDS	537	aspS_1	6.1.1.12		Aspartate--tRNA(Asp/Asn) ligase
M30_00417	CDS	225	aspS_2	6.1.1.12	COG0173	Aspartate--tRNA(Asp) ligase
M30_00418	CDS	165				hypothetical protein
M30_00419	CDS	666				hypothetical protein
M30_00420	CDS	96				hypothetical protein
M30_00421	CDS	351				hypothetical protein
M30_00422	CDS	180	glpK_1	2.7.1.30	COG0554	Glycerol kinase
M30_00423	CDS	324	glpK_2	2.7.1.30		Glycerol kinase
M30_00424	CDS	261				hypothetical protein
M30_00425	CDS	90				hypothetical protein
M30_00426	CDS	138	glpK_3	2.7.1.30	COG0554	Glycerol kinase
M30_00427	CDS	375				putative protein MG039 
M30_00428	CDS	135				putative protein MG039 
M30_00429	CDS	219				putative protein MG039 
M30_00430	CDS	276				hypothetical protein
M30_00431	CDS	597				hypothetical protein
M30_00432	CDS	246				hypothetical protein
M30_00433	CDS	267	ptsH			Phosphocarrier protein HPr
M30_00434	CDS	324	potA	7.6.2.11	COG3842	Spermidine/putrescine import ATP-binding protein PotA
M30_00435	CDS	153				hypothetical protein
M30_00436	CDS	330	cysA	7.3.2.3	COG1118	Sulfate/thiosulfate import ATP-binding protein CysA
M30_00437	CDS	129				hypothetical protein
M30_00438	CDS	495				hypothetical protein
M30_00439	CDS	405				hypothetical protein
M30_00440	CDS	378				hypothetical protein
M30_00441	CDS	285				hypothetical protein
M30_00442	CDS	834				hypothetical protein
M30_00443	CDS	615	tsaD	2.3.1.234	COG0533	tRNA N6-adenosine threonylcarbamoyltransferase
M30_00444	CDS	162	OSGEPL1	2.3.1.234		tRNA N6-adenosine threonylcarbamoyltransferase, mitochondrial
M30_00445	CDS	231	metK_1	2.5.1.6		S-adenosylmethionine synthase
M30_00446	CDS	495	metK_2	2.5.1.6		S-adenosylmethionine synthase
M30_00447	CDS	258				hypothetical protein
M30_00448	CDS	120	srp54			Signal recognition particle 54 kDa protein
M30_00449	CDS	723	ffh_1		COG0541	Signal recognition particle protein
M30_00450	CDS	336	ffh_2		COG0541	Signal recognition particle protein
M30_00451	CDS	408	deoD_1	2.4.2.1	COG0813	Purine nucleoside phosphorylase DeoD-type
M30_00452	CDS	363	deoD_2	2.4.2.1		Purine nucleoside phosphorylase DeoD-type
M30_00453	CDS	672	deoC1	4.1.2.4		Deoxyribose-phosphate aldolase 1
M30_00454	CDS	924	pdp	2.4.2.2	COG0213	Pyrimidine-nucleoside phosphorylase
M30_00455	CDS	165				hypothetical protein
M30_00456	CDS	393	cdd	3.5.4.5	COG0295	Cytidine deaminase
M30_00457	CDS	948	pgcA	5.4.2.2		Phosphoglucomutase
M30_00458	CDS	327		5.4.2.8	COG1109	putative phosphomannomutase
M30_00459	CDS	219				hypothetical protein
M30_00460	CDS	522	nusG_1			Transcription termination/antitermination protein NusG
M30_00461	CDS	324	nusG_2			Transcription termination/antitermination protein NusG
M30_00462	CDS	216				hypothetical protein
M30_00463	CDS	243				hypothetical protein
M30_00464	CDS	102				hypothetical protein
M30_00465	CDS	600	rsmI	2.1.1.198	COG0313	Ribosomal RNA small subunit methyltransferase I
M30_00466	CDS	384	rnmV	3.1.26.8	COG1658	Ribonuclease M5
M30_00467	CDS	1092	prs	2.7.6.1	COG0462	Ribose-phosphate pyrophosphokinase
M30_00468	CDS	351	smpB		COG0691	SsrA-binding protein
M30_00469	CDS	267				hypothetical protein
M30_00470	CDS	159				hypothetical protein
M30_00471	CDS	213				hypothetical protein
M30_00472	CDS	447				hypothetical protein
M30_00473	CDS	711				hypothetical protein
M30_00474	CDS	234				hypothetical protein
M30_00475	tRNA	89				tRNA-Ser(gct)
M30_00476	CDS	267				hypothetical protein
M30_00477	CDS	1749	fruA		COG1299	PTS system fructose-specific EIIABC component
M30_00478	CDS	768	fruK	2.7.1.56		Putative 1-phosphofructokinase
M30_00479	CDS	204				hypothetical protein
M30_00480	CDS	891				hypothetical protein
M30_00481	CDS	309				hypothetical protein
M30_00482	CDS	207				hypothetical protein
M30_00483	CDS	153				hypothetical protein
M30_00484	CDS	495				hypothetical protein
M30_00485	CDS	1056				hypothetical protein
M30_00486	CDS	201				hypothetical protein
M30_00487	CDS	684	bceA		COG1136	Bacitracin export ATP-binding protein BceA
M30_00488	CDS	852	tkt_1	2.2.1.1		Transketolase
M30_00489	CDS	1041	tkt_2	2.2.1.1		Transketolase
M30_00490	CDS	210				hypothetical protein
M30_00491	CDS	186				hypothetical protein
M30_00492	CDS	1425				hypothetical protein
M30_00493	CDS	231				hypothetical protein
M30_00494	CDS	213				hypothetical protein
M30_00495	CDS	276				hypothetical protein
M30_00496	CDS	237				hypothetical protein
M30_00497	CDS	327				hypothetical protein
M30_00498	tRNA	75				tRNA-SeC(tca)
M30_00499	CDS	513				hypothetical protein
M30_00500	CDS	159				hypothetical protein
M30_00501	CDS	210				hypothetical protein
M30_00502	CDS	138				hypothetical protein
M30_00503	CDS	234				hypothetical protein
M30_00504	CDS	141				hypothetical protein
M30_00505	CDS	822	proS	6.1.1.15	COG0442	Proline--tRNA ligase
M30_00506	CDS	327				hypothetical protein
M30_00507	CDS	135				hypothetical protein
M30_00508	CDS	486	greA		COG0782	Transcription elongation factor GreA
M30_00509	tRNA	87				tRNA-Tyr(gta)
M30_00510	tRNA	75				tRNA-Gln(ttg)
M30_00511	tRNA	75				tRNA-Lys(ttt)
M30_00512	tRNA	86				tRNA-Leu(taa)
M30_00513	tRNA	74				tRNA-Gly(tcc)
M30_00514	CDS	657				putative protein MG281
M30_00515	CDS	831				putative protein MG281
M30_00516	CDS	798				hypothetical protein
M30_00517	CDS	657				hypothetical protein
M30_00518	CDS	195				hypothetical protein
M30_00519	CDS	144				hypothetical protein
M30_00520	CDS	258				hypothetical protein
M30_00521	CDS	1389				hypothetical protein
M30_00522	CDS	309				hypothetical protein
M30_00523	CDS	456				hypothetical protein
M30_00524	CDS	435				hypothetical protein
M30_00525	CDS	687				hypothetical protein
M30_00526	CDS	543	apt	2.4.2.7	COG0503	Adenine phosphoribosyltransferase
M30_00527	CDS	345	nox	1.6.99.3	COG0446	NADH oxidase
M30_00528	CDS	1083		1.6.99.3		putative NADH oxidase
M30_00529	CDS	171	pdhA_1	1.2.4.1		Pyruvate dehydrogenase E1 component subunit alpha
M30_00530	CDS	153	pdhA_2	1.2.4.1		Pyruvate dehydrogenase E1 component subunit alpha
M30_00531	CDS	111	pdhA_3	1.2.4.1		Pyruvate dehydrogenase E1 component subunit alpha
M30_00532	CDS	372	pdhA_4	1.2.4.1		Pyruvate dehydrogenase E1 component subunit alpha
M30_00533	CDS	732	pdhB_1	1.2.4.1		Pyruvate dehydrogenase E1 component subunit beta
M30_00534	CDS	225	pdhB_2	1.2.4.1		Pyruvate dehydrogenase E1 component subunit beta
M30_00535	CDS	1155	pdhC	2.3.1.12		Dihydrolipoyllysine-residue acetyltransferase component of pyruvate dehydrogenase complex
M30_00536	CDS	237	pdhD_1	1.8.1.4		Dihydrolipoyl dehydrogenase
M30_00537	CDS	1014	pdhD_2	1.8.1.4		Dihydrolipoyl dehydrogenase
M30_00538	CDS	522	lplA	6.3.1.20	COG0095	Lipoate-protein ligase A
M30_00539	CDS	111				hypothetical protein
M30_00540	CDS	387				hypothetical protein
M30_00541	CDS	1023				hypothetical protein
M30_00542	CDS	378				hypothetical protein
M30_00543	CDS	201				hypothetical protein
M30_00544	CDS	123				hypothetical protein
M30_00545	CDS	186	leuS_1	6.1.1.4		Leucine--tRNA ligase
M30_00546	CDS	489	leuS_2	6.1.1.4	COG0495	Leucine--tRNA ligase
M30_00547	CDS	204	leuS_3	6.1.1.4		Leucine--tRNA ligase
M30_00548	CDS	522	leuS_4	6.1.1.4		Leucine--tRNA ligase
M30_00549	CDS	837	yitU	3.1.3.104	COG0561	5-amino-6-(5-phospho-D-ribitylamino)uracil phosphatase YitU
M30_00550	CDS	219				hypothetical protein
M30_00551	CDS	279	coaE	2.7.1.24	COG0237	Dephospho-CoA kinase
M30_00552	CDS	198				hypothetical protein
M30_00553	CDS	147				hypothetical protein
M30_00554	CDS	855	mutM	3.2.2.23	COG0266	Formamidopyrimidine-DNA glycosylase
M30_00555	CDS	756	polA	2.7.7.7		DNA polymerase I
M30_00556	CDS	174				hypothetical protein
M30_00557	CDS	444	dnaE	2.7.7.7	COG0587	DNA polymerase III subunit alpha
M30_00558	CDS	1113	dnaE2_1	2.7.7.7		Error-prone DNA polymerase
M30_00559	CDS	363	dnaE2_2	2.7.7.7		Error-prone DNA polymerase
M30_00560	CDS	231				putative protein MPN_377
M30_00561	tRNA	77				tRNA-Arg(tcg)
M30_00562	CDS	405				hypothetical protein
M30_00563	CDS	102				hypothetical protein
M30_00564	CDS	171				hypothetical protein
M30_00565	CDS	354				hypothetical protein
M30_00566	CDS	1146				hypothetical protein
M30_00567	CDS	636				hypothetical protein
M30_00568	CDS	432				hypothetical protein
M30_00569	CDS	276	prmC	2.1.1.297		Release factor glutamine methyltransferase
M30_00570	CDS	126				hypothetical protein
M30_00571	CDS	606	prfA_1		COG0216	Peptide chain release factor 1
M30_00572	CDS	441	prfA_2			Peptide chain release factor 1
M30_00573	CDS	294				hypothetical protein
M30_00574	CDS	141				hypothetical protein
M30_00575	CDS	180				hypothetical protein
M30_00576	tRNA	74				tRNA-Trp(cca)
M30_00577	tRNA	75				tRNA-Arg(cct)
M30_00578	CDS	741				hypothetical protein
M30_00579	CDS	195				hypothetical protein
M30_00580	tRNA	74				tRNA-Gly(gcc)
M30_00581	CDS	714	ligA_1	6.5.1.2	COG0272	DNA ligase
M30_00582	CDS	1197	ligA_2	6.5.1.2	COG0272	DNA ligase
M30_00583	CDS	540	cysS_1	6.1.1.16	COG0215	Cysteine--tRNA ligase
M30_00584	CDS	261	cysS_2	6.1.1.16	COG0215	Cysteine--tRNA ligase
M30_00585	CDS	168				hypothetical protein
M30_00586	CDS	306		2.1.1.-		Putative TrmH family tRNA/rRNA methyltransferase
M30_00587	CDS	228	glyQS_1	6.1.1.14	COG0423	Glycine--tRNA ligase
M30_00588	CDS	438	glyQS_2	6.1.1.14	COG0423	Glycine--tRNA ligase
M30_00589	CDS	309	glyQS_3	6.1.1.14		Glycine--tRNA ligase
M30_00590	CDS	174	glyQS_4	6.1.1.14		Glycine--tRNA ligase
M30_00591	CDS	243	dnaG_1	2.7.7.-	COG0358	DNA primase
M30_00592	CDS	630	dnaG_2	2.7.7.-	COG0358	DNA primase
M30_00593	CDS	201				hypothetical protein
M30_00594	CDS	126				hypothetical protein
M30_00595	CDS	135				hypothetical protein
M30_00596	CDS	366				hypothetical protein
M30_00597	CDS	405	rpoD			RNA polymerase sigma factor RpoD
M30_00598	CDS	516	sigA		COG0568	RNA polymerase sigma factor SigA
M30_00599	CDS	657				hypothetical protein
M30_00600	CDS	237	plsY	2.3.1.275		Glycerol-3-phosphate acyltransferase
M30_00601	CDS	186				hypothetical protein
M30_00602	CDS	645		3.1.-.-		Putative phosphatase/phosphodiesterase MPN_349
M30_00603	CDS	156		3.1.-.-		Putative phosphatase/phosphodiesterase MPN_349
M30_00604	CDS	498		6.3.3.2		5-formyltetrahydrofolate cyclo-ligase
M30_00605	CDS	558	pcrA_1	3.6.4.12		ATP-dependent DNA helicase PcrA
M30_00606	CDS	360				hypothetical protein
M30_00607	CDS	765	pcrA_2	3.6.4.12		ATP-dependent DNA helicase PcrA
M30_00608	CDS	372				hypothetical protein
M30_00609	CDS	294				hypothetical protein
M30_00610	CDS	165				hypothetical protein
M30_00611	CDS	117				hypothetical protein
M30_00612	CDS	219				hypothetical protein
M30_00613	CDS	681				hypothetical protein
M30_00614	CDS	489				hypothetical protein
M30_00615	CDS	486				hypothetical protein
M30_00616	CDS	105				hypothetical protein
M30_00617	CDS	459				hypothetical protein
M30_00618	CDS	345	nadD	2.7.7.18	COG1057	putative nicotinate-nucleotide adenylyltransferase
M30_00619	CDS	402				hypothetical protein
M30_00620	CDS	219				hypothetical protein
M30_00621	CDS	1266	lon1_1	3.4.21.53	COG0466	Lon protease 1
M30_00622	CDS	978	lon1_2	3.4.21.53	COG0466	Lon protease 1
M30_00623	CDS	1224	tig	5.2.1.8	COG0544	Trigger factor
M30_00624	CDS	885				putative protein MG237 
M30_00625	CDS	423				hypothetical protein
M30_00626	CDS	846	nfo	3.1.21.2	COG0648	putative endonuclease 4
M30_00627	CDS	315	rpmA		COG0211	50S ribosomal protein L27
M30_00628	CDS	300				hypothetical protein
M30_00629	CDS	303	rplU		COG0261	50S ribosomal protein L21
M30_00630	CDS	459	nrdE	1.17.4.1	COG0209	Ribonucleoside-diphosphate reductase subunit alpha
M30_00631	CDS	1629	nrdE2	1.17.4.1	COG0209	Ribonucleoside-diphosphate reductase subunit alpha 2
M30_00632	CDS	462	nrdI		COG1780	Protein NrdI
M30_00633	CDS	672	nrdF	1.17.4.1	COG0208	Ribonucleoside-diphosphate reductase 2 subunit beta
M30_00634	CDS	132				hypothetical protein
M30_00635	CDS	192				hypothetical protein
M30_00636	CDS	231	dhfR	1.5.1.3	COG0262	Dihydrofolate reductase
M30_00637	CDS	372	thyA	2.1.1.45	COG0207	Thymidylate synthase
M30_00638	CDS	183	thyA2	2.1.1.45	COG0207	Thymidylate synthase 2
M30_00639	CDS	1173				hypothetical protein
M30_00640	CDS	1035				hypothetical protein
M30_00641	CDS	174				hypothetical protein
M30_00642	CDS	288				hypothetical protein
M30_00643	CDS	171				hypothetical protein
M30_00644	CDS	891	ftsZ			Cell division protein FtsZ
M30_00645	CDS	1236				hypothetical protein
M30_00646	CDS	930	rsmH	2.1.1.199	COG0275	Ribosomal RNA small subunit methyltransferase H
M30_00647	CDS	465	mraZ			Transcriptional regulator MraZ
M30_00648	tRNA	77				tRNA-Arg(gcg)
M30_00649	CDS	204				hypothetical protein
M30_00650	CDS	447				hypothetical protein
M30_00651	CDS	312				putative protein MG218.1
M30_00652	CDS	696				putative protein MG218.1
M30_00653	CDS	477	hmw2_1			Cytadherence high molecular weight protein 2
M30_00654	CDS	942	hmw2_2			Cytadherence high molecular weight protein 2
M30_00655	CDS	3153	hmw2_3			Cytadherence high molecular weight protein 2
M30_00656	CDS	93				hypothetical protein
M30_00657	CDS	1002				hypothetical protein
M30_00658	tRNA	76				tRNA-Phe(gaa)
M30_00659	tRNA	74				tRNA-Asp(gtc)
M30_00660	tRNA	77				tRNA-Met(cat)
M30_00661	tRNA	92				tRNA-Ser(tga)
M30_00662	tRNA	77				tRNA-Met(cat)
M30_00663	tRNA	77				tRNA-Met(cat)
M30_00664	tRNA	77				tRNA-Pro(tgg)
M30_00665	tRNA	77				tRNA-Cys(gca)
M30_00666	CDS	294	pyk_1	2.7.1.40		Pyruvate kinase
M30_00667	CDS	864	pyk_2	2.7.1.40		Pyruvate kinase
M30_00668	CDS	468	pfkA_1	2.7.1.11		ATP-dependent 6-phosphofructokinase
M30_00669	CDS	420	pfkA_2	2.7.1.11	COG0205	ATP-dependent 6-phosphofructokinase isozyme 1
M30_00670	CDS	624	scpB		COG1386	Segregation and condensation protein B
M30_00671	CDS	885	scpA			Segregation and condensation protein A
M30_00672	CDS	189				hypothetical protein
M30_00673	CDS	588				hypothetical protein
M30_00674	CDS	195				hypothetical protein
M30_00675	CDS	117				hypothetical protein
M30_00676	CDS	399				hypothetical protein
M30_00677	CDS	189				hypothetical protein
M30_00678	CDS	246				hypothetical protein
M30_00679	CDS	339	lspA	3.4.23.36		Lipoprotein signal peptidase
M30_00680	CDS	927	rluD	5.4.99.23	COG0564	Ribosomal large subunit pseudouridine synthase D
M30_00681	CDS	591				hypothetical protein
M30_00682	CDS	345		3.1.4.-		Putative metallophosphoesterase MG207 
M30_00683	CDS	159		3.1.4.-		Putative metallophosphoesterase MG207 
M30_00684	CDS	1461	uvrC		COG0322	UvrABC system protein C
M30_00685	CDS	795	hrcA_1		COG1420	Heat-inducible transcription repressor HrcA
M30_00686	CDS	231	hrcA_2			Heat-inducible transcription repressor HrcA
M30_00687	CDS	2013	parC	5.6.2.2	COG0188	DNA topoisomerase 4 subunit A
M30_00688	CDS	288	gyrA_2	5.6.2.2	COG0188	Type 2 topoisomerase subunit A
M30_00689	CDS	147	parE_1	5.6.2.2	COG0187	DNA topoisomerase 4 subunit B
M30_00690	CDS	1746	parE_2	5.6.2.2	COG0187	DNA topoisomerase 4 subunit B
M30_00691	tRNA	74				tRNA-Thr(ggt)
M30_00692	CDS	369				hypothetical protein
M30_00693	CDS	201	grpE_1			Protein GrpE
M30_00694	CDS	453	grpE_2			Protein GrpE
M30_00695	CDS	966				DnaJ-like protein MG200
M30_00696	CDS	567				DnaJ-like protein MG200
M30_00697	CDS	708	rnhC	3.1.26.4	COG1039	Ribonuclease HIII
M30_00698	CDS	375	rplT			50S ribosomal protein L20
M30_00699	CDS	180	rpmI			50S ribosomal protein L35
M30_00700	CDS	546	infC			Translation initiation factor IF-3
M30_00701	CDS	150				hypothetical protein
M30_00702	CDS	402				hypothetical protein
M30_00703	CDS	384				hypothetical protein
M30_00704	CDS	645	pheT_1	6.1.1.20		Phenylalanine--tRNA ligase beta subunit
M30_00705	CDS	228				hypothetical protein
M30_00706	CDS	474	pheT_2	6.1.1.20		Phenylalanine--tRNA ligase beta subunit
M30_00707	CDS	153	pheS_1	6.1.1.20		Phenylalanine--tRNA ligase alpha subunit
M30_00708	CDS	561	pheS_2	6.1.1.20		Phenylalanine--tRNA ligase alpha subunit
M30_00709	CDS	288				hypothetical protein
M30_00710	CDS	171				hypothetical protein
M30_00711	CDS	309	ptsG_1	2.7.1.199	COG1263	PTS system glucose-specific EIICBA component
M30_00712	CDS	258				hypothetical protein
M30_00713	CDS	207	ptsG_2	2.7.1.199		PTS system glucose-specific EIICBA component
M30_00714	CDS	93				hypothetical protein
M30_00715	CDS	402	ptsG_3	2.7.1.199	COG1263	PTS system glucose-specific EIICBA component
M30_00716	CDS	582	ptsG_4	2.7.1.199		PTS system glucose-specific EIICBA component
M30_00717	CDS	93				hypothetical protein
M30_00718	CDS	216				hypothetical protein
M30_00719	CDS	279				hypothetical protein
M30_00720	CDS	396	yoaB_1	7.2.2.10	COG0474	Calcium-transporting ATPase 1
M30_00721	CDS	273	yoaB_2	7.2.2.10	COG0474	Calcium-transporting ATPase 1
M30_00722	CDS	495		7.2.2.10		Calcium-transporting ATPase 1
M30_00723	CDS	441	pacL	7.2.2.10	COG0474	Calcium-transporting ATPase
M30_00724	CDS	228				hypothetical protein
M30_00725	CDS	1248	secA		COG0653	Protein translocase subunit SecA
M30_00726	CDS	915	secA1			Protein translocase subunit SecA 1
M30_00727	CDS	249				hypothetical protein
M30_00728	CDS	1971	uvrB			UvrABC system protein B
M30_00729	CDS	207				hypothetical protein
M30_00730	CDS	2397				hypothetical protein
M30_00731	CDS	294				hypothetical protein
M30_00732	CDS	417				hypothetical protein
M30_00733	CDS	201				hypothetical protein
M30_00734	CDS	744			COG0601	Putative peptide transport permease protein
M30_00735	CDS	171				hypothetical protein
M30_00736	CDS	486				hypothetical protein
M30_00737	CDS	114				hypothetical protein
M30_00738	CDS	345				hypothetical protein
M30_00739	CDS	1113	oppD		COG0444	Oligopeptide transport ATP-binding protein OppD
M30_00740	CDS	888				hypothetical protein
M30_00741	CDS	420				hypothetical protein
M30_00742	CDS	1107	btuD_2	7.6.2.8		Vitamin B12 import ATP-binding protein BtuD
M30_00743	CDS	414	rplK		COG0080	50S ribosomal protein L11
M30_00744	CDS	318	rplA_1		COG0081	50S ribosomal protein L1
M30_00745	CDS	327	rplA_2			50S ribosomal protein L1
M30_00746	CDS	570	pth	3.1.1.29		Peptidyl-tRNA hydrolase
M30_00747	CDS	213	tilS	6.3.4.19		tRNA(Ile)-lysidine synthase
M30_00748	CDS	99				hypothetical protein
M30_00749	CDS	345				hypothetical protein
M30_00750	CDS	936	hprK	2.7.11.-		HPr kinase/phosphorylase
M30_00751	CDS	807	lgt	2.5.1.145	COG0682	Phosphatidylglycerol--prolipoprotein diacylglyceryl transferase
M30_00752	CDS	165				hypothetical protein
M30_00753	CDS	420	rpsL		COG0048	30S ribosomal protein S12
M30_00754	CDS	468	rpsG			30S ribosomal protein S7
M30_00755	CDS	216	fusA_1		COG0480	Elongation factor G
M30_00756	CDS	126	fusA_2		COG0480	Elongation factor G
M30_00757	CDS	1659	fusA_3		COG0480	Elongation factor G
M30_00758	CDS	471				hypothetical protein
M30_00759	CDS	291				hypothetical protein
M30_00760	CDS	315				hypothetical protein
M30_00761	CDS	453	rplI		COG0359	50S ribosomal protein L9
M30_00762	CDS	630				hypothetical protein
M30_00763	CDS	708	dnaB	3.6.4.12	COG0305	Replicative DNA helicase
M30_00764	CDS	348				hypothetical protein
M30_00765	CDS	129				hypothetical protein
M30_00766	CDS	174				hypothetical protein
M30_00767	CDS	1632				hypothetical protein
M30_00768	CDS	270				hypothetical protein
M30_00769	CDS	228		3.2.2.27		Uracil-DNA glycosylase
M30_00770	CDS	738				hypothetical protein
M30_00771	CDS	135				hypothetical protein
M30_00772	CDS	459	GATC	6.3.5.-		Glutamyl-tRNA(Gln) amidotransferase subunit C, chloroplastic/mitochondrial
M30_00773	CDS	810	gatA_1	6.3.5.7	COG0154	Glutamyl-tRNA(Gln) amidotransferase subunit A
M30_00774	CDS	552	gatA_2	6.3.5.7	COG0154	Glutamyl-tRNA(Gln) amidotransferase subunit A
M30_00775	CDS	1434	gatB	6.3.5.-	COG0064	Aspartyl/glutamyl-tRNA(Asn/Gln) amidotransferase subunit B
M30_00776	CDS	450				hypothetical protein
M30_00777	CDS	948	trxB	1.8.1.9	COG0492	Thioredoxin reductase
M30_00778	CDS	606	whiA			cell division protein WhiA
M30_00779	CDS	234				hypothetical protein
M30_00780	CDS	162				hypothetical protein
M30_00781	CDS	1287	rnr_1	3.1.13.1	COG0557	Ribonuclease R
M30_00782	CDS	414	rnr_2	3.1.13.1	COG0557	Ribonuclease R
M30_00783	CDS	117				hypothetical protein
M30_00784	CDS	252	cdaS	2.7.7.85		Diadenylate cyclase CdaS
M30_00785	CDS	213				hypothetical protein
M30_00786	CDS	570	gmk	2.7.4.8	COG0194	Guanylate kinase
M30_00787	CDS	216				hypothetical protein
M30_00788	CDS	315				hypothetical protein
M30_00789	CDS	924	prkC	2.7.11.1		Serine/threonine-protein kinase PrkC
M30_00790	CDS	96				hypothetical protein
M30_00791	CDS	141	rsgA_1	3.6.1.-		Small ribosomal subunit biogenesis GTPase RsgA
M30_00792	CDS	528	rsgA_2	3.6.1.-	COG1162	Small ribosomal subunit biogenesis GTPase RsgA
M30_00793	CDS	756	pgi_1	5.3.1.9	COG0166	Glucose-6-phosphate isomerase
M30_00794	CDS	375	pgi_2	5.3.1.9	COG0166	Glucose-6-phosphate isomerase
M30_00795	CDS	630	rpe	5.1.3.1	COG0036	Ribulose-phosphate 3-epimerase
M30_00796	CDS	234				hypothetical protein
M30_00797	CDS	936	asnS_1	6.1.1.22	COG0017	Asparagine--tRNA ligase
M30_00798	CDS	135	asnS_2	6.1.1.22	COG0017	Asparagine--tRNA ligase
M30_00799	CDS	303				hypothetical protein
M30_00800	CDS	147				hypothetical protein
M30_00801	CDS	474				Protein MG115 
M30_00802	CDS	534				hypothetical protein
M30_00803	CDS	126				hypothetical protein
M30_00804	CDS	204				hypothetical protein
M30_00805	CDS	354				hypothetical protein
M30_00806	CDS	741	galE	5.1.3.2	COG1087	UDP-glucose 4-epimerase
M30_00807	CDS	1164	btuD_3	7.6.2.8		Vitamin B12 import ATP-binding protein BtuD
M30_00808	CDS	381				hypothetical protein
M30_00809	CDS	441				hypothetical protein
M30_00810	CDS	135				hypothetical protein
M30_00811	CDS	429				hypothetical protein
M30_00812	CDS	183				hypothetical protein
M30_00813	CDS	198				hypothetical protein
M30_00814	CDS	423				hypothetical protein
M30_00815	CDS	162	topA_1	5.6.2.1		DNA topoisomerase 1
M30_00816	CDS	1440	topA_2	5.6.2.1		DNA topoisomerase 1
M30_00817	CDS	312	topA_3	5.6.2.1		DNA topoisomerase 1
M30_00818	CDS	993	rny_1	3.1.-.-		Ribonuclease Y
M30_00819	CDS	303				hypothetical protein
M30_00820	CDS	690				hypothetical protein
M30_00821	CDS	156				hypothetical protein
M30_00822	CDS	1044	trpS	6.1.1.2		Tryptophan--tRNA ligase
M30_00823	CDS	438	spxA			Regulatory protein Spx
M30_00824	CDS	780	nadK	2.7.1.23		NAD kinase
M30_00825	CDS	336				hypothetical protein
M30_00826	CDS	1293	rny_2	3.1.-.-		Ribonuclease Y
M30_00827	CDS	111				hypothetical protein
M30_00828	CDS	282				hypothetical protein
M30_00829	CDS	426	hit		COG0537	Protein hit
M30_00830	CDS	117				hypothetical protein
M30_00831	CDS	303	ybaB			Nucleoid-associated protein YbaB
M30_00832	CDS	192				hypothetical protein
M30_00833	CDS	630				hypothetical protein
M30_00834	CDS	429	lysS_1	6.1.1.6		Lysine--tRNA ligase
M30_00835	CDS	399	lysS_2	6.1.1.6	COG1190	Lysine--tRNA ligase
M30_00836	CDS	534	lysS_3	6.1.1.6		Lysine--tRNA ligase
M30_00837	CDS	840	fcf2	5.4.99.59		dTDP-fucopyranose mutase
M30_00838	CDS	189				hypothetical protein
M30_00839	CDS	1797	lepA	3.6.5.-		Elongation factor 4
M30_00840	CDS	1659	rnjA	3.1.-.-	COG0595	Ribonuclease J1
M30_00841	rRNA	1514				16S ribosomal RNA
M30_00842	rRNA	2907				23S ribosomal RNA
M30_00843	rRNA	74				5S ribosomal RNA (partial)
M30_00844	CDS	363				hypothetical protein
M30_00845	CDS	291				hypothetical protein
M30_00846	CDS	852				hypothetical protein
M30_00847	CDS	321				hypothetical protein
M30_00848	CDS	693				hypothetical protein
M30_00849	CDS	135				hypothetical protein
M30_00850	CDS	579				hypothetical protein
M30_00851	CDS	684	nusA_1			Transcription termination/antitermination protein NusA
M30_00852	CDS	390	nusA_2			Transcription termination/antitermination protein NusA
M30_00853	CDS	399	nusA_3			Transcription termination/antitermination protein NusA
M30_00854	CDS	273				hypothetical protein
M30_00855	CDS	1860	infB			Translation initiation factor IF-2
M30_00856	CDS	339	rbfA			Ribosome-binding factor A
M30_00857	CDS	426				hypothetical protein
M30_00858	CDS	108				hypothetical protein
M30_00859	CDS	159				hypothetical protein
M30_00860	CDS	810	ribF		COG0196	Bifunctional riboflavin kinase/FMN adenylyltransferase
M30_00861	CDS	126				hypothetical protein
M30_00862	CDS	201				hypothetical protein
M30_00863	CDS	396				hypothetical protein
M30_00864	CDS	177				hypothetical protein
M30_00865	CDS	654				hypothetical protein
M30_00866	CDS	252				hypothetical protein
M30_00867	CDS	153				hypothetical protein
M30_00868	CDS	255				hypothetical protein
M30_00869	CDS	465				hypothetical protein
M30_00870	CDS	711				hypothetical protein
M30_00871	CDS	93				hypothetical protein
M30_00872	CDS	156				hypothetical protein
M30_00873	CDS	321	rpsJ			30S ribosomal protein S10
M30_00874	CDS	378	rplC		COG0087	50S ribosomal protein L3
M30_00875	CDS	378				hypothetical protein
M30_00876	CDS	636	rplD		COG0088	50S ribosomal protein L4
M30_00877	CDS	321	rplW			50S ribosomal protein L23
M30_00878	CDS	858	rplB			50S ribosomal protein L2
M30_00879	CDS	264	rpsS			30S ribosomal protein S19
M30_00880	CDS	435				hypothetical protein
M30_00881	CDS	651				hypothetical protein
M30_00882	CDS	195	rplP_1			50S ribosomal protein L16
M30_00883	CDS	174	rplP_2		COG0197	50S ribosomal protein L16
M30_00884	CDS	195				hypothetical protein
M30_00885	CDS	225	rpsQ			30S ribosomal protein S17
M30_00886	CDS	369	rplN			50S ribosomal protein L14
M30_00887	CDS	327	rplX		COG0198	50S ribosomal protein L24
M30_00888	CDS	291	rplE			50S ribosomal protein L5
M30_00889	CDS	183	rpsN1		COG0199	30S ribosomal protein S14
M30_00890	CDS	426	rpsH		COG0096	30S ribosomal protein S8
M30_00891	CDS	462	rplF		COG0097	50S ribosomal protein L6
M30_00892	CDS	390	rplR		COG0256	50S ribosomal protein L18
M30_00893	CDS	636				hypothetical protein
M30_00894	CDS	453	rplO			50S ribosomal protein L15
M30_00895	CDS	1428	secY			Protein translocase subunit SecY
M30_00896	CDS	645	adk	2.7.4.3		Adenylate kinase
M30_00897	CDS	747	map	3.4.11.18	COG0024	Methionine aminopeptidase 1
M30_00898	CDS	213	infA			Translation initiation factor IF-1
M30_00899	CDS	258	rpsM			30S ribosomal protein S13
M30_00900	CDS	180	rpsK		COG0100	30S ribosomal protein S11
M30_00901	CDS	330	rpoA_1	2.7.7.6		DNA-directed RNA polymerase subunit alpha
M30_00902	CDS	582	rpoA_2	2.7.7.6	COG0202	DNA-directed RNA polymerase subunit alpha
M30_00903	CDS	327	rplQ		COG0203	50S ribosomal protein L17
M30_00904	CDS	813	ecfA1_1	7.-.-.-	COG1122	Energy-coupling factor transporter ATP-binding protein EcfA1
M30_00905	CDS	915	ecfA2	3.6.3.-		Energy-coupling factor transporter ATP-binding protein EcfA2
M30_00906	CDS	336	ecfT_1			Energy-coupling factor transporter transmembrane protein EcfT
M30_00907	CDS	462				hypothetical protein
M30_00908	CDS	417	ecfT_2			Energy-coupling factor transporter transmembrane protein EcfT
M30_00909	CDS	645	truA	5.4.99.12	COG0101	tRNA pseudouridine synthase A
M30_00910	CDS	645				hypothetical protein
M30_00911	CDS	357				hypothetical protein
M30_00912	CDS	645	pepF1	3.4.24.-		Oligoendopeptidase F, plasmid
M30_00913	CDS	750				hypothetical protein
M30_00914	CDS	195				hypothetical protein
M30_00915	CDS	627				hypothetical protein
M30_00916	CDS	165				hypothetical protein
M30_00917	CDS	1185				hypothetical protein
M30_00918	CDS	351				hypothetical protein
M30_00919	CDS	351				hypothetical protein
M30_00920	CDS	177				hypothetical protein
M30_00921	CDS	102				hypothetical protein
M30_00922	CDS	300				hypothetical protein
M30_00923	CDS	159				hypothetical protein
M30_00924	CDS	177				hypothetical protein
M30_00925	CDS	273				putative lipoprotein MG186 
M30_00926	CDS	330				Putative ABC transporter ATP-binding protein MG187 
M30_00927	CDS	294				Putative ABC transporter ATP-binding protein MG187 
M30_00928	CDS	705				Putative ABC transporter ATP-binding protein MG187 
M30_00929	CDS	219				Putative ABC transporter ATP-binding protein MG187 
M30_00930	CDS	282				hypothetical protein
M30_00931	CDS	564	araP		COG1175	L-arabinose transport system permease protein AraP
M30_00932	CDS	156				hypothetical protein
M30_00933	CDS	201				hypothetical protein
M30_00934	CDS	159				hypothetical protein
M30_00935	CDS	768	nrnA_2	3.1.-.-		Bifunctional oligoribonuclease and PAP phosphatase NrnA
M30_00936	CDS	525	mgpA_2			Adhesin P1
M30_00937	CDS	153	mgpA_3			Adhesin P1
M30_00938	CDS	333	mgpA_4			Adhesin P1
M30_00939	CDS	273	mgpA_5			Adhesin P1
M30_00940	CDS	156				hypothetical protein
M30_00941	CDS	144	mgpA_6			Adhesin P1
M30_00942	CDS	135				hypothetical protein
M30_00943	CDS	318	mgpA_7			Adhesin P1
M30_00944	CDS	1005				hypothetical protein
M30_00945	CDS	369				hypothetical protein
M30_00946	CDS	174				hypothetical protein
M30_00947	CDS	102				Mgp-operon protein 3
M30_00948	CDS	195				Mgp-operon protein 3
M30_00949	CDS	384				Mgp-operon protein 3
M30_00950	CDS	1245				Mgp-operon protein 3
M30_00951	CDS	273				Mgp-operon protein 3
M30_00952	CDS	264				hypothetical protein
M30_00953	CDS	144				hypothetical protein
M30_00954	CDS	273				hypothetical protein
M30_00955	CDS	384				hypothetical protein
M30_00956	CDS	453				High affinity transport system protein p37
M30_00957	CDS	213				High affinity transport system protein p37
M30_00958	CDS	192				High affinity transport system protein p37
M30_00959	CDS	333	fetA	3.6.3.-	COG4619	putative iron export ATP-binding protein FetA
M30_00960	CDS	183				hypothetical protein
M30_00961	CDS	198				hypothetical protein
M30_00962	CDS	159				hypothetical protein
M30_00963	CDS	495				hypothetical protein
M30_00964	CDS	258				hypothetical protein
M30_00965	CDS	417	yrrK	3.1.-.-	COG0816	Putative pre-16S rRNA nuclease
M30_00966	CDS	504				hypothetical protein
M30_00967	CDS	288	alaS_1	6.1.1.7	COG0013	Alanine--tRNA ligase
M30_00968	CDS	399				hypothetical protein
M30_00969	CDS	435	alaS_2	6.1.1.7	COG0013	Alanine--tRNA ligase
M30_00970	CDS	183	alaS_3	6.1.1.7	COG0013	Alanine--tRNA ligase
M30_00971	CDS	576	glpQ	3.1.4.46	COG0584	Glycerophosphodiester phosphodiesterase
M30_00972	CDS	183				hypothetical protein
M30_00973	CDS	432				hypothetical protein
M30_00974	CDS	219				hypothetical protein
M30_00975	CDS	309				hypothetical protein
M30_00976	CDS	237	mnmA_1	2.8.1.13		tRNA-specific 2-thiouridylase MnmA
M30_00977	CDS	306	mnmA_2	2.8.1.13		tRNA-specific 2-thiouridylase MnmA
M30_00978	CDS	273	mnmA_3	2.8.1.13	COG0482	tRNA-specific 2-thiouridylase MnmA
M30_00979	CDS	390				putative protein MG296 
M30_00980	CDS	333	ftsY_1		COG0552	Signal recognition particle receptor FtsY
M30_00981	CDS	558	ftsY_2		COG0552	Signal recognition particle receptor FtsY
M30_00982	CDS	837	smc_1		COG1196	Chromosome partition protein Smc
M30_00983	CDS	1335	smc_2			Chromosome partition protein Smc
M30_00984	CDS	339				hypothetical protein
M30_00985	CDS	450	smc_3		COG1196	Chromosome partition protein Smc
M30_00986	CDS	654				hypothetical protein
M30_00987	CDS	111	pgk_1	2.7.2.3		Phosphoglycerate kinase
M30_00988	CDS	993	pgk_2	2.7.2.3	COG0126	Phosphoglycerate kinase
M30_00989	CDS	1014	gapA	1.2.1.12		Glyceraldehyde-3-phosphate dehydrogenase
M30_00990	CDS	333	ykoC			Putative HMP/thiamine permease protein YkoC
M30_00991	CDS	144				hypothetical protein
M30_00992	CDS	1074	btuD_4	7.6.2.8		Vitamin B12 import ATP-binding protein BtuD
M30_00993	CDS	813	ecfA1_2	7.-.-.-	COG1122	Energy-coupling factor transporter ATP-binding protein EcfA1
M30_00994	CDS	1728	dnaK		COG0443	Chaperone protein DnaK
M30_00995	CDS	264				hypothetical protein
M30_00996	CDS	273				hypothetical protein
M30_00997	CDS	1056				hypothetical protein
M30_00998	CDS	708				hypothetical protein
M30_00999	CDS	432				hypothetical protein
M30_01000	CDS	225				hypothetical protein
M30_01001	CDS	420				hypothetical protein
M30_01002	CDS	177				hypothetical protein
M30_01003	CDS	417	cshB	3.6.4.13	COG0513	DEAD-box ATP-dependent RNA helicase CshB
M30_01004	CDS	810				hypothetical protein
M30_01005	CDS	132				hypothetical protein
M30_01006	CDS	1317				hypothetical protein
M30_01007	CDS	363				hypothetical protein
M30_01008	CDS	216				hypothetical protein
M30_01009	CDS	414				hypothetical protein
M30_01010	CDS	597	rpsD			30S ribosomal protein S4
M30_01011	CDS	2136				hypothetical protein
