locus_tag	ftype	length_bp	gene	EC_number	COG	product
M6090_00001	CDS	174				hypothetical protein
M6090_00002	CDS	375				hypothetical protein
M6090_00003	CDS	999				hypothetical protein
M6090_00004	CDS	144				hypothetical protein
M6090_00005	CDS	276				hypothetical protein
M6090_00006	CDS	144	mgpA_1			Adhesin P1
M6090_00007	CDS	156				hypothetical protein
M6090_00008	CDS	273	mgpA_2			Adhesin P1
M6090_00009	CDS	342	mgpA_3			Adhesin P1
M6090_00010	CDS	153	mgpA_4			Adhesin P1
M6090_00011	CDS	531	mgpA_5			Adhesin P1
M6090_00012	CDS	768	nrnA_1	3.1.-.-		Bifunctional oligoribonuclease and PAP phosphatase NrnA
M6090_00013	CDS	198				hypothetical protein
M6090_00014	CDS	201				hypothetical protein
M6090_00015	CDS	156				hypothetical protein
M6090_00016	CDS	564	araP		COG1175	L-arabinose transport system permease protein AraP
M6090_00017	CDS	282				hypothetical protein
M6090_00018	CDS	219				Putative ABC transporter ATP-binding protein MG187 
M6090_00019	CDS	705				Putative ABC transporter ATP-binding protein MG187 
M6090_00020	CDS	294				Putative ABC transporter ATP-binding protein MG187 
M6090_00021	CDS	330				Putative ABC transporter ATP-binding protein MG187 
M6090_00022	CDS	273				putative lipoprotein MG186 
M6090_00023	CDS	177				hypothetical protein
M6090_00024	CDS	159				hypothetical protein
M6090_00025	CDS	300				hypothetical protein
M6090_00026	CDS	177				hypothetical protein
M6090_00027	CDS	225	mgpA_6			Adhesin P1
M6090_00028	CDS	366				hypothetical protein
M6090_00029	CDS	1185				hypothetical protein
M6090_00030	CDS	165				hypothetical protein
M6090_00031	CDS	627				hypothetical protein
M6090_00032	CDS	195				hypothetical protein
M6090_00033	CDS	750				hypothetical protein
M6090_00034	CDS	645	pepF1	3.4.24.-		Oligoendopeptidase F, plasmid
M6090_00035	CDS	357				hypothetical protein
M6090_00036	CDS	645				hypothetical protein
M6090_00037	CDS	645	truA	5.4.99.12	COG0101	tRNA pseudouridine synthase A
M6090_00038	CDS	417	ecfT_1			Energy-coupling factor transporter transmembrane protein EcfT
M6090_00039	CDS	462				hypothetical protein
M6090_00040	CDS	336	ecfT_2			Energy-coupling factor transporter transmembrane protein EcfT
M6090_00041	CDS	915	ecfA2	3.6.3.-		Energy-coupling factor transporter ATP-binding protein EcfA2
M6090_00042	CDS	813	ecfA1_1	7.-.-.-	COG1122	Energy-coupling factor transporter ATP-binding protein EcfA1
M6090_00043	CDS	327	rplQ		COG0203	50S ribosomal protein L17
M6090_00044	CDS	582	rpoA_1	2.7.7.6	COG0202	DNA-directed RNA polymerase subunit alpha
M6090_00045	CDS	330	rpoA_2	2.7.7.6		DNA-directed RNA polymerase subunit alpha
M6090_00046	CDS	180	rpsK		COG0100	30S ribosomal protein S11
M6090_00047	CDS	258	rpsM			30S ribosomal protein S13
M6090_00048	CDS	213	infA			Translation initiation factor IF-1
M6090_00049	CDS	747	map	3.4.11.18	COG0024	Methionine aminopeptidase 1
M6090_00050	CDS	645	adk	2.7.4.3		Adenylate kinase
M6090_00051	CDS	1428	secY			Protein translocase subunit SecY
M6090_00052	CDS	453	rplO			50S ribosomal protein L15
M6090_00053	CDS	636				hypothetical protein
M6090_00054	CDS	390	rplR		COG0256	50S ribosomal protein L18
M6090_00055	CDS	462	rplF		COG0097	50S ribosomal protein L6
M6090_00056	CDS	426	rpsH		COG0096	30S ribosomal protein S8
M6090_00057	CDS	183	rpsN1		COG0199	30S ribosomal protein S14
M6090_00058	CDS	291	rplE			50S ribosomal protein L5
M6090_00059	CDS	327	rplX		COG0198	50S ribosomal protein L24
M6090_00060	CDS	369	rplN			50S ribosomal protein L14
M6090_00061	CDS	225	rpsQ			30S ribosomal protein S17
M6090_00062	CDS	195				hypothetical protein
M6090_00063	CDS	174	rplP_1		COG0197	50S ribosomal protein L16
M6090_00064	CDS	195	rplP_2			50S ribosomal protein L16
M6090_00065	CDS	651				hypothetical protein
M6090_00066	CDS	435				hypothetical protein
M6090_00067	CDS	264	rpsS			30S ribosomal protein S19
M6090_00068	CDS	858	rplB			50S ribosomal protein L2
M6090_00069	CDS	321	rplW			50S ribosomal protein L23
M6090_00070	CDS	636	rplD		COG0088	50S ribosomal protein L4
M6090_00071	CDS	378				hypothetical protein
M6090_00072	CDS	378	rplC		COG0087	50S ribosomal protein L3
M6090_00073	CDS	321	rpsJ			30S ribosomal protein S10
M6090_00074	CDS	156				hypothetical protein
M6090_00075	CDS	93				hypothetical protein
M6090_00076	CDS	720				hypothetical protein
M6090_00077	CDS	465				hypothetical protein
M6090_00078	CDS	255				hypothetical protein
M6090_00079	CDS	153				hypothetical protein
M6090_00080	CDS	252				hypothetical protein
M6090_00081	CDS	654				hypothetical protein
M6090_00082	CDS	177				hypothetical protein
M6090_00083	CDS	396				hypothetical protein
M6090_00084	CDS	201				hypothetical protein
M6090_00085	CDS	126				hypothetical protein
M6090_00086	CDS	810	ribF		COG0196	Bifunctional riboflavin kinase/FMN adenylyltransferase
M6090_00087	CDS	159				hypothetical protein
M6090_00088	CDS	108				hypothetical protein
M6090_00089	CDS	426				hypothetical protein
M6090_00090	CDS	339	rbfA			Ribosome-binding factor A
M6090_00091	CDS	1860	infB			Translation initiation factor IF-2
M6090_00092	CDS	273				hypothetical protein
M6090_00093	CDS	399	nusA_1			Transcription termination/antitermination protein NusA
M6090_00094	CDS	390	nusA_2			Transcription termination/antitermination protein NusA
M6090_00095	CDS	684	nusA_3			Transcription termination/antitermination protein NusA
M6090_00096	CDS	579				hypothetical protein
M6090_00097	CDS	135				hypothetical protein
M6090_00098	CDS	693				hypothetical protein
M6090_00099	CDS	321				hypothetical protein
M6090_00100	CDS	852				hypothetical protein
M6090_00101	CDS	291				hypothetical protein
M6090_00102	CDS	390				hypothetical protein
M6090_00103	rRNA	74				5S ribosomal RNA (partial)
M6090_00104	rRNA	2907				23S ribosomal RNA
M6090_00105	rRNA	1514				16S ribosomal RNA
M6090_00106	CDS	222				hypothetical protein
M6090_00107	CDS	174				hypothetical protein
M6090_00108	CDS	177				hypothetical protein
M6090_00109	CDS	210				hypothetical protein
M6090_00110	CDS	345				hypothetical protein
M6090_00111	CDS	357				hypothetical protein
M6090_00112	CDS	1659	rnjA	3.1.-.-	COG0595	Ribonuclease J1
M6090_00113	CDS	1797	lepA	3.6.5.-		Elongation factor 4
M6090_00114	CDS	189				hypothetical protein
M6090_00115	CDS	816	fcf2	5.4.99.59		dTDP-fucopyranose mutase
M6090_00116	CDS	534	lysS_1	6.1.1.6		Lysine--tRNA ligase
M6090_00117	CDS	399	lysS_2	6.1.1.6	COG1190	Lysine--tRNA ligase
M6090_00118	CDS	429	lysS_3	6.1.1.6		Lysine--tRNA ligase
M6090_00119	CDS	630				hypothetical protein
M6090_00120	CDS	192				hypothetical protein
M6090_00121	CDS	303	ybaB			Nucleoid-associated protein YbaB
M6090_00122	CDS	117				hypothetical protein
M6090_00123	CDS	426	hit		COG0537	Protein hit
M6090_00124	CDS	282				hypothetical protein
M6090_00125	CDS	288				hypothetical protein
M6090_00126	CDS	111				hypothetical protein
M6090_00127	CDS	1293	rny_1	3.1.-.-		Ribonuclease Y
M6090_00128	CDS	336				hypothetical protein
M6090_00129	CDS	780	nadK	2.7.1.23		NAD kinase
M6090_00130	CDS	438	spxA			Regulatory protein Spx
M6090_00131	CDS	1044	trpS	6.1.1.2		Tryptophan--tRNA ligase
M6090_00132	CDS	156				hypothetical protein
M6090_00133	CDS	690				hypothetical protein
M6090_00134	CDS	303				hypothetical protein
M6090_00135	CDS	993	rny_2	3.1.-.-		Ribonuclease Y
M6090_00136	CDS	312	topA_1	5.6.2.1		DNA topoisomerase 1
M6090_00137	CDS	1440	topA_2	5.6.2.1		DNA topoisomerase 1
M6090_00138	CDS	162	topA_3	5.6.2.1		DNA topoisomerase 1
M6090_00139	CDS	423				hypothetical protein
M6090_00140	CDS	198				hypothetical protein
M6090_00141	CDS	183				hypothetical protein
M6090_00142	CDS	429				hypothetical protein
M6090_00143	CDS	135				hypothetical protein
M6090_00144	CDS	441				hypothetical protein
M6090_00145	CDS	381				hypothetical protein
M6090_00146	CDS	1143	btuD_1	7.6.2.8		Vitamin B12 import ATP-binding protein BtuD
M6090_00147	CDS	741	galE	5.1.3.2	COG1087	UDP-glucose 4-epimerase
M6090_00148	CDS	354				hypothetical protein
M6090_00149	CDS	204				hypothetical protein
M6090_00150	CDS	126				hypothetical protein
M6090_00151	CDS	534				hypothetical protein
M6090_00152	CDS	474				Protein MG115 
M6090_00153	CDS	147				hypothetical protein
M6090_00154	CDS	279	pgsA	2.7.8.5		CDP-diacylglycerol--glycerol-3-phosphate 3-phosphatidyltransferase
M6090_00155	CDS	135	asnS_1	6.1.1.22	COG0017	Asparagine--tRNA ligase
M6090_00156	CDS	936	asnS_2	6.1.1.22	COG0017	Asparagine--tRNA ligase
M6090_00157	CDS	234				hypothetical protein
M6090_00158	CDS	630	rpe	5.1.3.1	COG0036	Ribulose-phosphate 3-epimerase
M6090_00159	CDS	375	pgi_1	5.3.1.9	COG0166	Glucose-6-phosphate isomerase
M6090_00160	CDS	756	pgi_2	5.3.1.9	COG0166	Glucose-6-phosphate isomerase
M6090_00161	CDS	528	rsgA_1	3.6.1.-	COG1162	Small ribosomal subunit biogenesis GTPase RsgA
M6090_00162	CDS	141	rsgA_2	3.6.1.-		Small ribosomal subunit biogenesis GTPase RsgA
M6090_00163	CDS	96				hypothetical protein
M6090_00164	CDS	924	prkC	2.7.11.1		Serine/threonine-protein kinase PrkC
M6090_00165	CDS	315				hypothetical protein
M6090_00166	CDS	216				hypothetical protein
M6090_00167	CDS	570	gmk	2.7.4.8	COG0194	Guanylate kinase
M6090_00168	CDS	213				hypothetical protein
M6090_00169	CDS	252	cdaS	2.7.7.85		Diadenylate cyclase CdaS
M6090_00170	CDS	117				hypothetical protein
M6090_00171	CDS	414	rnr_1	3.1.13.1	COG0557	Ribonuclease R
M6090_00172	CDS	1287	rnr_2	3.1.13.1	COG0557	Ribonuclease R
M6090_00173	CDS	162				hypothetical protein
M6090_00174	CDS	234				hypothetical protein
M6090_00175	CDS	606	whiA			cell division protein WhiA
M6090_00176	CDS	948	trxB	1.8.1.9	COG0492	Thioredoxin reductase
M6090_00177	CDS	450				hypothetical protein
M6090_00178	CDS	1434	gatB	6.3.5.-	COG0064	Aspartyl/glutamyl-tRNA(Asn/Gln) amidotransferase subunit B
M6090_00179	CDS	552	gatA_1	6.3.5.7	COG0154	Glutamyl-tRNA(Gln) amidotransferase subunit A
M6090_00180	CDS	810	gatA_2	6.3.5.7	COG0154	Glutamyl-tRNA(Gln) amidotransferase subunit A
M6090_00181	CDS	459	GATC	6.3.5.-		Glutamyl-tRNA(Gln) amidotransferase subunit C, chloroplastic/mitochondrial
M6090_00182	CDS	135				hypothetical protein
M6090_00183	CDS	738				hypothetical protein
M6090_00184	CDS	228		3.2.2.27		Uracil-DNA glycosylase
M6090_00185	CDS	270				hypothetical protein
M6090_00186	CDS	1632				hypothetical protein
M6090_00187	CDS	174				hypothetical protein
M6090_00188	CDS	129				hypothetical protein
M6090_00189	CDS	348				hypothetical protein
M6090_00190	CDS	708	dnaB	3.6.4.12	COG0305	Replicative DNA helicase
M6090_00191	CDS	630				hypothetical protein
M6090_00192	CDS	453	rplI		COG0359	50S ribosomal protein L9
M6090_00193	CDS	315				hypothetical protein
M6090_00194	CDS	291				hypothetical protein
M6090_00195	CDS	471				hypothetical protein
M6090_00196	CDS	1659	fusA_1		COG0480	Elongation factor G
M6090_00197	CDS	126	fusA_2		COG0480	Elongation factor G
M6090_00198	CDS	216	fusA_3		COG0480	Elongation factor G
M6090_00199	CDS	468	rpsG			30S ribosomal protein S7
M6090_00200	CDS	420	rpsL		COG0048	30S ribosomal protein S12
M6090_00201	CDS	165				hypothetical protein
M6090_00202	CDS	807	lgt	2.5.1.145	COG0682	Phosphatidylglycerol--prolipoprotein diacylglyceryl transferase
M6090_00203	CDS	936	hprK	2.7.11.-		HPr kinase/phosphorylase
M6090_00204	CDS	345				hypothetical protein
M6090_00205	CDS	99				hypothetical protein
M6090_00206	CDS	213	tilS	6.3.4.19		tRNA(Ile)-lysidine synthase
M6090_00207	CDS	570	pth	3.1.1.29		Peptidyl-tRNA hydrolase
M6090_00208	CDS	327	rplA_1			50S ribosomal protein L1
M6090_00209	CDS	318	rplA_2		COG0081	50S ribosomal protein L1
M6090_00210	CDS	414	rplK		COG0080	50S ribosomal protein L11
M6090_00211	CDS	1107	btuD_2	7.6.2.8		Vitamin B12 import ATP-binding protein BtuD
M6090_00212	CDS	420				hypothetical protein
M6090_00213	CDS	888				hypothetical protein
M6090_00214	CDS	1113	oppD		COG0444	Oligopeptide transport ATP-binding protein OppD
M6090_00215	CDS	345				hypothetical protein
M6090_00216	CDS	114				hypothetical protein
M6090_00217	CDS	486				hypothetical protein
M6090_00218	CDS	171				hypothetical protein
M6090_00219	CDS	744			COG0601	Putative peptide transport permease protein
M6090_00220	CDS	201				hypothetical protein
M6090_00221	CDS	417				hypothetical protein
M6090_00222	CDS	294				hypothetical protein
M6090_00223	CDS	2397				hypothetical protein
M6090_00224	CDS	207				hypothetical protein
M6090_00225	CDS	1971	uvrB			UvrABC system protein B
M6090_00226	CDS	249				hypothetical protein
M6090_00227	CDS	915	secA1			Protein translocase subunit SecA 1
M6090_00228	CDS	1248	secA		COG0653	Protein translocase subunit SecA
M6090_00229	CDS	228				hypothetical protein
M6090_00230	CDS	441	pacL	7.2.2.10	COG0474	Calcium-transporting ATPase
M6090_00231	CDS	495		7.2.2.10		Calcium-transporting ATPase 1
M6090_00232	CDS	273	yoaB_1	7.2.2.10	COG0474	Calcium-transporting ATPase 1
M6090_00233	CDS	396	yoaB_2	7.2.2.10	COG0474	Calcium-transporting ATPase 1
M6090_00234	CDS	279				hypothetical protein
M6090_00235	CDS	216				hypothetical protein
M6090_00236	CDS	93				hypothetical protein
M6090_00237	CDS	582	ptsG_1	2.7.1.199		PTS system glucose-specific EIICBA component
M6090_00238	CDS	402	ptsG_2	2.7.1.199	COG1263	PTS system glucose-specific EIICBA component
M6090_00239	CDS	93				hypothetical protein
M6090_00240	CDS	207	ptsG_3	2.7.1.199		PTS system glucose-specific EIICBA component
M6090_00241	CDS	258				hypothetical protein
M6090_00242	CDS	309	ptsG_4	2.7.1.199	COG1263	PTS system glucose-specific EIICBA component
M6090_00243	CDS	102				Mgp-operon protein 3
M6090_00244	CDS	177				hypothetical protein
M6090_00245	CDS	234	mgpA_7			Adhesin P1
M6090_00246	CDS	354				hypothetical protein
M6090_00247	CDS	237				hypothetical protein
M6090_00248	CDS	276				hypothetical protein
M6090_00249	CDS	213				hypothetical protein
M6090_00250	CDS	231				hypothetical protein
M6090_00251	CDS	1425				hypothetical protein
M6090_00252	CDS	186				hypothetical protein
M6090_00253	CDS	210				hypothetical protein
M6090_00254	CDS	1041	tkt_1	2.2.1.1		Transketolase
M6090_00255	CDS	852	tkt_2	2.2.1.1		Transketolase
M6090_00256	CDS	684	bceA		COG1136	Bacitracin export ATP-binding protein BceA
M6090_00257	CDS	201				hypothetical protein
M6090_00258	CDS	1104				hypothetical protein
M6090_00259	CDS	495				hypothetical protein
M6090_00260	CDS	153				hypothetical protein
M6090_00261	CDS	207				hypothetical protein
M6090_00262	CDS	309				hypothetical protein
M6090_00263	CDS	891				hypothetical protein
M6090_00264	CDS	204				hypothetical protein
M6090_00265	CDS	768	fruK	2.7.1.56		Putative 1-phosphofructokinase
M6090_00266	CDS	1749	fruA		COG1299	PTS system fructose-specific EIIABC component
M6090_00267	CDS	267				hypothetical protein
M6090_00268	tRNA	89				tRNA-Ser(gct)
M6090_00269	CDS	234				hypothetical protein
M6090_00270	CDS	711				hypothetical protein
M6090_00271	CDS	447				hypothetical protein
M6090_00272	CDS	213				hypothetical protein
M6090_00273	CDS	159				hypothetical protein
M6090_00274	CDS	267				hypothetical protein
M6090_00275	CDS	351	smpB		COG0691	SsrA-binding protein
M6090_00276	CDS	1092	prs	2.7.6.1	COG0462	Ribose-phosphate pyrophosphokinase
M6090_00277	CDS	384	rnmV	3.1.26.8	COG1658	Ribonuclease M5
M6090_00278	CDS	600	rsmI	2.1.1.198	COG0313	Ribosomal RNA small subunit methyltransferase I
M6090_00279	CDS	102				hypothetical protein
M6090_00280	CDS	243				hypothetical protein
M6090_00281	CDS	216				hypothetical protein
M6090_00282	CDS	324	nusG_1			Transcription termination/antitermination protein NusG
M6090_00283	CDS	522	nusG_2			Transcription termination/antitermination protein NusG
M6090_00284	CDS	219				hypothetical protein
M6090_00285	CDS	327		5.4.2.8	COG1109	putative phosphomannomutase
M6090_00286	CDS	948	pgcA	5.4.2.2		Phosphoglucomutase
M6090_00287	CDS	393	cdd	3.5.4.5	COG0295	Cytidine deaminase
M6090_00288	CDS	165				hypothetical protein
M6090_00289	CDS	924	pdp	2.4.2.2	COG0213	Pyrimidine-nucleoside phosphorylase
M6090_00290	CDS	672	deoC1	4.1.2.4		Deoxyribose-phosphate aldolase 1
M6090_00291	CDS	363	deoD_1	2.4.2.1		Purine nucleoside phosphorylase DeoD-type
M6090_00292	CDS	408	deoD_2	2.4.2.1	COG0813	Purine nucleoside phosphorylase DeoD-type
M6090_00293	CDS	336	ffh_1		COG0541	Signal recognition particle protein
M6090_00294	CDS	723	ffh_2		COG0541	Signal recognition particle protein
M6090_00295	CDS	120	srp54			Signal recognition particle 54 kDa protein
M6090_00296	CDS	258				hypothetical protein
M6090_00297	CDS	495	metK_1	2.5.1.6		S-adenosylmethionine synthase
M6090_00298	CDS	231	metK_2	2.5.1.6		S-adenosylmethionine synthase
M6090_00299	CDS	162	OSGEPL1	2.3.1.234		tRNA N6-adenosine threonylcarbamoyltransferase, mitochondrial
M6090_00300	CDS	615	tsaD	2.3.1.234	COG0533	tRNA N6-adenosine threonylcarbamoyltransferase
M6090_00301	CDS	834				hypothetical protein
M6090_00302	CDS	285				hypothetical protein
M6090_00303	CDS	378				hypothetical protein
M6090_00304	CDS	405				hypothetical protein
M6090_00305	CDS	495				hypothetical protein
M6090_00306	CDS	129				hypothetical protein
M6090_00307	CDS	330	cysA	7.3.2.3	COG1118	Sulfate/thiosulfate import ATP-binding protein CysA
M6090_00308	CDS	153				hypothetical protein
M6090_00309	CDS	324	potA	7.6.2.11	COG3842	Spermidine/putrescine import ATP-binding protein PotA
M6090_00310	CDS	267	ptsH			Phosphocarrier protein HPr
M6090_00311	CDS	246				hypothetical protein
M6090_00312	CDS	597				hypothetical protein
M6090_00313	CDS	276				hypothetical protein
M6090_00314	CDS	219				putative protein MG039 
M6090_00315	CDS	135				putative protein MG039 
M6090_00316	CDS	375				putative protein MG039 
M6090_00317	CDS	135	glpK_1	2.7.1.30	COG0554	Glycerol kinase
M6090_00318	CDS	90				hypothetical protein
M6090_00319	CDS	261				hypothetical protein
M6090_00320	CDS	324	glpK_2	2.7.1.30		Glycerol kinase
M6090_00321	CDS	180	glpK_3	2.7.1.30	COG0554	Glycerol kinase
M6090_00322	CDS	351				hypothetical protein
M6090_00323	CDS	96				hypothetical protein
M6090_00324	CDS	666				hypothetical protein
M6090_00325	CDS	165				hypothetical protein
M6090_00326	CDS	225	aspS_1	6.1.1.12	COG0173	Aspartate--tRNA(Asp) ligase
M6090_00327	CDS	537	aspS_2	6.1.1.12		Aspartate--tRNA(Asp/Asn) ligase
M6090_00328	CDS	249	hisS_1	6.1.1.21		Histidine--tRNA ligase
M6090_00329	CDS	147				hypothetical protein
M6090_00330	CDS	528	hisS_2	6.1.1.21		Histidine--tRNA ligase
M6090_00331	CDS	123				hypothetical protein
M6090_00332	CDS	153				hypothetical protein
M6090_00333	CDS	243				hypothetical protein
M6090_00334	CDS	129				hypothetical protein
M6090_00335	CDS	981				hypothetical protein
M6090_00336	CDS	201	polC_1	2.7.7.7		DNA polymerase III PolC-type
M6090_00337	CDS	294	polC_2	2.7.7.7		DNA polymerase III PolC-type
M6090_00338	CDS	90	polC_3	2.7.7.7		DNA polymerase III PolC-type
M6090_00339	CDS	468	polC_4	2.7.7.7		DNA polymerase III PolC-type
M6090_00340	CDS	675	polC_5	2.7.7.7		DNA polymerase III PolC-type
M6090_00341	CDS	171	polC_6	2.7.7.7		DNA polymerase III PolC-type
M6090_00342	CDS	435	polC_7	2.7.7.7		DNA polymerase III PolC-type
M6090_00343	CDS	255	polC_8	2.7.7.7		DNA polymerase III PolC-type
M6090_00344	CDS	204	polC_9	2.7.7.7		DNA polymerase III PolC-type
M6090_00345	CDS	462	polC_10	2.7.7.7		DNA polymerase III PolC-type
M6090_00346	CDS	621	upp	2.4.2.9	COG0035	Uracil phosphoribosyltransferase
M6090_00347	CDS	594				hypothetical protein
M6090_00348	CDS	171				hypothetical protein
M6090_00349	CDS	219			COG0781	putative protein MG027
M6090_00350	CDS	168			COG0781	putative protein MG027
M6090_00351	CDS	573	efp			Elongation factor P
M6090_00352	CDS	120				hypothetical protein
M6090_00353	CDS	654				hypothetical protein
M6090_00354	CDS	108	OLA1			Obg-like ATPase 1
M6090_00355	CDS	888	ychF		COG0012	Ribosome-binding ATPase YchF
M6090_00356	CDS	297	fba_1	4.1.2.13	COG0191	Fructose-bisphosphate aldolase
M6090_00357	CDS	531	fba_2	4.1.2.13		Fructose-bisphosphate aldolase
M6090_00358	CDS	213	rpoE			DNA-directed RNA polymerase subunit delta
M6090_00359	CDS	93				hypothetical protein
M6090_00360	CDS	237	metG_1	6.1.1.10		Methionine--tRNA ligase
M6090_00361	CDS	396	metG_2	6.1.1.10		Methionine--tRNA ligase
M6090_00362	CDS	243	metG_3	6.1.1.10		Methionine--tRNA ligase
M6090_00363	CDS	255				hypothetical protein
M6090_00364	CDS	168				hypothetical protein
M6090_00365	CDS	201	pip	3.4.11.5	COG0596	Proline iminopeptidase
M6090_00366	CDS	1170	dnaJ_1			Chaperone protein DnaJ
M6090_00367	CDS	552				hypothetical protein
M6090_00368	CDS	114				hypothetical protein
M6090_00369	CDS	435				hypothetical protein
M6090_00370	CDS	912				hypothetical protein
M6090_00371	CDS	372				hypothetical protein
M6090_00372	CDS	357			COG1132	putative ABC transporter ATP-binding protein
M6090_00373	CDS	615			COG1132	putative ABC transporter ATP-binding protein
M6090_00374	CDS	273				hypothetical protein
M6090_00375	CDS	426			COG1132	putative ABC transporter ATP-binding protein
M6090_00376	CDS	432				hypothetical protein
M6090_00377	CDS	756				hypothetical protein
M6090_00378	tRNA	77				tRNA-Ile(gat)
M6090_00379	tRNA	76				tRNA-Ala(tgc)
M6090_00380	CDS	636	folD		COG0190	Bifunctional protein FolD protein
M6090_00381	CDS	216				hypothetical protein
M6090_00382	CDS	489	rimK	6.3.2.-	COG0189	Ribosomal protein S6--L-glutamate ligase
M6090_00383	CDS	309				hypothetical protein
M6090_00384	CDS	228				hypothetical protein
M6090_00385	CDS	177				hypothetical protein
M6090_00386	CDS	642	ycfH	3.1.-.-	COG0084	putative metal-dependent hydrolase YcfH
M6090_00387	CDS	1137	mnmE	3.6.-.-		tRNA modification GTPase MnmE
M6090_00388	CDS	288				hypothetical protein
M6090_00389	CDS	168				hypothetical protein
M6090_00390	CDS	633	tmk	2.7.4.9	COG0125	Thymidylate kinase
M6090_00391	CDS	252	serS_1	6.1.1.11	COG0172	Serine--tRNA ligase
M6090_00392	CDS	189	serS_2	6.1.1.11		Serine--tRNA ligase
M6090_00393	CDS	564	serS_3	6.1.1.11	COG0172	Serine--tRNA ligase
M6090_00394	CDS	2511	gyrA_1	5.6.2.2		DNA gyrase subunit A
M6090_00395	CDS	153	gyrB_1	5.6.2.2		DNA gyrase subunit B
M6090_00396	CDS	1029	gyrB_2	5.6.2.2		DNA gyrase subunit B
M6090_00397	CDS	195	gyrB_3	5.6.2.2		DNA gyrase subunit B
M6090_00398	CDS	246	gyrB_4	5.6.2.2		DNA gyrase subunit B
M6090_00399	CDS	135	gyrB_5	5.6.2.2		DNA gyrase subunit B
M6090_00400	CDS	156				hypothetical protein
M6090_00401	CDS	246	dnaJ_2			Chaperone protein DnaJ
M6090_00402	CDS	1143	dnaN		COG0592	Beta sliding clamp
M6090_00403	CDS	810			COG1192	putative protein
M6090_00404	CDS	246				putative protein MPN_687
M6090_00405	CDS	1314	dnaA			Chromosomal replication initiator protein DnaA
M6090_00406	CDS	849	btuD_3	7.6.2.8		Vitamin B12 import ATP-binding protein BtuD
M6090_00407	CDS	876				putative ABC transporter permease MG468 
M6090_00408	CDS	261				hypothetical protein
M6090_00409	CDS	204				putative ABC transporter permease MG468 
M6090_00410	CDS	150				hypothetical protein
M6090_00411	CDS	171				putative ABC transporter permease MG468 
M6090_00412	CDS	774				putative ABC transporter permease MG468 
M6090_00413	CDS	1722				putative ABC transporter permease MG468 
M6090_00414	CDS	354				putative ABC transporter permease MG468 
M6090_00415	CDS	396	macB	3.6.3.-		Macrolide export ATP-binding/permease protein MacB
M6090_00416	CDS	147	rpmH		COG0230	50S ribosomal protein L34
M6090_00417	CDS	429	yidC			Membrane protein insertase YidC
M6090_00418	CDS	315				hypothetical protein
M6090_00419	CDS	780	rsmA	2.1.1.182	COG0030	Ribosomal RNA small subunit methyltransferase A
M6090_00420	CDS	498	gltX_1	6.1.1.17		Glutamate--tRNA ligase
M6090_00421	CDS	243	gltX_2	6.1.1.17		Glutamate--tRNA ligase
M6090_00422	CDS	222				hypothetical protein
M6090_00423	CDS	159	gltX_3	6.1.1.17		Glutamate--tRNA ligase
M6090_00424	CDS	759				hypothetical protein
M6090_00425	CDS	270				hypothetical protein
M6090_00426	CDS	939	ldh	1.1.1.27		L-lactate dehydrogenase
M6090_00427	CDS	309				hypothetical protein
M6090_00428	CDS	528	hpt	2.4.2.8		Hypoxanthine-guanine phosphoribosyltransferase
M6090_00429	CDS	159				hypothetical protein
M6090_00430	CDS	159				hypothetical protein
M6090_00431	CDS	1428	ftsH	3.4.24.-	COG0465	ATP-dependent zinc metalloprotease FtsH
M6090_00432	CDS	222				hypothetical protein
M6090_00433	CDS	279				hypothetical protein
M6090_00434	CDS	717				hypothetical protein
M6090_00435	CDS	333				hypothetical protein
M6090_00436	CDS	225	tyrS1	6.1.1.1	COG0162	Tyrosine--tRNA ligase 1
M6090_00437	CDS	351	tyrS	6.1.1.1	COG0162	Tyrosine--tRNA ligase
M6090_00438	CDS	468	ohrB		COG1764	Organic hydroperoxide resistance protein OhrB
M6090_00439	CDS	879	gtaB	2.7.7.9		UTP--glucose-1-phosphate uridylyltransferase
M6090_00440	CDS	378				hypothetical protein
M6090_00441	CDS	150				hypothetical protein
M6090_00442	CDS	1185	tuf			Elongation factor Tu
M6090_00443	CDS	309				hypothetical protein
M6090_00444	CDS	270				hypothetical protein
M6090_00445	CDS	126				hypothetical protein
M6090_00446	CDS	402				hypothetical protein
M6090_00447	CDS	204	msrAB		COG0225	Peptide methionine sulfoxide reductase MsrA/MsrB
M6090_00448	CDS	186	msrB	1.8.4.12		Peptide methionine sulfoxide reductase MsrB
M6090_00449	CDS	429				hypothetical protein
M6090_00450	CDS	930				hypothetical protein
M6090_00451	CDS	138				hypothetical protein
M6090_00452	CDS	156	rpsP		COG0228	30S ribosomal protein S16
M6090_00453	CDS	114				hypothetical protein
M6090_00454	CDS	543	trmD	2.1.1.228		tRNA (guanine-N(1)-)-methyltransferase
M6090_00455	CDS	360	rplS		COG0335	50S ribosomal protein L19
M6090_00456	CDS	498				hypothetical protein
M6090_00457	CDS	393				hypothetical protein
M6090_00458	CDS	813	rbgA		COG1161	Ribosome biogenesis GTPase A
M6090_00459	CDS	195				hypothetical protein
M6090_00460	CDS	573				hypothetical protein
M6090_00461	CDS	210				hypothetical protein
M6090_00462	CDS	354				hypothetical protein
M6090_00463	CDS	552			COG0732	Putative type-1 restriction enzyme specificity protein MG438
M6090_00464	CDS	516			COG0732	Putative type-1 restriction enzyme specificity protein MG438
M6090_00465	CDS	171				hypothetical protein
M6090_00466	CDS	90				hypothetical protein
M6090_00467	CDS	306				hypothetical protein
M6090_00468	CDS	429	frr			Ribosome-recycling factor
M6090_00469	CDS	732	pyrH	2.7.4.22	COG0528	Uridylate kinase
M6090_00470	CDS	393	tsf		COG0264	Elongation factor Ts
M6090_00471	CDS	117	TSFM			Elongation factor Ts, mitochondrial
M6090_00472	CDS	333				hypothetical protein
M6090_00473	CDS	276				hypothetical protein
M6090_00474	CDS	213				hypothetical protein
M6090_00475	CDS	489	tpiA	5.3.1.1		Triosephosphate isomerase
M6090_00476	CDS	1524	gpmI	5.4.2.12		2,3-bisphosphoglycerate-independent phosphoglycerate mutase
M6090_00477	CDS	720	ptsI_1	2.7.3.9		Phosphoenolpyruvate-protein phosphotransferase
M6090_00478	CDS	189				hypothetical protein
M6090_00479	CDS	498	ptsI_2	2.7.3.9		Phosphoenolpyruvate-protein phosphotransferase
M6090_00480	CDS	231	ptsI_3	2.7.3.9	COG1080	Phosphoenolpyruvate-protein phosphotransferase
M6090_00481	CDS	297				hypothetical protein
M6090_00482	CDS	291		1.11.1.-	COG1765	Hydroperoxide reductase
M6090_00483	CDS	195				hypothetical protein
M6090_00484	CDS	948	rhpA	3.6.4.13		DEAD-box ATP-dependent RNA helicase RhpA
M6090_00485	CDS	339	cshA	3.6.4.13	COG0513	DEAD-box ATP-dependent RNA helicase CshA
M6090_00486	CDS	261	rpsO			30S ribosomal protein S15
M6090_00487	CDS	162	rnjB_1	3.1.-.-	COG0595	Ribonuclease J2
M6090_00488	CDS	1446	rnjB_2	3.1.-.-	COG0595	Ribonuclease J2
M6090_00489	CDS	165				hypothetical protein
M6090_00490	CDS	192				hypothetical protein
M6090_00491	CDS	438				hypothetical protein
M6090_00492	CDS	153				hypothetical protein
M6090_00493	CDS	354				hypothetical protein
M6090_00494	CDS	270				hypothetical protein
M6090_00495	CDS	264				hypothetical protein
M6090_00496	CDS	519	uvrA_1			UvrABC system protein A
M6090_00497	CDS	1635	uvrA_2			UvrABC system protein A
M6090_00498	CDS	198	dnaX	2.7.7.7	COG2812	DNA polymerase III subunit tau
M6090_00499	CDS	1107				hypothetical protein
M6090_00500	CDS	117				hypothetical protein
M6090_00501	CDS	231	rplM_1		COG0102	50S ribosomal protein L13
M6090_00502	CDS	186	rplM_2		COG0102	50S ribosomal protein L13
M6090_00503	CDS	399	rpsI		COG0103	30S ribosomal protein S9
M6090_00504	CDS	645				hypothetical protein
M6090_00505	CDS	501				hypothetical protein
M6090_00506	CDS	495				hypothetical protein
M6090_00507	CDS	252				hypothetical protein
M6090_00508	CDS	294				hypothetical protein
M6090_00509	CDS	639				hypothetical protein
M6090_00510	CDS	744				hypothetical protein
M6090_00511	CDS	306				hypothetical protein
M6090_00512	CDS	387				hypothetical protein
M6090_00513	CDS	201				hypothetical protein
M6090_00514	CDS	651				hypothetical protein
M6090_00515	CDS	177				hypothetical protein
M6090_00516	CDS	630				hypothetical protein
M6090_00517	CDS	234				hypothetical protein
M6090_00518	CDS	156	pstB3_1	7.3.2.1	COG1117	Phosphate import ATP-binding protein PstB 3
M6090_00519	CDS	345	pstB3_2	7.3.2.1	COG1117	Phosphate import ATP-binding protein PstB 3
M6090_00520	CDS	678				hypothetical protein
M6090_00521	CDS	744	eno_1	4.2.1.11		Enolase
M6090_00522	CDS	375	eno_2	4.2.1.11	COG0148	Enolase
M6090_00523	CDS	273				hypothetical protein
M6090_00524	CDS	180				hypothetical protein
M6090_00525	CDS	291				hypothetical protein
M6090_00526	CDS	102				hypothetical protein
M6090_00527	CDS	129				hypothetical protein
M6090_00528	CDS	309	atpH			ATP synthase subunit c
M6090_00529	CDS	246	atpF			ATP synthase subunit b
M6090_00530	CDS	531	atpD_1			ATP synthase subunit delta
M6090_00531	CDS	747	atpA_1	7.1.2.2	COG0056	ATP synthase subunit alpha
M6090_00532	CDS	789	atpA_2	7.2.2.1		ATP synthase subunit alpha, sodium ion specific
M6090_00533	CDS	348	atpG_1		COG0224	ATP synthase gamma chain
M6090_00534	CDS	396	atpG_2		COG0224	ATP synthase gamma chain, sodium ion specific
M6090_00535	CDS	1431	atpD_2	7.2.2.1	COG0055	ATP synthase subunit beta, sodium ion specific
M6090_00536	CDS	402	atpC			ATP synthase epsilon chain
M6090_00537	CDS	312				hypothetical protein
M6090_00538	CDS	351				hypothetical protein
M6090_00539	CDS	768				hypothetical protein
M6090_00540	CDS	459	rpiB	5.3.1.6	COG0698	Ribose-5-phosphate isomerase B
M6090_00541	CDS	132				hypothetical protein
M6090_00542	CDS	348				hypothetical protein
M6090_00543	CDS	708				hypothetical protein
M6090_00544	CDS	870	glyA_1	2.1.2.1	COG0112	Serine hydroxymethyltransferase
M6090_00545	CDS	327	glyA_2	2.1.2.1	COG0112	Serine hydroxymethyltransferase
M6090_00546	CDS	333	groS			10 kDa chaperonin
M6090_00547	CDS	1632	groL			60 kDa chaperonin
M6090_00548	CDS	1056	pepA_1	3.4.11.10		cytosol aminopeptidase
M6090_00549	CDS	234	pepA_2	3.4.11.10		cytosol aminopeptidase
M6090_00550	CDS	294				hypothetical protein
M6090_00551	CDS	681				hypothetical protein
M6090_00552	CDS	348				hypothetical protein
M6090_00553	CDS	111				hypothetical protein
M6090_00554	CDS	195				hypothetical protein
M6090_00555	CDS	324	ybeY	3.1.-.-		Endoribonuclease YbeY
M6090_00556	CDS	480	era_1			GTPase Era
M6090_00557	CDS	204	era_2			GTPase Era
M6090_00558	CDS	495				Protein P200
M6090_00559	CDS	168				hypothetical protein
M6090_00560	CDS	2406				hypothetical protein
M6090_00561	CDS	270				hypothetical protein
M6090_00562	CDS	108				hypothetical protein
M6090_00563	CDS	447				hypothetical protein
M6090_00564	CDS	177				hypothetical protein
M6090_00565	CDS	981	obg	3.6.5.-	COG0536	GTPase Obg
M6090_00566	CDS	444	nadE	6.3.1.5	COG0171	NH(3)-dependent NAD(+) synthetase
M6090_00567	CDS	156				hypothetical protein
M6090_00568	CDS	204	udk	2.7.1.48	COG0572	Uridine kinase
M6090_00569	tRNA	76				tRNA-Arg(tct)
M6090_00570	CDS	345				hypothetical protein
M6090_00571	CDS	579	rsmG	2.1.1.170		Ribosomal RNA small subunit methyltransferase G
M6090_00572	CDS	534	mnmG_1			tRNA uridine 5-carboxymethylaminomethyl modification enzyme MnmG
M6090_00573	CDS	1305	mnmG_2			tRNA uridine 5-carboxymethylaminomethyl modification enzyme MnmG
M6090_00574	CDS	180				hypothetical protein
M6090_00575	CDS	453	argS_1	6.1.1.19	COG0018	Arginine--tRNA ligase
M6090_00576	CDS	177				hypothetical protein
M6090_00577	CDS	441	argS_2	6.1.1.19	COG0018	Arginine--tRNA ligase
M6090_00578	CDS	381				putative protein MG377 
M6090_00579	CDS	159				putative protein MG377 
M6090_00580	CDS	150				putative protein MG376 
M6090_00581	CDS	318				hypothetical protein
M6090_00582	CDS	183	thrS_1	6.1.1.3		Threonine--tRNA ligase
M6090_00583	CDS	477	thrS_2	6.1.1.3		Threonine--tRNA ligase
M6090_00584	CDS	585	thrS_3	6.1.1.3		Threonine--tRNA ligase
M6090_00585	CDS	129				hypothetical protein
M6090_00586	CDS	357				hypothetical protein
M6090_00587	CDS	168				hypothetical protein
M6090_00588	CDS	360				hypothetical protein
M6090_00589	CDS	162				hypothetical protein
M6090_00590	CDS	1158	thiI	2.8.1.4	COG0301	putative tRNA sulfurtransferase
M6090_00591	CDS	378	nrnA_2	3.1.-.-	COG0618	Bifunctional oligoribonuclease and PAP phosphatase NrnA
M6090_00592	CDS	99				hypothetical protein
M6090_00593	CDS	255				hypothetical protein
M6090_00594	CDS	120				hypothetical protein
M6090_00595	CDS	594	rluC	5.4.99.24	COG0564	Ribosomal large subunit pseudouridine synthase C
M6090_00596	CDS	270				hypothetical protein
M6090_00597	CDS	513				putative protein
M6090_00598	CDS	1155				putative protein
M6090_00599	CDS	987	plsX	2.3.1.274		Phosphate acyltransferase
M6090_00600	CDS	297	rnc	3.1.26.3		Ribonuclease 3
M6090_00601	CDS	123				hypothetical protein
M6090_00602	CDS	282				hypothetical protein
M6090_00603	CDS	942				hypothetical protein
M6090_00604	CDS	366	fmt	2.1.2.9		Methionyl-tRNA formyltransferase
M6090_00605	CDS	132				hypothetical protein
M6090_00606	CDS	357				hypothetical protein
M6090_00607	CDS	156				hypothetical protein
M6090_00608	CDS	267				hypothetical protein
M6090_00609	CDS	174	rpmF			50S ribosomal protein L32
M6090_00610	CDS	369	rplL			50S ribosomal protein L7/L12
M6090_00611	CDS	489	rplJ			50S ribosomal protein L10
M6090_00612	CDS	564	dinB	2.7.7.7	COG0389	DNA polymerase IV
M6090_00613	CDS	288				hypothetical protein
M6090_00614	CDS	924	ruvB	3.6.4.12	COG2255	Holliday junction ATP-dependent DNA helicase RuvB
M6090_00615	CDS	501	ruvA	3.6.4.12		Holliday junction ATP-dependent DNA helicase RuvA
M6090_00616	CDS	228				hypothetical protein
M6090_00617	CDS	210				hypothetical protein
M6090_00618	CDS	498	ackA_1	2.7.2.1	COG0282	Acetate kinase
M6090_00619	CDS	513	ackA_2	2.7.2.1	COG0282	Acetate kinase
M6090_00620	CDS	360				hypothetical protein
M6090_00621	CDS	639	clpB_1			Chaperone protein ClpB
M6090_00622	CDS	273	clpB_2			Chaperone protein ClpB
M6090_00623	CDS	885	clpB_3		COG0542	Chaperone protein ClpB
M6090_00624	CDS	414				putative protein MG354
M6090_00625	CDS	315				hypothetical protein
M6090_00626	CDS	309	recU	3.1.22.4	COG3331	Holliday junction resolvase RecU
M6090_00627	CDS	219	ppa_1	3.6.1.1	COG0221	Inorganic pyrophosphatase
M6090_00628	CDS	162	ppa_2	3.6.1.1	COG0221	Inorganic pyrophosphatase
M6090_00629	CDS	210				hypothetical protein
M6090_00630	tRNA	81				tRNA-Leu(caa)
M6090_00631	CDS	261				hypothetical protein
M6090_00632	CDS	216				hypothetical protein
M6090_00633	CDS	342				hypothetical protein
M6090_00634	CDS	243				hypothetical protein
M6090_00635	CDS	117				hypothetical protein
M6090_00636	tRNA	88				tRNA-Leu(gag)
M6090_00637	CDS	246				hypothetical protein
M6090_00638	CDS	522				hypothetical protein
M6090_00639	tRNA	76				tRNA-His(gtg)
M6090_00640	CDS	156				hypothetical protein
M6090_00641	CDS	342	trmB	2.1.1.33	COG0220	tRNA (guanine-N(7)-)-methyltransferase
M6090_00642	CDS	114				hypothetical protein
M6090_00643	CDS	168	trmL	2.1.1.207	COG0219	tRNA (cytidine(34)-2'-O)-methyltransferase
M6090_00644	CDS	366	ileS_1	6.1.1.5		Isoleucine--tRNA ligase
M6090_00645	CDS	273	ileS_2	6.1.1.5		Isoleucine--tRNA ligase
M6090_00646	CDS	246	ileS_3	6.1.1.5		Isoleucine--tRNA ligase
M6090_00647	CDS	138				hypothetical protein
M6090_00648	CDS	216				hypothetical protein
M6090_00649	CDS	210				hypothetical protein
M6090_00650	CDS	285				hypothetical protein
M6090_00651	CDS	240				hypothetical protein
M6090_00652	CDS	396				hypothetical protein
M6090_00653	CDS	183				hypothetical protein
M6090_00654	CDS	507				hypothetical protein
M6090_00655	CDS	2697	rpoB_1	2.7.7.6		DNA-directed RNA polymerase subunit beta
M6090_00656	CDS	1077	rpoB_2	2.7.7.6	COG0085	DNA-directed RNA polymerase subunit beta
M6090_00657	CDS	270	rpoB_3	2.7.7.6	COG0085	DNA-directed RNA polymerase subunit beta
M6090_00658	CDS	99				hypothetical protein
M6090_00659	CDS	2046	rpoC_1	2.7.7.6	COG0086	DNA-directed RNA polymerase subunit beta'
M6090_00660	CDS	1524	rpoC_2	2.7.7.6	COG0086	DNA-directed RNA polymerase subunit beta'
M6090_00661	CDS	189	mgpA_8			Adhesin P1
M6090_00662	CDS	108				hypothetical protein
M6090_00663	CDS	399	mgpA_9			Adhesin P1
M6090_00664	CDS	354				hypothetical protein
M6090_00665	tRNA	75				tRNA-SeC(tca)
M6090_00666	CDS	513				hypothetical protein
M6090_00667	CDS	159				hypothetical protein
M6090_00668	CDS	210				hypothetical protein
M6090_00669	CDS	138				hypothetical protein
M6090_00670	CDS	234				hypothetical protein
M6090_00671	CDS	141				hypothetical protein
M6090_00672	CDS	822	proS	6.1.1.15	COG0442	Proline--tRNA ligase
M6090_00673	CDS	327				hypothetical protein
M6090_00674	CDS	135				hypothetical protein
M6090_00675	CDS	486	greA		COG0782	Transcription elongation factor GreA
M6090_00676	tRNA	87				tRNA-Tyr(gta)
M6090_00677	tRNA	75				tRNA-Gln(ttg)
M6090_00678	tRNA	75				tRNA-Lys(ttt)
M6090_00679	tRNA	86				tRNA-Leu(taa)
M6090_00680	tRNA	74				tRNA-Gly(tcc)
M6090_00681	CDS	657				putative protein MG281
M6090_00682	CDS	831				putative protein MG281
M6090_00683	CDS	798				hypothetical protein
M6090_00684	CDS	657				hypothetical protein
M6090_00685	CDS	195				hypothetical protein
M6090_00686	CDS	144				hypothetical protein
M6090_00687	CDS	258				hypothetical protein
M6090_00688	CDS	1389				hypothetical protein
M6090_00689	CDS	309				hypothetical protein
M6090_00690	CDS	456				hypothetical protein
M6090_00691	CDS	435				hypothetical protein
M6090_00692	CDS	687				hypothetical protein
M6090_00693	CDS	543	apt	2.4.2.7	COG0503	Adenine phosphoribosyltransferase
M6090_00694	CDS	345	nox	1.6.99.3	COG0446	NADH oxidase
M6090_00695	CDS	1083		1.6.99.3		putative NADH oxidase
M6090_00696	CDS	171	pdhA_1	1.2.4.1		Pyruvate dehydrogenase E1 component subunit alpha
M6090_00697	CDS	153	pdhA_2	1.2.4.1		Pyruvate dehydrogenase E1 component subunit alpha
M6090_00698	CDS	111	pdhA_3	1.2.4.1		Pyruvate dehydrogenase E1 component subunit alpha
M6090_00699	CDS	372	pdhA_4	1.2.4.1		Pyruvate dehydrogenase E1 component subunit alpha
M6090_00700	CDS	732	pdhB_1	1.2.4.1		Pyruvate dehydrogenase E1 component subunit beta
M6090_00701	CDS	225	pdhB_2	1.2.4.1		Pyruvate dehydrogenase E1 component subunit beta
M6090_00702	CDS	1155	pdhC	2.3.1.12		Dihydrolipoyllysine-residue acetyltransferase component of pyruvate dehydrogenase complex
M6090_00703	CDS	237	pdhD_1	1.8.1.4		Dihydrolipoyl dehydrogenase
M6090_00704	CDS	1014	pdhD_2	1.8.1.4		Dihydrolipoyl dehydrogenase
M6090_00705	CDS	522	lplA	6.3.1.20	COG0095	Lipoate-protein ligase A
M6090_00706	CDS	111				hypothetical protein
M6090_00707	CDS	387				hypothetical protein
M6090_00708	CDS	1023				hypothetical protein
M6090_00709	CDS	378				hypothetical protein
M6090_00710	CDS	201				hypothetical protein
M6090_00711	CDS	123				hypothetical protein
M6090_00712	CDS	186	leuS_1	6.1.1.4		Leucine--tRNA ligase
M6090_00713	CDS	489	leuS_2	6.1.1.4	COG0495	Leucine--tRNA ligase
M6090_00714	CDS	204	leuS_3	6.1.1.4		Leucine--tRNA ligase
M6090_00715	CDS	522	leuS_4	6.1.1.4		Leucine--tRNA ligase
M6090_00716	CDS	837	yitU	3.1.3.104	COG0561	5-amino-6-(5-phospho-D-ribitylamino)uracil phosphatase YitU
M6090_00717	CDS	219				hypothetical protein
M6090_00718	CDS	279	coaE	2.7.1.24	COG0237	Dephospho-CoA kinase
M6090_00719	CDS	198				hypothetical protein
M6090_00720	CDS	147				hypothetical protein
M6090_00721	CDS	855	mutM	3.2.2.23	COG0266	Formamidopyrimidine-DNA glycosylase
M6090_00722	CDS	756	polA	2.7.7.7		DNA polymerase I
M6090_00723	CDS	174				hypothetical protein
M6090_00724	CDS	444	dnaE	2.7.7.7	COG0587	DNA polymerase III subunit alpha
M6090_00725	CDS	1113	dnaE2_1	2.7.7.7		Error-prone DNA polymerase
M6090_00726	CDS	363	dnaE2_2	2.7.7.7		Error-prone DNA polymerase
M6090_00727	CDS	231				putative protein MPN_377
M6090_00728	tRNA	77				tRNA-Arg(tcg)
M6090_00729	CDS	273				hypothetical protein
M6090_00730	CDS	165				hypothetical protein
M6090_00731	CDS	177				hypothetical protein
M6090_00732	CDS	144				hypothetical protein
M6090_00733	CDS	243				hypothetical protein
M6090_00734	CDS	132				hypothetical protein
M6090_00735	CDS	351				hypothetical protein
M6090_00736	CDS	1146				hypothetical protein
M6090_00737	CDS	636				hypothetical protein
M6090_00738	CDS	432				hypothetical protein
M6090_00739	CDS	276	prmC	2.1.1.297		Release factor glutamine methyltransferase
M6090_00740	CDS	126				hypothetical protein
M6090_00741	CDS	606	prfA_1		COG0216	Peptide chain release factor 1
M6090_00742	CDS	441	prfA_2			Peptide chain release factor 1
M6090_00743	CDS	294				hypothetical protein
M6090_00744	CDS	141				hypothetical protein
M6090_00745	CDS	180				hypothetical protein
M6090_00746	tRNA	74				tRNA-Trp(cca)
M6090_00747	tRNA	75				tRNA-Arg(cct)
M6090_00748	CDS	741				hypothetical protein
M6090_00749	CDS	303				hypothetical protein
M6090_00750	tRNA	74				tRNA-Gly(gcc)
M6090_00751	CDS	714	ligA_1	6.5.1.2	COG0272	DNA ligase
M6090_00752	CDS	1197	ligA_2	6.5.1.2	COG0272	DNA ligase
M6090_00753	CDS	540	cysS_1	6.1.1.16	COG0215	Cysteine--tRNA ligase
M6090_00754	CDS	261	cysS_2	6.1.1.16	COG0215	Cysteine--tRNA ligase
M6090_00755	CDS	168				hypothetical protein
M6090_00756	CDS	306		2.1.1.-		Putative TrmH family tRNA/rRNA methyltransferase
M6090_00757	CDS	228	glyQS_1	6.1.1.14	COG0423	Glycine--tRNA ligase
M6090_00758	CDS	438	glyQS_2	6.1.1.14	COG0423	Glycine--tRNA ligase
M6090_00759	CDS	309	glyQS_3	6.1.1.14		Glycine--tRNA ligase
M6090_00760	CDS	174	glyQS_4	6.1.1.14		Glycine--tRNA ligase
M6090_00761	CDS	243	dnaG_1	2.7.7.-	COG0358	DNA primase
M6090_00762	CDS	630	dnaG_2	2.7.7.-	COG0358	DNA primase
M6090_00763	CDS	201				hypothetical protein
M6090_00764	CDS	126				hypothetical protein
M6090_00765	CDS	135				hypothetical protein
M6090_00766	CDS	366				hypothetical protein
M6090_00767	CDS	405	rpoD			RNA polymerase sigma factor RpoD
M6090_00768	CDS	516	sigA		COG0568	RNA polymerase sigma factor SigA
M6090_00769	CDS	657				hypothetical protein
M6090_00770	CDS	237	plsY	2.3.1.275		Glycerol-3-phosphate acyltransferase
M6090_00771	CDS	186				hypothetical protein
M6090_00772	CDS	645		3.1.-.-		Putative phosphatase/phosphodiesterase MPN_349
M6090_00773	CDS	156		3.1.-.-		Putative phosphatase/phosphodiesterase MPN_349
M6090_00774	CDS	498		6.3.3.2		5-formyltetrahydrofolate cyclo-ligase
M6090_00775	CDS	558	pcrA_1	3.6.4.12		ATP-dependent DNA helicase PcrA
M6090_00776	CDS	360				hypothetical protein
M6090_00777	CDS	765	pcrA_2	3.6.4.12		ATP-dependent DNA helicase PcrA
M6090_00778	CDS	372				hypothetical protein
M6090_00779	CDS	294				hypothetical protein
M6090_00780	CDS	165				hypothetical protein
M6090_00781	CDS	117				hypothetical protein
M6090_00782	CDS	219				hypothetical protein
M6090_00783	CDS	681				hypothetical protein
M6090_00784	CDS	489				hypothetical protein
M6090_00785	CDS	486				hypothetical protein
M6090_00786	CDS	105				hypothetical protein
M6090_00787	CDS	459				hypothetical protein
M6090_00788	CDS	345	nadD	2.7.7.18	COG1057	putative nicotinate-nucleotide adenylyltransferase
M6090_00789	CDS	402				hypothetical protein
M6090_00790	CDS	219				hypothetical protein
M6090_00791	CDS	1266	lon1_1	3.4.21.53	COG0466	Lon protease 1
M6090_00792	CDS	978	lon1_2	3.4.21.53	COG0466	Lon protease 1
M6090_00793	CDS	1224	tig	5.2.1.8	COG0544	Trigger factor
M6090_00794	CDS	885				putative protein MG237 
M6090_00795	CDS	423				hypothetical protein
M6090_00796	CDS	846	nfo	3.1.21.2	COG0648	putative endonuclease 4
M6090_00797	CDS	315	rpmA		COG0211	50S ribosomal protein L27
M6090_00798	CDS	300				hypothetical protein
M6090_00799	CDS	303	rplU		COG0261	50S ribosomal protein L21
M6090_00800	CDS	459	nrdE	1.17.4.1	COG0209	Ribonucleoside-diphosphate reductase subunit alpha
M6090_00801	CDS	1629	nrdE2	1.17.4.1	COG0209	Ribonucleoside-diphosphate reductase subunit alpha 2
M6090_00802	CDS	462	nrdI		COG1780	Protein NrdI
M6090_00803	CDS	672	nrdF	1.17.4.1	COG0208	Ribonucleoside-diphosphate reductase 2 subunit beta
M6090_00804	CDS	132				hypothetical protein
M6090_00805	CDS	192				hypothetical protein
M6090_00806	CDS	231	dhfR	1.5.1.3	COG0262	Dihydrofolate reductase
M6090_00807	CDS	372	thyA	2.1.1.45	COG0207	Thymidylate synthase
M6090_00808	CDS	183	thyA2	2.1.1.45	COG0207	Thymidylate synthase 2
M6090_00809	CDS	93				hypothetical protein
M6090_00810	CDS	135				hypothetical protein
M6090_00811	CDS	1278				hypothetical protein
M6090_00812	CDS	966				hypothetical protein
M6090_00813	CDS	174				hypothetical protein
M6090_00814	CDS	288				hypothetical protein
M6090_00815	CDS	171				hypothetical protein
M6090_00816	CDS	891	ftsZ			Cell division protein FtsZ
M6090_00817	CDS	1236				hypothetical protein
M6090_00818	CDS	930	rsmH	2.1.1.199	COG0275	Ribosomal RNA small subunit methyltransferase H
M6090_00819	CDS	465	mraZ			Transcriptional regulator MraZ
M6090_00820	tRNA	77				tRNA-Arg(gcg)
M6090_00821	CDS	204				hypothetical protein
M6090_00822	CDS	447				hypothetical protein
M6090_00823	CDS	312				putative protein MG218.1
M6090_00824	CDS	696				putative protein MG218.1
M6090_00825	CDS	477	hmw2_1			Cytadherence high molecular weight protein 2
M6090_00826	CDS	942	hmw2_2			Cytadherence high molecular weight protein 2
M6090_00827	CDS	3153	hmw2_3			Cytadherence high molecular weight protein 2
M6090_00828	CDS	93				hypothetical protein
M6090_00829	CDS	1002				hypothetical protein
M6090_00830	tRNA	76				tRNA-Phe(gaa)
M6090_00831	tRNA	74				tRNA-Asp(gtc)
M6090_00832	tRNA	77				tRNA-Met(cat)
M6090_00833	tRNA	92				tRNA-Ser(tga)
M6090_00834	tRNA	77				tRNA-Met(cat)
M6090_00835	tRNA	77				tRNA-Met(cat)
M6090_00836	tRNA	77				tRNA-Pro(tgg)
M6090_00837	tRNA	77				tRNA-Cys(gca)
M6090_00838	CDS	294	pyk_1	2.7.1.40		Pyruvate kinase
M6090_00839	CDS	864	pyk_2	2.7.1.40		Pyruvate kinase
M6090_00840	CDS	468	pfkA_1	2.7.1.11		ATP-dependent 6-phosphofructokinase
M6090_00841	CDS	420	pfkA_2	2.7.1.11	COG0205	ATP-dependent 6-phosphofructokinase isozyme 1
M6090_00842	CDS	624	scpB		COG1386	Segregation and condensation protein B
M6090_00843	CDS	885	scpA			Segregation and condensation protein A
M6090_00844	CDS	189				hypothetical protein
M6090_00845	CDS	588				hypothetical protein
M6090_00846	CDS	195				hypothetical protein
M6090_00847	CDS	117				hypothetical protein
M6090_00848	CDS	399				hypothetical protein
M6090_00849	CDS	189				hypothetical protein
M6090_00850	CDS	246				hypothetical protein
M6090_00851	CDS	339	lspA	3.4.23.36		Lipoprotein signal peptidase
M6090_00852	CDS	927	rluD	5.4.99.23	COG0564	Ribosomal large subunit pseudouridine synthase D
M6090_00853	CDS	591				hypothetical protein
M6090_00854	CDS	345		3.1.4.-		Putative metallophosphoesterase MG207 
M6090_00855	CDS	159		3.1.4.-		Putative metallophosphoesterase MG207 
M6090_00856	CDS	1461	uvrC		COG0322	UvrABC system protein C
M6090_00857	CDS	795	hrcA_1		COG1420	Heat-inducible transcription repressor HrcA
M6090_00858	CDS	231	hrcA_2			Heat-inducible transcription repressor HrcA
M6090_00859	CDS	2013	parC	5.6.2.2	COG0188	DNA topoisomerase 4 subunit A
M6090_00860	CDS	288	gyrA_2	5.6.2.2	COG0188	Type 2 topoisomerase subunit A
M6090_00861	CDS	147	parE_1	5.6.2.2	COG0187	DNA topoisomerase 4 subunit B
M6090_00862	CDS	1746	parE_2	5.6.2.2	COG0187	DNA topoisomerase 4 subunit B
M6090_00863	tRNA	74				tRNA-Thr(ggt)
M6090_00864	CDS	369				hypothetical protein
M6090_00865	CDS	201	grpE_1			Protein GrpE
M6090_00866	CDS	453	grpE_2			Protein GrpE
M6090_00867	CDS	966				DnaJ-like protein MG200
M6090_00868	CDS	567				DnaJ-like protein MG200
M6090_00869	CDS	708	rnhC	3.1.26.4	COG1039	Ribonuclease HIII
M6090_00870	CDS	375	rplT			50S ribosomal protein L20
M6090_00871	CDS	180	rpmI			50S ribosomal protein L35
M6090_00872	CDS	546	infC			Translation initiation factor IF-3
M6090_00873	CDS	150				hypothetical protein
M6090_00874	CDS	402				hypothetical protein
M6090_00875	CDS	384				hypothetical protein
M6090_00876	CDS	645	pheT_1	6.1.1.20		Phenylalanine--tRNA ligase beta subunit
M6090_00877	CDS	228				hypothetical protein
M6090_00878	CDS	474	pheT_2	6.1.1.20		Phenylalanine--tRNA ligase beta subunit
M6090_00879	CDS	153	pheS_1	6.1.1.20		Phenylalanine--tRNA ligase alpha subunit
M6090_00880	CDS	561	pheS_2	6.1.1.20		Phenylalanine--tRNA ligase alpha subunit
M6090_00881	CDS	183				hypothetical protein
M6090_00882	CDS	177				hypothetical protein
M6090_00883	CDS	381				hypothetical protein
M6090_00884	CDS	294				hypothetical protein
M6090_00885	CDS	357				hypothetical protein
M6090_00886	CDS	1245				Mgp-operon protein 3
M6090_00887	CDS	249				Mgp-operon protein 3
M6090_00888	CDS	135				hypothetical protein
M6090_00889	CDS	264				hypothetical protein
M6090_00890	CDS	144				hypothetical protein
M6090_00891	CDS	273				hypothetical protein
M6090_00892	CDS	384				hypothetical protein
M6090_00893	CDS	453				High affinity transport system protein p37
M6090_00894	CDS	213				High affinity transport system protein p37
M6090_00895	CDS	192				High affinity transport system protein p37
M6090_00896	CDS	333	fetA	3.6.3.-	COG4619	putative iron export ATP-binding protein FetA
M6090_00897	CDS	183				hypothetical protein
M6090_00898	CDS	198				hypothetical protein
M6090_00899	CDS	159				hypothetical protein
M6090_00900	CDS	495				hypothetical protein
M6090_00901	CDS	258				hypothetical protein
M6090_00902	CDS	417	yrrK	3.1.-.-	COG0816	Putative pre-16S rRNA nuclease
M6090_00903	CDS	504				hypothetical protein
M6090_00904	CDS	288	alaS_1	6.1.1.7	COG0013	Alanine--tRNA ligase
M6090_00905	CDS	399				hypothetical protein
M6090_00906	CDS	435	alaS_2	6.1.1.7	COG0013	Alanine--tRNA ligase
M6090_00907	CDS	183	alaS_3	6.1.1.7	COG0013	Alanine--tRNA ligase
M6090_00908	CDS	279	glpQ1	3.1.4.46	COG0584	putative glycerophosphodiester phosphodiesterase 1
M6090_00909	CDS	183				hypothetical protein
M6090_00910	CDS	432				hypothetical protein
M6090_00911	CDS	219				hypothetical protein
M6090_00912	CDS	309				hypothetical protein
M6090_00913	CDS	237	mnmA_1	2.8.1.13		tRNA-specific 2-thiouridylase MnmA
M6090_00914	CDS	306	mnmA_2	2.8.1.13		tRNA-specific 2-thiouridylase MnmA
M6090_00915	CDS	273	mnmA_3	2.8.1.13	COG0482	tRNA-specific 2-thiouridylase MnmA
M6090_00916	CDS	390				putative protein MG296 
M6090_00917	CDS	333	ftsY_1		COG0552	Signal recognition particle receptor FtsY
M6090_00918	CDS	558	ftsY_2		COG0552	Signal recognition particle receptor FtsY
M6090_00919	CDS	837	smc_1		COG1196	Chromosome partition protein Smc
M6090_00920	CDS	1335	smc_2			Chromosome partition protein Smc
M6090_00921	CDS	339				hypothetical protein
M6090_00922	CDS	450	smc_3		COG1196	Chromosome partition protein Smc
M6090_00923	CDS	654				hypothetical protein
M6090_00924	CDS	111	pgk_1	2.7.2.3		Phosphoglycerate kinase
M6090_00925	CDS	993	pgk_2	2.7.2.3	COG0126	Phosphoglycerate kinase
M6090_00926	CDS	1014	gapA	1.2.1.12		Glyceraldehyde-3-phosphate dehydrogenase
M6090_00927	CDS	333	ykoC			Putative HMP/thiamine permease protein YkoC
M6090_00928	CDS	144				hypothetical protein
M6090_00929	CDS	1074	btuD_4	7.6.2.8		Vitamin B12 import ATP-binding protein BtuD
M6090_00930	CDS	813	ecfA1_2	7.-.-.-	COG1122	Energy-coupling factor transporter ATP-binding protein EcfA1
M6090_00931	CDS	1728	dnaK		COG0443	Chaperone protein DnaK
M6090_00932	CDS	264				hypothetical protein
M6090_00933	CDS	273				hypothetical protein
M6090_00934	CDS	1059				hypothetical protein
M6090_00935	CDS	708				hypothetical protein
M6090_00936	CDS	432				hypothetical protein
M6090_00937	CDS	225				hypothetical protein
M6090_00938	CDS	420				hypothetical protein
M6090_00939	CDS	168				hypothetical protein
M6090_00940	CDS	417	cshB	3.6.4.13	COG0513	DEAD-box ATP-dependent RNA helicase CshB
M6090_00941	CDS	810				hypothetical protein
M6090_00942	CDS	132				hypothetical protein
M6090_00943	CDS	1326				hypothetical protein
M6090_00944	CDS	363				hypothetical protein
M6090_00945	CDS	216				hypothetical protein
M6090_00946	CDS	414				hypothetical protein
M6090_00947	CDS	597	rpsD			30S ribosomal protein S4
M6090_00948	CDS	2136				hypothetical protein
M6090_00949	CDS	396				hypothetical protein
M6090_00950	CDS	342	hmw1			Cytadherence high molecular weight protein 1
M6090_00951	CDS	714				hypothetical protein
M6090_00952	CDS	114				hypothetical protein
M6090_00953	CDS	189				hypothetical protein
M6090_00954	CDS	435				hypothetical protein
M6090_00955	CDS	594				hypothetical protein
M6090_00956	CDS	465				hypothetical protein
M6090_00957	CDS	330				hypothetical protein
M6090_00958	CDS	372				hypothetical protein
M6090_00959	CDS	471				hypothetical protein
M6090_00960	CDS	1143				hypothetical protein
M6090_00961	CDS	345				hypothetical protein
M6090_00962	CDS	210				hypothetical protein
M6090_00963	CDS	204				hypothetical protein
M6090_00964	CDS	537				hypothetical protein
M6090_00965	CDS	252				hypothetical protein
M6090_00966	CDS	453				hypothetical protein
M6090_00967	tRNA	91				tRNA-Ser(gga)
M6090_00968	tRNA	89				tRNA-Ser(cga)
M6090_00969	CDS	405				putative lipoprotein MG321 
M6090_00970	CDS	1023				putative lipoprotein MG321 
M6090_00971	tRNA	85				tRNA-Leu(tag)
M6090_00972	tRNA	76				tRNA-Lys(ctt)
M6090_00973	tRNA	76				tRNA-Thr(tgt)
M6090_00974	tRNA	76				tRNA-Val(tac)
M6090_00975	tRNA	75				tRNA-Thr(cgt)
M6090_00976	tRNA	77				tRNA-Glu(ttc)
M6090_00977	tRNA	75				tRNA-Asn(gtt)
M6090_00978	CDS	1311	ktrB		COG0168	Ktr system potassium uptake protein B
M6090_00979	CDS	684	ktrA		COG0569	Ktr system potassium uptake protein A
M6090_00980	tmRNA	388	ssrA			transfer-messenger RNA, SsrA
M6090_00981	CDS	159				hypothetical protein
M6090_00982	CDS	270				hypothetical protein
M6090_00983	CDS	648	ypdF	3.4.11.-	COG0006	Aminopeptidase YpdF
M6090_00984	CDS	168				hypothetical protein
M6090_00985	CDS	102				hypothetical protein
M6090_00986	CDS	162	rpmGA			50S ribosomal protein L33 1
M6090_00987	CDS	495				hypothetical protein
M6090_00988	CDS	393				hypothetical protein
M6090_00989	CDS	807	menH	4.2.99.20		2-succinyl-6-hydroxy-2,4-cyclohexadiene-1-carboxylate synthase
M6090_00990	CDS	471				hypothetical protein
M6090_00991	CDS	1386				hypothetical protein
M6090_00992	CDS	1347	der		COG1160	GTPase Der
M6090_00993	CDS	447	cmk	2.7.4.25	COG0283	Cytidylate kinase
M6090_00994	CDS	210				hypothetical protein
M6090_00995	CDS	198				hypothetical protein
M6090_00996	CDS	102				hypothetical protein
M6090_00997	CDS	720			COG0217	putative transcriptional regulatory protein
M6090_00998	CDS	138				hypothetical protein
M6090_00999	CDS	165	azoR	1.7.1.17		FMN-dependent NADH-azoreductase
M6090_01000	CDS	123				hypothetical protein
M6090_01001	CDS	234	valS_1	6.1.1.9		Valine--tRNA ligase
M6090_01002	CDS	162	valS_2	6.1.1.9		Valine--tRNA ligase
M6090_01003	CDS	189	valS_3	6.1.1.9	COG0525	Valine--tRNA ligase
M6090_01004	CDS	576	engB			GTP-binding protein EngB
M6090_01005	CDS	222				hypothetical protein
M6090_01006	CDS	513		2.4.1.-	COG0463	Processive diacylglycerol beta-glycosyltransferase
M6090_01007	CDS	207		2.4.1.-	COG0463	Processive diacylglycerol beta-glycosyltransferase
M6090_01008	CDS	384	csdA	2.8.1.7	COG0520	Cysteine desulfurase CsdA
M6090_01009	CDS	456	sufS	4.4.1.16		Cysteine desulfurase
M6090_01010	CDS	417				hypothetical protein
M6090_01011	CDS	177				hypothetical protein
M6090_01012	CDS	357				hypothetical protein
M6090_01013	CDS	258				hypothetical protein
M6090_01014	CDS	159				hypothetical protein
M6090_01015	CDS	198				hypothetical protein
M6090_01016	CDS	519				hypothetical protein
M6090_01017	CDS	306				hypothetical protein
M6090_01018	CDS	141				hypothetical protein
M6090_01019	CDS	165				hypothetical protein
M6090_01020	CDS	144				hypothetical protein
M6090_01021	CDS	204				hypothetical protein
M6090_01022	CDS	1023	recA			Protein RecA
M6090_01023	CDS	177				hypothetical protein
M6090_01024	CDS	102				hypothetical protein
M6090_01025	CDS	171				hypothetical protein
