locus_tag	ftype	length_bp	gene	EC_number	COG	product
M6286_00001	CDS	1185				hypothetical protein
M6286_00002	CDS	165				hypothetical protein
M6286_00003	CDS	627				hypothetical protein
M6286_00004	CDS	195				hypothetical protein
M6286_00005	CDS	750				hypothetical protein
M6286_00006	CDS	645	pepF1	3.4.24.-		Oligoendopeptidase F, plasmid
M6286_00007	CDS	357				hypothetical protein
M6286_00008	CDS	645				hypothetical protein
M6286_00009	CDS	645	truA	5.4.99.12	COG0101	tRNA pseudouridine synthase A
M6286_00010	CDS	417	ecfT_1			Energy-coupling factor transporter transmembrane protein EcfT
M6286_00011	CDS	462				hypothetical protein
M6286_00012	CDS	336	ecfT_2			Energy-coupling factor transporter transmembrane protein EcfT
M6286_00013	CDS	915	ecfA2	3.6.3.-		Energy-coupling factor transporter ATP-binding protein EcfA2
M6286_00014	CDS	813	ecfA1_1	7.-.-.-	COG1122	Energy-coupling factor transporter ATP-binding protein EcfA1
M6286_00015	CDS	327	rplQ		COG0203	50S ribosomal protein L17
M6286_00016	CDS	582	rpoA_1	2.7.7.6	COG0202	DNA-directed RNA polymerase subunit alpha
M6286_00017	CDS	330	rpoA_2	2.7.7.6		DNA-directed RNA polymerase subunit alpha
M6286_00018	CDS	180	rpsK		COG0100	30S ribosomal protein S11
M6286_00019	CDS	258	rpsM			30S ribosomal protein S13
M6286_00020	CDS	213	infA			Translation initiation factor IF-1
M6286_00021	CDS	747	map	3.4.11.18	COG0024	Methionine aminopeptidase 1
M6286_00022	CDS	645	adk	2.7.4.3		Adenylate kinase
M6286_00023	CDS	1428	secY			Protein translocase subunit SecY
M6286_00024	CDS	453	rplO			50S ribosomal protein L15
M6286_00025	CDS	636				hypothetical protein
M6286_00026	CDS	390	rplR		COG0256	50S ribosomal protein L18
M6286_00027	CDS	462	rplF		COG0097	50S ribosomal protein L6
M6286_00028	CDS	426	rpsH		COG0096	30S ribosomal protein S8
M6286_00029	CDS	183	rpsN1		COG0199	30S ribosomal protein S14
M6286_00030	CDS	291	rplE			50S ribosomal protein L5
M6286_00031	CDS	327	rplX		COG0198	50S ribosomal protein L24
M6286_00032	CDS	369	rplN			50S ribosomal protein L14
M6286_00033	CDS	225	rpsQ			30S ribosomal protein S17
M6286_00034	CDS	195				hypothetical protein
M6286_00035	CDS	174	rplP_1		COG0197	50S ribosomal protein L16
M6286_00036	CDS	195	rplP_2			50S ribosomal protein L16
M6286_00037	CDS	651				hypothetical protein
M6286_00038	CDS	435				hypothetical protein
M6286_00039	CDS	264	rpsS			30S ribosomal protein S19
M6286_00040	CDS	858	rplB			50S ribosomal protein L2
M6286_00041	CDS	321	rplW			50S ribosomal protein L23
M6286_00042	CDS	636	rplD		COG0088	50S ribosomal protein L4
M6286_00043	CDS	378				hypothetical protein
M6286_00044	CDS	378	rplC		COG0087	50S ribosomal protein L3
M6286_00045	CDS	321	rpsJ			30S ribosomal protein S10
M6286_00046	CDS	156				hypothetical protein
M6286_00047	CDS	93				hypothetical protein
M6286_00048	CDS	720				hypothetical protein
M6286_00049	CDS	465				hypothetical protein
M6286_00050	CDS	255				hypothetical protein
M6286_00051	CDS	153				hypothetical protein
M6286_00052	CDS	252				hypothetical protein
M6286_00053	CDS	654				hypothetical protein
M6286_00054	CDS	177				hypothetical protein
M6286_00055	CDS	396				hypothetical protein
M6286_00056	CDS	201				hypothetical protein
M6286_00057	CDS	126				hypothetical protein
M6286_00058	CDS	810	ribF		COG0196	Bifunctional riboflavin kinase/FMN adenylyltransferase
M6286_00059	CDS	159				hypothetical protein
M6286_00060	CDS	108				hypothetical protein
M6286_00061	CDS	426				hypothetical protein
M6286_00062	CDS	339	rbfA			Ribosome-binding factor A
M6286_00063	CDS	216				hypothetical protein
M6286_00064	CDS	1599	infB			Translation initiation factor IF-2
M6286_00065	CDS	273				hypothetical protein
M6286_00066	CDS	399	nusA_1			Transcription termination/antitermination protein NusA
M6286_00067	CDS	390	nusA_2			Transcription termination/antitermination protein NusA
M6286_00068	CDS	609	nusA_3			Transcription termination/antitermination protein NusA
M6286_00069	CDS	579				hypothetical protein
M6286_00070	CDS	135				hypothetical protein
M6286_00071	CDS	693				hypothetical protein
M6286_00072	CDS	321				hypothetical protein
M6286_00073	CDS	852				hypothetical protein
M6286_00074	CDS	291				hypothetical protein
M6286_00075	CDS	387				hypothetical protein
M6286_00076	rRNA	74				5S ribosomal RNA (partial)
M6286_00077	rRNA	2907				23S ribosomal RNA
M6286_00078	rRNA	1514				16S ribosomal RNA
M6286_00079	CDS	225				Mgp-operon protein 3
M6286_00080	CDS	174				hypothetical protein
M6286_00081	CDS	336	mgpA_1			Adhesin P1
M6286_00082	CDS	189				hypothetical protein
M6286_00083	CDS	354				hypothetical protein
M6286_00084	CDS	1659	rnjA	3.1.-.-	COG0595	Ribonuclease J1
M6286_00085	CDS	1797	lepA	3.6.5.-		Elongation factor 4
M6286_00086	CDS	189				hypothetical protein
M6286_00087	CDS	840	fcf2	5.4.99.59		dTDP-fucopyranose mutase
M6286_00088	CDS	534	lysS_1	6.1.1.6		Lysine--tRNA ligase
M6286_00089	CDS	399	lysS_2	6.1.1.6	COG1190	Lysine--tRNA ligase
M6286_00090	CDS	429	lysS_3	6.1.1.6	COG1190	Lysine--tRNA ligase
M6286_00091	CDS	246				hypothetical protein
M6286_00092	CDS	351				hypothetical protein
M6286_00093	CDS	192				hypothetical protein
M6286_00094	CDS	303	ybaB			Nucleoid-associated protein YbaB
M6286_00095	CDS	117				hypothetical protein
M6286_00096	CDS	426	hit		COG0537	Protein hit
M6286_00097	CDS	282				hypothetical protein
M6286_00098	CDS	288				hypothetical protein
M6286_00099	CDS	111				hypothetical protein
M6286_00100	CDS	1293	rny_1	3.1.-.-		Ribonuclease Y
M6286_00101	CDS	336				hypothetical protein
M6286_00102	CDS	780	nadK	2.7.1.23		NAD kinase
M6286_00103	CDS	438	spxA			Regulatory protein Spx
M6286_00104	CDS	1044	trpS	6.1.1.2		Tryptophan--tRNA ligase
M6286_00105	CDS	156				hypothetical protein
M6286_00106	CDS	690				hypothetical protein
M6286_00107	CDS	303				hypothetical protein
M6286_00108	CDS	993	rny_2	3.1.-.-		Ribonuclease Y
M6286_00109	CDS	312	topA_1	5.6.2.1		DNA topoisomerase 1
M6286_00110	CDS	1440	topA_2	5.6.2.1		DNA topoisomerase 1
M6286_00111	CDS	162	topA_3	5.6.2.1		DNA topoisomerase 1
M6286_00112	CDS	423				hypothetical protein
M6286_00113	CDS	198				hypothetical protein
M6286_00114	CDS	183				hypothetical protein
M6286_00115	CDS	429				hypothetical protein
M6286_00116	CDS	135				hypothetical protein
M6286_00117	CDS	441				hypothetical protein
M6286_00118	CDS	381				hypothetical protein
M6286_00119	CDS	1143	btuD_1	7.6.2.8		Vitamin B12 import ATP-binding protein BtuD
M6286_00120	CDS	237				hypothetical protein
M6286_00121	CDS	741	galE	5.1.3.2	COG1087	UDP-glucose 4-epimerase
M6286_00122	CDS	354				hypothetical protein
M6286_00123	CDS	204				hypothetical protein
M6286_00124	CDS	126				hypothetical protein
M6286_00125	CDS	534				hypothetical protein
M6286_00126	CDS	474				Protein MG115 
M6286_00127	CDS	147				hypothetical protein
M6286_00128	CDS	303				hypothetical protein
M6286_00129	CDS	135	asnS_1	6.1.1.22	COG0017	Asparagine--tRNA ligase
M6286_00130	CDS	936	asnS_2	6.1.1.22	COG0017	Asparagine--tRNA ligase
M6286_00131	CDS	234				hypothetical protein
M6286_00132	CDS	630	rpe	5.1.3.1	COG0036	Ribulose-phosphate 3-epimerase
M6286_00133	CDS	375	pgi_1	5.3.1.9	COG0166	Glucose-6-phosphate isomerase
M6286_00134	CDS	756	pgi_2	5.3.1.9	COG0166	Glucose-6-phosphate isomerase
M6286_00135	CDS	528	rsgA_1	3.6.1.-	COG1162	Small ribosomal subunit biogenesis GTPase RsgA
M6286_00136	CDS	141	rsgA_2	3.6.1.-		Small ribosomal subunit biogenesis GTPase RsgA
M6286_00137	CDS	96				hypothetical protein
M6286_00138	CDS	924	prkC	2.7.11.1		Serine/threonine-protein kinase PrkC
M6286_00139	CDS	315				hypothetical protein
M6286_00140	CDS	216				hypothetical protein
M6286_00141	CDS	570	gmk	2.7.4.8	COG0194	Guanylate kinase
M6286_00142	CDS	213				hypothetical protein
M6286_00143	CDS	252	cdaS	2.7.7.85		Diadenylate cyclase CdaS
M6286_00144	CDS	117				hypothetical protein
M6286_00145	CDS	414	rnr_1	3.1.13.1	COG0557	Ribonuclease R
M6286_00146	CDS	1287	rnr_2	3.1.13.1	COG0557	Ribonuclease R
M6286_00147	CDS	162				hypothetical protein
M6286_00148	CDS	234				hypothetical protein
M6286_00149	CDS	606	whiA			cell division protein WhiA
M6286_00150	CDS	948	trxB	1.8.1.9	COG0492	Thioredoxin reductase
M6286_00151	CDS	450				hypothetical protein
M6286_00152	CDS	1434	gatB	6.3.5.-	COG0064	Aspartyl/glutamyl-tRNA(Asn/Gln) amidotransferase subunit B
M6286_00153	CDS	552	gatA_1	6.3.5.7	COG0154	Glutamyl-tRNA(Gln) amidotransferase subunit A
M6286_00154	CDS	810	gatA_2	6.3.5.7	COG0154	Glutamyl-tRNA(Gln) amidotransferase subunit A
M6286_00155	CDS	459	GATC	6.3.5.-		Glutamyl-tRNA(Gln) amidotransferase subunit C, chloroplastic/mitochondrial
M6286_00156	CDS	135				hypothetical protein
M6286_00157	CDS	738				hypothetical protein
M6286_00158	CDS	228		3.2.2.27		Uracil-DNA glycosylase
M6286_00159	CDS	270				hypothetical protein
M6286_00160	CDS	1632				hypothetical protein
M6286_00161	CDS	174				hypothetical protein
M6286_00162	CDS	129				hypothetical protein
M6286_00163	CDS	348				hypothetical protein
M6286_00164	CDS	708	dnaB	3.6.4.12	COG0305	Replicative DNA helicase
M6286_00165	CDS	630				hypothetical protein
M6286_00166	CDS	453	rplI		COG0359	50S ribosomal protein L9
M6286_00167	CDS	315				hypothetical protein
M6286_00168	CDS	291				hypothetical protein
M6286_00169	CDS	471				hypothetical protein
M6286_00170	CDS	1659	fusA_1		COG0480	Elongation factor G
M6286_00171	CDS	126	fusA_2		COG0480	Elongation factor G
M6286_00172	CDS	216	fusA_3		COG0480	Elongation factor G
M6286_00173	CDS	468	rpsG			30S ribosomal protein S7
M6286_00174	CDS	420	rpsL		COG0048	30S ribosomal protein S12
M6286_00175	CDS	165				hypothetical protein
M6286_00176	CDS	807	lgt	2.5.1.145	COG0682	Phosphatidylglycerol--prolipoprotein diacylglyceryl transferase
M6286_00177	CDS	936	hprK	2.7.11.-		HPr kinase/phosphorylase
M6286_00178	CDS	345				hypothetical protein
M6286_00179	CDS	99				hypothetical protein
M6286_00180	CDS	213	tilS	6.3.4.19		tRNA(Ile)-lysidine synthase
M6286_00181	CDS	570	pth	3.1.1.29		Peptidyl-tRNA hydrolase
M6286_00182	CDS	327	rplA_1			50S ribosomal protein L1
M6286_00183	CDS	318	rplA_2		COG0081	50S ribosomal protein L1
M6286_00184	CDS	414	rplK		COG0080	50S ribosomal protein L11
M6286_00185	CDS	1107	btuD_2	7.6.2.8		Vitamin B12 import ATP-binding protein BtuD
M6286_00186	CDS	420				hypothetical protein
M6286_00187	CDS	888				hypothetical protein
M6286_00188	CDS	192	oppD_1		COG0444	Oligopeptide transport ATP-binding protein OppD
M6286_00189	CDS	918	oppD_2		COG0444	Oligopeptide transport ATP-binding protein OppD
M6286_00190	CDS	345				hypothetical protein
M6286_00191	CDS	114				hypothetical protein
M6286_00192	CDS	486				hypothetical protein
M6286_00193	CDS	171				hypothetical protein
M6286_00194	CDS	744			COG0601	Putative peptide transport permease protein
M6286_00195	CDS	201				hypothetical protein
M6286_00196	CDS	417				hypothetical protein
M6286_00197	CDS	294				hypothetical protein
M6286_00198	CDS	2397				hypothetical protein
M6286_00199	CDS	207				hypothetical protein
M6286_00200	CDS	1971	uvrB			UvrABC system protein B
M6286_00201	CDS	249				hypothetical protein
M6286_00202	CDS	915	secA1			Protein translocase subunit SecA 1
M6286_00203	CDS	1248	secA		COG0653	Protein translocase subunit SecA
M6286_00204	CDS	228				hypothetical protein
M6286_00205	CDS	441	pacL	7.2.2.10	COG0474	Calcium-transporting ATPase
M6286_00206	CDS	495		7.2.2.10		Calcium-transporting ATPase 1
M6286_00207	CDS	273	yoaB_1	7.2.2.10	COG0474	Calcium-transporting ATPase 1
M6286_00208	CDS	396	yoaB_2	7.2.2.10	COG0474	Calcium-transporting ATPase 1
M6286_00209	CDS	279				hypothetical protein
M6286_00210	CDS	216				hypothetical protein
M6286_00211	CDS	93				hypothetical protein
M6286_00212	CDS	582	ptsG_1	2.7.1.199		PTS system glucose-specific EIICBA component
M6286_00213	CDS	402	ptsG_2	2.7.1.199	COG1263	PTS system glucose-specific EIICBA component
M6286_00214	CDS	93				hypothetical protein
M6286_00215	CDS	207	ptsG_3	2.7.1.199		PTS system glucose-specific EIICBA component
M6286_00216	CDS	258				hypothetical protein
M6286_00217	CDS	309	ptsG_4	2.7.1.199	COG1263	PTS system glucose-specific EIICBA component
M6286_00218	CDS	165				hypothetical protein
M6286_00219	CDS	174				hypothetical protein
M6286_00220	CDS	219				hypothetical protein
M6286_00221	CDS	273				hypothetical protein
M6286_00222	CDS	357				hypothetical protein
M6286_00223	CDS	237				hypothetical protein
M6286_00224	CDS	276				hypothetical protein
M6286_00225	CDS	213				hypothetical protein
M6286_00226	CDS	231				hypothetical protein
M6286_00227	CDS	1425				hypothetical protein
M6286_00228	CDS	186				hypothetical protein
M6286_00229	CDS	210				hypothetical protein
M6286_00230	CDS	1041	tkt_1	2.2.1.1		Transketolase
M6286_00231	CDS	852	tkt_2	2.2.1.1		Transketolase
M6286_00232	CDS	684	bceA		COG1136	Bacitracin export ATP-binding protein BceA
M6286_00233	CDS	201				hypothetical protein
M6286_00234	CDS	1056				hypothetical protein
M6286_00235	CDS	495				hypothetical protein
M6286_00236	CDS	153				hypothetical protein
M6286_00237	CDS	207				hypothetical protein
M6286_00238	CDS	309				hypothetical protein
M6286_00239	CDS	891				hypothetical protein
M6286_00240	CDS	204				hypothetical protein
M6286_00241	CDS	768	fruK	2.7.1.56		Putative 1-phosphofructokinase
M6286_00242	CDS	777				hypothetical protein
M6286_00243	CDS	885	fruA		COG1299	PTS system fructose-specific EIIABC component
M6286_00244	CDS	267				hypothetical protein
M6286_00245	tRNA	89				tRNA-Ser(gct)
M6286_00246	CDS	234				hypothetical protein
M6286_00247	CDS	711				hypothetical protein
M6286_00248	CDS	447				hypothetical protein
M6286_00249	CDS	213				hypothetical protein
M6286_00250	CDS	159				hypothetical protein
M6286_00251	CDS	267				hypothetical protein
M6286_00252	CDS	351	smpB		COG0691	SsrA-binding protein
M6286_00253	CDS	1092	prs	2.7.6.1	COG0462	Ribose-phosphate pyrophosphokinase
M6286_00254	CDS	384	rnmV	3.1.26.8	COG1658	Ribonuclease M5
M6286_00255	CDS	600	rsmI	2.1.1.198	COG0313	Ribosomal RNA small subunit methyltransferase I
M6286_00256	CDS	102				hypothetical protein
M6286_00257	CDS	243				hypothetical protein
M6286_00258	CDS	216				hypothetical protein
M6286_00259	CDS	324	nusG_1			Transcription termination/antitermination protein NusG
M6286_00260	CDS	522	nusG_2			Transcription termination/antitermination protein NusG
M6286_00261	CDS	219				hypothetical protein
M6286_00262	CDS	327		5.4.2.8	COG1109	putative phosphomannomutase
M6286_00263	CDS	948	pgcA	5.4.2.2		Phosphoglucomutase
M6286_00264	CDS	393	cdd	3.5.4.5	COG0295	Cytidine deaminase
M6286_00265	CDS	165				hypothetical protein
M6286_00266	CDS	924	pdp	2.4.2.2	COG0213	Pyrimidine-nucleoside phosphorylase
M6286_00267	CDS	672	deoC1	4.1.2.4		Deoxyribose-phosphate aldolase 1
M6286_00268	CDS	363	deoD_1	2.4.2.1		Purine nucleoside phosphorylase DeoD-type
M6286_00269	CDS	408	deoD_2	2.4.2.1	COG0813	Purine nucleoside phosphorylase DeoD-type
M6286_00270	CDS	336	ffh_1		COG0541	Signal recognition particle protein
M6286_00271	CDS	723	ffh_2		COG0541	Signal recognition particle protein
M6286_00272	CDS	120	srp54			Signal recognition particle 54 kDa protein
M6286_00273	CDS	258				hypothetical protein
M6286_00274	CDS	516	metK_1	2.5.1.6		S-adenosylmethionine synthase
M6286_00275	CDS	231	metK_2	2.5.1.6		S-adenosylmethionine synthase
M6286_00276	CDS	162	OSGEPL1	2.3.1.234		tRNA N6-adenosine threonylcarbamoyltransferase, mitochondrial
M6286_00277	CDS	615	tsaD	2.3.1.234	COG0533	tRNA N6-adenosine threonylcarbamoyltransferase
M6286_00278	CDS	834				hypothetical protein
M6286_00279	CDS	285				hypothetical protein
M6286_00280	CDS	366				hypothetical protein
M6286_00281	CDS	405				hypothetical protein
M6286_00282	CDS	495				hypothetical protein
M6286_00283	CDS	129				hypothetical protein
M6286_00284	CDS	330	cysA	7.3.2.3	COG1118	Sulfate/thiosulfate import ATP-binding protein CysA
M6286_00285	CDS	189				hypothetical protein
M6286_00286	CDS	324	potA	7.6.2.11	COG3842	Spermidine/putrescine import ATP-binding protein PotA
M6286_00287	CDS	267	ptsH			Phosphocarrier protein HPr
M6286_00288	CDS	246				hypothetical protein
M6286_00289	CDS	597				hypothetical protein
M6286_00290	CDS	276				hypothetical protein
M6286_00291	CDS	219				putative protein MG039 
M6286_00292	CDS	135				putative protein MG039 
M6286_00293	CDS	375				putative protein MG039 
M6286_00294	CDS	138	glpK_1	2.7.1.30	COG0554	Glycerol kinase
M6286_00295	CDS	90				hypothetical protein
M6286_00296	CDS	261				hypothetical protein
M6286_00297	CDS	153	glpK_2	2.7.1.30		Glycerol kinase
M6286_00298	CDS	180	glpK_3	2.7.1.30	COG0554	Glycerol kinase
M6286_00299	CDS	351				hypothetical protein
M6286_00300	CDS	96				hypothetical protein
M6286_00301	CDS	666				hypothetical protein
M6286_00302	CDS	165				hypothetical protein
M6286_00303	CDS	225	aspS1	6.1.1.12	COG0173	Aspartate--tRNA(Asp) ligase
M6286_00304	CDS	537	aspS	6.1.1.12		Aspartate--tRNA(Asp/Asn) ligase
M6286_00305	CDS	249	hisS_1	6.1.1.21		Histidine--tRNA ligase
M6286_00306	CDS	147				hypothetical protein
M6286_00307	CDS	528	hisS_2	6.1.1.21		Histidine--tRNA ligase
M6286_00308	CDS	123				hypothetical protein
M6286_00309	CDS	153				hypothetical protein
M6286_00310	CDS	243				hypothetical protein
M6286_00311	CDS	129				hypothetical protein
M6286_00312	CDS	981				hypothetical protein
M6286_00313	CDS	201	polC_1	2.7.7.7		DNA polymerase III PolC-type
M6286_00314	CDS	153				hypothetical protein
M6286_00315	CDS	294	polC_2	2.7.7.7		DNA polymerase III PolC-type
M6286_00316	CDS	468	polC_3	2.7.7.7		DNA polymerase III PolC-type
M6286_00317	CDS	675	polC_4	2.7.7.7		DNA polymerase III PolC-type
M6286_00318	CDS	171	polC_5	2.7.7.7		DNA polymerase III PolC-type
M6286_00319	CDS	435	polC_6	2.7.7.7		DNA polymerase III PolC-type
M6286_00320	CDS	291	polC_7	2.7.7.7		DNA polymerase III PolC-type
M6286_00321	CDS	204	polC_8	2.7.7.7		DNA polymerase III PolC-type
M6286_00322	CDS	462	polC_9	2.7.7.7		DNA polymerase III PolC-type
M6286_00323	CDS	621	upp	2.4.2.9	COG0035	Uracil phosphoribosyltransferase
M6286_00324	CDS	594				hypothetical protein
M6286_00325	CDS	171				hypothetical protein
M6286_00326	CDS	219			COG0781	putative protein MG027
M6286_00327	CDS	168			COG0781	putative protein MG027
M6286_00328	CDS	573	efp			Elongation factor P
M6286_00329	CDS	120				hypothetical protein
M6286_00330	CDS	654				hypothetical protein
M6286_00331	CDS	108	OLA1			Obg-like ATPase 1
M6286_00332	CDS	888	ychF		COG0012	Ribosome-binding ATPase YchF
M6286_00333	CDS	297	fba_1	4.1.2.13	COG0191	Fructose-bisphosphate aldolase
M6286_00334	CDS	531	fba_2	4.1.2.13		Fructose-bisphosphate aldolase
M6286_00335	CDS	213	rpoE			DNA-directed RNA polymerase subunit delta
M6286_00336	CDS	93				hypothetical protein
M6286_00337	CDS	237	metG_1	6.1.1.10		Methionine--tRNA ligase
M6286_00338	CDS	396	metG_2	6.1.1.10		Methionine--tRNA ligase
M6286_00339	CDS	117	metG_3	6.1.1.10		Methionine--tRNA ligase
M6286_00340	CDS	243	metG_4	6.1.1.10		Methionine--tRNA ligase
M6286_00341	CDS	255				hypothetical protein
M6286_00342	CDS	168				hypothetical protein
M6286_00343	CDS	201	pip	3.4.11.5	COG0596	Proline iminopeptidase
M6286_00344	CDS	1170	dnaJ_1			Chaperone protein DnaJ
M6286_00345	CDS	552				hypothetical protein
M6286_00346	CDS	435				hypothetical protein
M6286_00347	CDS	912				hypothetical protein
M6286_00348	CDS	372				hypothetical protein
M6286_00349	CDS	357			COG1132	putative ABC transporter ATP-binding protein
M6286_00350	CDS	615			COG1132	putative ABC transporter ATP-binding protein
M6286_00351	CDS	273				hypothetical protein
M6286_00352	CDS	426			COG1132	putative ABC transporter ATP-binding protein
M6286_00353	CDS	432				hypothetical protein
M6286_00354	CDS	756				hypothetical protein
M6286_00355	tRNA	77				tRNA-Ile(gat)
M6286_00356	tRNA	76				tRNA-Ala(tgc)
M6286_00357	CDS	636	folD		COG0190	Bifunctional protein FolD protein
M6286_00358	CDS	216				hypothetical protein
M6286_00359	CDS	489	rimK	6.3.2.-	COG0189	Ribosomal protein S6--L-glutamate ligase
M6286_00360	CDS	309				hypothetical protein
M6286_00361	CDS	228				hypothetical protein
M6286_00362	CDS	177				hypothetical protein
M6286_00363	CDS	642	ycfH	3.1.-.-	COG0084	putative metal-dependent hydrolase YcfH
M6286_00364	CDS	1137	mnmE	3.6.-.-		tRNA modification GTPase MnmE
M6286_00365	CDS	288				hypothetical protein
M6286_00366	CDS	168				hypothetical protein
M6286_00367	CDS	633	tmk	2.7.4.9	COG0125	Thymidylate kinase
M6286_00368	CDS	252	serS_1	6.1.1.11	COG0172	Serine--tRNA ligase
M6286_00369	CDS	189	serS_2	6.1.1.11		Serine--tRNA ligase
M6286_00370	CDS	564	serS_3	6.1.1.11	COG0172	Serine--tRNA ligase
M6286_00371	CDS	2511	gyrA_1	5.6.2.2		DNA gyrase subunit A
M6286_00372	CDS	153	gyrB_1	5.6.2.2		DNA gyrase subunit B
M6286_00373	CDS	1029	gyrB_2	5.6.2.2		DNA gyrase subunit B
M6286_00374	CDS	195	gyrB_3	5.6.2.2		DNA gyrase subunit B
M6286_00375	CDS	246	gyrB_4	5.6.2.2		DNA gyrase subunit B
M6286_00376	CDS	135	gyrB_5	5.6.2.2		DNA gyrase subunit B
M6286_00377	CDS	156				hypothetical protein
M6286_00378	CDS	246	dnaJ_2			Chaperone protein DnaJ
M6286_00379	CDS	1143	dnaN		COG0592	Beta sliding clamp
M6286_00380	CDS	810			COG1192	putative protein
M6286_00381	CDS	246				putative protein MPN_687
M6286_00382	CDS	1314	dnaA			Chromosomal replication initiator protein DnaA
M6286_00383	CDS	849	btuD_3	7.6.2.8		Vitamin B12 import ATP-binding protein BtuD
M6286_00384	CDS	876				putative ABC transporter permease MG468 
M6286_00385	CDS	261				hypothetical protein
M6286_00386	CDS	204				putative ABC transporter permease MG468 
M6286_00387	CDS	150				hypothetical protein
M6286_00388	CDS	171				putative ABC transporter permease MG468 
M6286_00389	CDS	774				putative ABC transporter permease MG468 
M6286_00390	CDS	1722				putative ABC transporter permease MG468 
M6286_00391	CDS	354				putative ABC transporter permease MG468 
M6286_00392	CDS	396	macB	3.6.3.-		Macrolide export ATP-binding/permease protein MacB
M6286_00393	CDS	147	rpmH		COG0230	50S ribosomal protein L34
M6286_00394	CDS	429	yidC			Membrane protein insertase YidC
M6286_00395	CDS	315				hypothetical protein
M6286_00396	CDS	780	rsmA	2.1.1.182	COG0030	Ribosomal RNA small subunit methyltransferase A
M6286_00397	CDS	498	gltX_1	6.1.1.17		Glutamate--tRNA ligase
M6286_00398	CDS	243	gltX_2	6.1.1.17		Glutamate--tRNA ligase
M6286_00399	CDS	222				hypothetical protein
M6286_00400	CDS	159	gltX_3	6.1.1.17		Glutamate--tRNA ligase
M6286_00401	CDS	759				hypothetical protein
M6286_00402	CDS	270				hypothetical protein
M6286_00403	CDS	939	ldh	1.1.1.27		L-lactate dehydrogenase
M6286_00404	CDS	309				hypothetical protein
M6286_00405	CDS	528	hpt	2.4.2.8		Hypoxanthine-guanine phosphoribosyltransferase
M6286_00406	CDS	159				hypothetical protein
M6286_00407	CDS	159				hypothetical protein
M6286_00408	CDS	1428	ftsH	3.4.24.-	COG0465	ATP-dependent zinc metalloprotease FtsH
M6286_00409	CDS	222				hypothetical protein
M6286_00410	CDS	279				hypothetical protein
M6286_00411	CDS	717				hypothetical protein
M6286_00412	CDS	333				hypothetical protein
M6286_00413	CDS	225	tyrS1	6.1.1.1	COG0162	Tyrosine--tRNA ligase 1
M6286_00414	CDS	351	tyrS	6.1.1.1	COG0162	Tyrosine--tRNA ligase
M6286_00415	CDS	468	ohrB		COG1764	Organic hydroperoxide resistance protein OhrB
M6286_00416	CDS	879	gtaB	2.7.7.9		UTP--glucose-1-phosphate uridylyltransferase
M6286_00417	CDS	378				hypothetical protein
M6286_00418	CDS	150				hypothetical protein
M6286_00419	CDS	1185	tuf			Elongation factor Tu
M6286_00420	CDS	309				hypothetical protein
M6286_00421	CDS	270				hypothetical protein
M6286_00422	CDS	126				hypothetical protein
M6286_00423	CDS	402				hypothetical protein
M6286_00424	CDS	204	msrAB		COG0225	Peptide methionine sulfoxide reductase MsrA/MsrB
M6286_00425	CDS	186	msrB	1.8.4.12		Peptide methionine sulfoxide reductase MsrB
M6286_00426	CDS	429				hypothetical protein
M6286_00427	CDS	153				hypothetical protein
M6286_00428	CDS	804				hypothetical protein
M6286_00429	CDS	138				hypothetical protein
M6286_00430	CDS	156	rpsP		COG0228	30S ribosomal protein S16
M6286_00431	CDS	114				hypothetical protein
M6286_00432	CDS	543	trmD	2.1.1.228		tRNA (guanine-N(1)-)-methyltransferase
M6286_00433	CDS	360	rplS		COG0335	50S ribosomal protein L19
M6286_00434	CDS	498				hypothetical protein
M6286_00435	CDS	393				hypothetical protein
M6286_00436	CDS	813	rbgA		COG1161	Ribosome biogenesis GTPase A
M6286_00437	CDS	195				hypothetical protein
M6286_00438	CDS	573				hypothetical protein
M6286_00439	CDS	210				hypothetical protein
M6286_00440	CDS	354				hypothetical protein
M6286_00441	CDS	552			COG0732	Putative type-1 restriction enzyme specificity protein MG438
M6286_00442	CDS	516			COG0732	Putative type-1 restriction enzyme specificity protein MG438
M6286_00443	CDS	171				hypothetical protein
M6286_00444	CDS	90				hypothetical protein
M6286_00445	CDS	306				hypothetical protein
M6286_00446	CDS	429	frr			Ribosome-recycling factor
M6286_00447	CDS	732	pyrH	2.7.4.22	COG0528	Uridylate kinase
M6286_00448	CDS	393	tsf		COG0264	Elongation factor Ts
M6286_00449	CDS	117	TSFM			Elongation factor Ts, mitochondrial
M6286_00450	CDS	333				hypothetical protein
M6286_00451	CDS	276				hypothetical protein
M6286_00452	CDS	213				hypothetical protein
M6286_00453	CDS	489	tpiA	5.3.1.1		Triosephosphate isomerase
M6286_00454	CDS	1524	gpmI	5.4.2.12		2,3-bisphosphoglycerate-independent phosphoglycerate mutase
M6286_00455	CDS	720	ptsI_1	2.7.3.9		Phosphoenolpyruvate-protein phosphotransferase
M6286_00456	CDS	189				hypothetical protein
M6286_00457	CDS	498	ptsI_2	2.7.3.9		Phosphoenolpyruvate-protein phosphotransferase
M6286_00458	CDS	231	ptsI_3	2.7.3.9	COG1080	Phosphoenolpyruvate-protein phosphotransferase
M6286_00459	CDS	297				hypothetical protein
M6286_00460	CDS	291		1.11.1.-	COG1765	Hydroperoxide reductase
M6286_00461	CDS	195				hypothetical protein
M6286_00462	CDS	948	rhpA	3.6.4.13		DEAD-box ATP-dependent RNA helicase RhpA
M6286_00463	CDS	339	cshA	3.6.4.13	COG0513	DEAD-box ATP-dependent RNA helicase CshA
M6286_00464	CDS	261	rpsO			30S ribosomal protein S15
M6286_00465	CDS	162	rnjB_1	3.1.-.-	COG0595	Ribonuclease J2
M6286_00466	CDS	1446	rnjB_2	3.1.-.-	COG0595	Ribonuclease J2
M6286_00467	CDS	165				hypothetical protein
M6286_00468	CDS	192				hypothetical protein
M6286_00469	CDS	438				hypothetical protein
M6286_00470	CDS	153				hypothetical protein
M6286_00471	CDS	354				hypothetical protein
M6286_00472	CDS	270				hypothetical protein
M6286_00473	CDS	264				hypothetical protein
M6286_00474	CDS	519	uvrA_1			UvrABC system protein A
M6286_00475	CDS	1635	uvrA_2			UvrABC system protein A
M6286_00476	CDS	198	dnaX	2.7.7.7	COG2812	DNA polymerase III subunit tau
M6286_00477	CDS	1107				hypothetical protein
M6286_00478	CDS	117				hypothetical protein
M6286_00479	CDS	231	rplM_1		COG0102	50S ribosomal protein L13
M6286_00480	CDS	186	rplM_2		COG0102	50S ribosomal protein L13
M6286_00481	CDS	399	rpsI		COG0103	30S ribosomal protein S9
M6286_00482	CDS	645				hypothetical protein
M6286_00483	CDS	501				hypothetical protein
M6286_00484	CDS	495				hypothetical protein
M6286_00485	CDS	252				hypothetical protein
M6286_00486	CDS	294				hypothetical protein
M6286_00487	CDS	639				hypothetical protein
M6286_00488	CDS	744				hypothetical protein
M6286_00489	CDS	306				hypothetical protein
M6286_00490	CDS	387				hypothetical protein
M6286_00491	CDS	201				hypothetical protein
M6286_00492	CDS	651				hypothetical protein
M6286_00493	CDS	177				hypothetical protein
M6286_00494	CDS	630				hypothetical protein
M6286_00495	CDS	234				hypothetical protein
M6286_00496	CDS	156	pstB3_1	7.3.2.1	COG1117	Phosphate import ATP-binding protein PstB 3
M6286_00497	CDS	345	pstB3_2	7.3.2.1	COG1117	Phosphate import ATP-binding protein PstB 3
M6286_00498	CDS	678				hypothetical protein
M6286_00499	CDS	744	eno_1	4.2.1.11		Enolase
M6286_00500	CDS	375	eno_2	4.2.1.11	COG0148	Enolase
M6286_00501	CDS	273				hypothetical protein
M6286_00502	CDS	180				hypothetical protein
M6286_00503	CDS	291				hypothetical protein
M6286_00504	CDS	102				hypothetical protein
M6286_00505	CDS	108				hypothetical protein
M6286_00506	CDS	309	atpH			ATP synthase subunit c
M6286_00507	CDS	246	atpF			ATP synthase subunit b
M6286_00508	CDS	531	atpD_1			ATP synthase subunit delta
M6286_00509	CDS	747	atpA_1	7.1.2.2	COG0056	ATP synthase subunit alpha
M6286_00510	CDS	789	atpA_2	7.2.2.1		ATP synthase subunit alpha, sodium ion specific
M6286_00511	CDS	348	atpG_1		COG0224	ATP synthase gamma chain
M6286_00512	CDS	396	atpG_2		COG0224	ATP synthase gamma chain, sodium ion specific
M6286_00513	CDS	1431	atpD_2	7.2.2.1	COG0055	ATP synthase subunit beta, sodium ion specific
M6286_00514	CDS	402	atpC			ATP synthase epsilon chain
M6286_00515	CDS	312				hypothetical protein
M6286_00516	CDS	351				hypothetical protein
M6286_00517	CDS	768				hypothetical protein
M6286_00518	CDS	459	rpiB	5.3.1.6	COG0698	Ribose-5-phosphate isomerase B
M6286_00519	CDS	132				hypothetical protein
M6286_00520	CDS	348				hypothetical protein
M6286_00521	CDS	708				hypothetical protein
M6286_00522	CDS	870	glyA_1	2.1.2.1	COG0112	Serine hydroxymethyltransferase
M6286_00523	CDS	327	glyA_2	2.1.2.1	COG0112	Serine hydroxymethyltransferase
M6286_00524	CDS	333	groS			10 kDa chaperonin
M6286_00525	CDS	1632	groL			60 kDa chaperonin
M6286_00526	CDS	1056	pepA_1	3.4.11.10		cytosol aminopeptidase
M6286_00527	CDS	234	pepA_2	3.4.11.10		cytosol aminopeptidase
M6286_00528	CDS	294				hypothetical protein
M6286_00529	CDS	681				hypothetical protein
M6286_00530	CDS	348				hypothetical protein
M6286_00531	CDS	111				hypothetical protein
M6286_00532	CDS	195				hypothetical protein
M6286_00533	CDS	324	ybeY	3.1.-.-		Endoribonuclease YbeY
M6286_00534	CDS	480	era_1			GTPase Era
M6286_00535	CDS	204	era_2			GTPase Era
M6286_00536	CDS	495				Protein P200
M6286_00537	CDS	168				hypothetical protein
M6286_00538	CDS	2406				hypothetical protein
M6286_00539	CDS	270				hypothetical protein
M6286_00540	CDS	108				hypothetical protein
M6286_00541	CDS	447				hypothetical protein
M6286_00542	CDS	177				hypothetical protein
M6286_00543	CDS	981	obg	3.6.5.-	COG0536	GTPase Obg
M6286_00544	CDS	444	nadE	6.3.1.5	COG0171	NH(3)-dependent NAD(+) synthetase
M6286_00545	CDS	156				hypothetical protein
M6286_00546	CDS	204	udk	2.7.1.48	COG0572	Uridine kinase
M6286_00547	tRNA	76				tRNA-Arg(tct)
M6286_00548	CDS	345				hypothetical protein
M6286_00549	CDS	579	rsmG	2.1.1.170		Ribosomal RNA small subunit methyltransferase G
M6286_00550	CDS	534	mnmG_1			tRNA uridine 5-carboxymethylaminomethyl modification enzyme MnmG
M6286_00551	CDS	1305	mnmG_2			tRNA uridine 5-carboxymethylaminomethyl modification enzyme MnmG
M6286_00552	CDS	180				hypothetical protein
M6286_00553	CDS	453	argS_1	6.1.1.19	COG0018	Arginine--tRNA ligase
M6286_00554	CDS	177				hypothetical protein
M6286_00555	CDS	441	argS_2	6.1.1.19	COG0018	Arginine--tRNA ligase
M6286_00556	CDS	381				putative protein MG377 
M6286_00557	CDS	159				putative protein MG377 
M6286_00558	CDS	150				putative protein MG376 
M6286_00559	CDS	318				hypothetical protein
M6286_00560	CDS	183	thrS_1	6.1.1.3		Threonine--tRNA ligase
M6286_00561	CDS	477	thrS_2	6.1.1.3		Threonine--tRNA ligase
M6286_00562	CDS	585	thrS_3	6.1.1.3		Threonine--tRNA ligase
M6286_00563	CDS	129				hypothetical protein
M6286_00564	CDS	357				hypothetical protein
M6286_00565	CDS	168				hypothetical protein
M6286_00566	CDS	360				hypothetical protein
M6286_00567	CDS	162				hypothetical protein
M6286_00568	CDS	1158	thiI	2.8.1.4	COG0301	putative tRNA sulfurtransferase
M6286_00569	CDS	378	nrnA_1	3.1.-.-	COG0618	Bifunctional oligoribonuclease and PAP phosphatase NrnA
M6286_00570	CDS	99				hypothetical protein
M6286_00571	CDS	255				hypothetical protein
M6286_00572	CDS	120				hypothetical protein
M6286_00573	CDS	594	rluC	5.4.99.24	COG0564	Ribosomal large subunit pseudouridine synthase C
M6286_00574	CDS	270				hypothetical protein
M6286_00575	CDS	513				putative protein
M6286_00576	CDS	864				putative protein
M6286_00577	CDS	267				hypothetical protein
M6286_00578	CDS	987	plsX	2.3.1.274		Phosphate acyltransferase
M6286_00579	CDS	297	rnc	3.1.26.3		Ribonuclease 3
M6286_00580	CDS	123				hypothetical protein
M6286_00581	CDS	282				hypothetical protein
M6286_00582	CDS	942				hypothetical protein
M6286_00583	CDS	366	fmt	2.1.2.9		Methionyl-tRNA formyltransferase
M6286_00584	CDS	132				hypothetical protein
M6286_00585	CDS	357				hypothetical protein
M6286_00586	CDS	156				hypothetical protein
M6286_00587	CDS	267				hypothetical protein
M6286_00588	CDS	174	rpmF			50S ribosomal protein L32
M6286_00589	CDS	369	rplL			50S ribosomal protein L7/L12
M6286_00590	CDS	489	rplJ			50S ribosomal protein L10
M6286_00591	CDS	564	dinB	2.7.7.7	COG0389	DNA polymerase IV
M6286_00592	CDS	288				hypothetical protein
M6286_00593	CDS	924	ruvB	3.6.4.12	COG2255	Holliday junction ATP-dependent DNA helicase RuvB
M6286_00594	CDS	501	ruvA	3.6.4.12		Holliday junction ATP-dependent DNA helicase RuvA
M6286_00595	CDS	228				hypothetical protein
M6286_00596	CDS	210				hypothetical protein
M6286_00597	CDS	498	ackA_1	2.7.2.1	COG0282	Acetate kinase
M6286_00598	CDS	513	ackA_2	2.7.2.1	COG0282	Acetate kinase
M6286_00599	CDS	360				hypothetical protein
M6286_00600	CDS	639	clpB_1			Chaperone protein ClpB
M6286_00601	CDS	273	clpB_2			Chaperone protein ClpB
M6286_00602	CDS	885	clpB_3		COG0542	Chaperone protein ClpB
M6286_00603	CDS	414				putative protein MG354
M6286_00604	CDS	315				hypothetical protein
M6286_00605	CDS	309	recU	3.1.22.4	COG3331	Holliday junction resolvase RecU
M6286_00606	CDS	219	ppa_1	3.6.1.1	COG0221	Inorganic pyrophosphatase
M6286_00607	CDS	162	ppa_2	3.6.1.1	COG0221	Inorganic pyrophosphatase
M6286_00608	CDS	210				hypothetical protein
M6286_00609	tRNA	82				tRNA-Leu(caa)
M6286_00610	CDS	261				hypothetical protein
M6286_00611	CDS	216				hypothetical protein
M6286_00612	CDS	339				hypothetical protein
M6286_00613	CDS	243				hypothetical protein
M6286_00614	CDS	117				hypothetical protein
M6286_00615	tRNA	88				tRNA-Leu(gag)
M6286_00616	CDS	246				hypothetical protein
M6286_00617	CDS	522				hypothetical protein
M6286_00618	tRNA	76				tRNA-His(gtg)
M6286_00619	CDS	156				hypothetical protein
M6286_00620	CDS	342	trmB	2.1.1.33	COG0220	tRNA (guanine-N(7)-)-methyltransferase
M6286_00621	CDS	114				hypothetical protein
M6286_00622	CDS	168	trmL	2.1.1.207	COG0219	tRNA (cytidine(34)-2'-O)-methyltransferase
M6286_00623	CDS	366	ileS_1	6.1.1.5		Isoleucine--tRNA ligase
M6286_00624	CDS	273	ileS_2	6.1.1.5		Isoleucine--tRNA ligase
M6286_00625	CDS	246	ileS_3	6.1.1.5		Isoleucine--tRNA ligase
M6286_00626	CDS	138				hypothetical protein
M6286_00627	CDS	216				hypothetical protein
M6286_00628	CDS	210				hypothetical protein
M6286_00629	CDS	285				hypothetical protein
M6286_00630	CDS	240				hypothetical protein
M6286_00631	CDS	396				hypothetical protein
M6286_00632	CDS	183				hypothetical protein
M6286_00633	CDS	507				hypothetical protein
M6286_00634	CDS	2697	rpoB_1	2.7.7.6		DNA-directed RNA polymerase subunit beta
M6286_00635	CDS	1077	rpoB_2	2.7.7.6	COG0085	DNA-directed RNA polymerase subunit beta
M6286_00636	CDS	270	rpoB_3	2.7.7.6	COG0085	DNA-directed RNA polymerase subunit beta
M6286_00637	CDS	99				hypothetical protein
M6286_00638	CDS	2046	rpoC_1	2.7.7.6	COG0086	DNA-directed RNA polymerase subunit beta'
M6286_00639	CDS	1524	rpoC_2	2.7.7.6	COG0086	DNA-directed RNA polymerase subunit beta'
M6286_00640	CDS	285				hypothetical protein
M6286_00641	CDS	276				hypothetical protein
M6286_00642	CDS	261				Mgp-operon protein 3
M6286_00643	CDS	174				hypothetical protein
M6286_00644	CDS	1023	recA			Protein RecA
M6286_00645	CDS	204				hypothetical protein
M6286_00646	CDS	144				hypothetical protein
M6286_00647	CDS	165				hypothetical protein
M6286_00648	CDS	141				hypothetical protein
M6286_00649	CDS	306				hypothetical protein
M6286_00650	CDS	519				hypothetical protein
M6286_00651	CDS	198				hypothetical protein
M6286_00652	CDS	159				hypothetical protein
M6286_00653	CDS	258				hypothetical protein
M6286_00654	CDS	357				hypothetical protein
M6286_00655	CDS	177				hypothetical protein
M6286_00656	CDS	417				hypothetical protein
M6286_00657	CDS	456	sufS	4.4.1.16		Cysteine desulfurase
M6286_00658	CDS	384	csdA	2.8.1.7	COG0520	Cysteine desulfurase CsdA
M6286_00659	CDS	207		2.4.1.-	COG0463	Processive diacylglycerol beta-glycosyltransferase
M6286_00660	CDS	513		2.4.1.-	COG0463	Processive diacylglycerol beta-glycosyltransferase
M6286_00661	CDS	222				hypothetical protein
M6286_00662	CDS	576	engB			GTP-binding protein EngB
M6286_00663	CDS	189	valS_1	6.1.1.9	COG0525	Valine--tRNA ligase
M6286_00664	CDS	162	valS_2	6.1.1.9		Valine--tRNA ligase
M6286_00665	CDS	234	valS_3	6.1.1.9		Valine--tRNA ligase
M6286_00666	CDS	123				hypothetical protein
M6286_00667	CDS	165	azoR	1.7.1.17		FMN-dependent NADH-azoreductase
M6286_00668	CDS	138				hypothetical protein
M6286_00669	CDS	720			COG0217	putative transcriptional regulatory protein
M6286_00670	CDS	102				hypothetical protein
M6286_00671	CDS	198				hypothetical protein
M6286_00672	CDS	210				hypothetical protein
M6286_00673	CDS	447	cmk	2.7.4.25	COG0283	Cytidylate kinase
M6286_00674	CDS	1347	der		COG1160	GTPase Der
M6286_00675	CDS	1386				hypothetical protein
M6286_00676	CDS	471				hypothetical protein
M6286_00677	CDS	807	menH	4.2.99.20		2-succinyl-6-hydroxy-2,4-cyclohexadiene-1-carboxylate synthase
M6286_00678	CDS	393				hypothetical protein
M6286_00679	CDS	495				hypothetical protein
M6286_00680	CDS	162	rpmGA			50S ribosomal protein L33 1
M6286_00681	CDS	102				hypothetical protein
M6286_00682	CDS	168				hypothetical protein
M6286_00683	CDS	648	ypdF	3.4.11.-	COG0006	Aminopeptidase YpdF
M6286_00684	CDS	270				hypothetical protein
M6286_00685	CDS	159				hypothetical protein
M6286_00686	tmRNA	388	ssrA			transfer-messenger RNA, SsrA
M6286_00687	CDS	684	ktrA		COG0569	Ktr system potassium uptake protein A
M6286_00688	CDS	1311	ktrB		COG0168	Ktr system potassium uptake protein B
M6286_00689	tRNA	75				tRNA-Asn(gtt)
M6286_00690	tRNA	77				tRNA-Glu(ttc)
M6286_00691	tRNA	75				tRNA-Thr(cgt)
M6286_00692	tRNA	76				tRNA-Val(tac)
M6286_00693	tRNA	76				tRNA-Thr(tgt)
M6286_00694	tRNA	76				tRNA-Lys(ctt)
M6286_00695	tRNA	85				tRNA-Leu(tag)
M6286_00696	CDS	1023				putative lipoprotein MG321 
M6286_00697	CDS	405				putative lipoprotein MG321 
M6286_00698	tRNA	89				tRNA-Ser(cga)
M6286_00699	tRNA	91				tRNA-Ser(gga)
M6286_00700	CDS	453				hypothetical protein
M6286_00701	CDS	252				hypothetical protein
M6286_00702	CDS	537				hypothetical protein
M6286_00703	CDS	204				hypothetical protein
M6286_00704	CDS	210				hypothetical protein
M6286_00705	CDS	2136				hypothetical protein
M6286_00706	CDS	597	rpsD			30S ribosomal protein S4
M6286_00707	CDS	414				hypothetical protein
M6286_00708	CDS	216				hypothetical protein
M6286_00709	CDS	363				hypothetical protein
M6286_00710	CDS	1311				hypothetical protein
M6286_00711	CDS	132				hypothetical protein
M6286_00712	CDS	810				hypothetical protein
M6286_00713	CDS	417	cshB	3.6.4.13	COG0513	DEAD-box ATP-dependent RNA helicase CshB
M6286_00714	CDS	177				hypothetical protein
M6286_00715	CDS	420				hypothetical protein
M6286_00716	CDS	225				hypothetical protein
M6286_00717	CDS	192				hypothetical protein
M6286_00718	CDS	135				hypothetical protein
M6286_00719	CDS	708				hypothetical protein
M6286_00720	CDS	1062				hypothetical protein
M6286_00721	CDS	273				hypothetical protein
M6286_00722	CDS	264				hypothetical protein
M6286_00723	CDS	1728	dnaK		COG0443	Chaperone protein DnaK
M6286_00724	CDS	813	ecfA1_2	7.-.-.-	COG1122	Energy-coupling factor transporter ATP-binding protein EcfA1
M6286_00725	CDS	1074	btuD_4	7.6.2.8		Vitamin B12 import ATP-binding protein BtuD
M6286_00726	CDS	144				hypothetical protein
M6286_00727	CDS	333	ykoC			Putative HMP/thiamine permease protein YkoC
M6286_00728	CDS	1014	gapA	1.2.1.12		Glyceraldehyde-3-phosphate dehydrogenase
M6286_00729	CDS	993	pgk_1	2.7.2.3	COG0126	Phosphoglycerate kinase
M6286_00730	CDS	111	pgk_2	2.7.2.3		Phosphoglycerate kinase
M6286_00731	CDS	549	pta	2.3.1.8	COG0280	Phosphate acetyltransferase
M6286_00732	CDS	450	smc_1		COG1196	Chromosome partition protein Smc
M6286_00733	CDS	324				hypothetical protein
M6286_00734	CDS	1335	smc_2			Chromosome partition protein Smc
M6286_00735	CDS	837	smc_3		COG1196	Chromosome partition protein Smc
M6286_00736	CDS	558	ftsY_1		COG0552	Signal recognition particle receptor FtsY
M6286_00737	CDS	333	ftsY_2		COG0552	Signal recognition particle receptor FtsY
M6286_00738	CDS	390				putative protein MG296 
M6286_00739	CDS	273	mnmA_1	2.8.1.13	COG0482	tRNA-specific 2-thiouridylase MnmA
M6286_00740	CDS	306	mnmA_2	2.8.1.13		tRNA-specific 2-thiouridylase MnmA
M6286_00741	CDS	237	mnmA_3	2.8.1.13		tRNA-specific 2-thiouridylase MnmA
M6286_00742	CDS	309				hypothetical protein
M6286_00743	CDS	219				hypothetical protein
M6286_00744	CDS	432				hypothetical protein
M6286_00745	CDS	183				hypothetical protein
M6286_00746	CDS	576	glpQ	3.1.4.46	COG0584	Glycerophosphodiester phosphodiesterase
M6286_00747	CDS	183	alaS_1	6.1.1.7	COG0013	Alanine--tRNA ligase
M6286_00748	CDS	435	alaS_2	6.1.1.7	COG0013	Alanine--tRNA ligase
M6286_00749	CDS	399				hypothetical protein
M6286_00750	CDS	288	alaS_3	6.1.1.7	COG0013	Alanine--tRNA ligase
M6286_00751	CDS	504				hypothetical protein
M6286_00752	CDS	417	yrrK	3.1.-.-	COG0816	Putative pre-16S rRNA nuclease
M6286_00753	CDS	258				hypothetical protein
M6286_00754	CDS	495				hypothetical protein
M6286_00755	CDS	159				hypothetical protein
M6286_00756	CDS	198				hypothetical protein
M6286_00757	CDS	183				hypothetical protein
M6286_00758	CDS	333	fetA	3.6.3.-	COG4619	putative iron export ATP-binding protein FetA
M6286_00759	CDS	192				High affinity transport system protein p37
M6286_00760	CDS	213				High affinity transport system protein p37
M6286_00761	CDS	453				High affinity transport system protein p37
M6286_00762	CDS	291				hypothetical protein
M6286_00763	CDS	357				hypothetical protein
M6286_00764	CDS	264				hypothetical protein
M6286_00765	CDS	270				Mgp-operon protein 3
M6286_00766	CDS	174				hypothetical protein
M6286_00767	CDS	180				hypothetical protein
M6286_00768	CDS	267				hypothetical protein
M6286_00769	tRNA	75				tRNA-SeC(tca)
M6286_00770	CDS	513				hypothetical protein
M6286_00771	CDS	159				hypothetical protein
M6286_00772	CDS	210				hypothetical protein
M6286_00773	CDS	138				hypothetical protein
M6286_00774	CDS	234				hypothetical protein
M6286_00775	CDS	141				hypothetical protein
M6286_00776	CDS	822	proS	6.1.1.15	COG0442	Proline--tRNA ligase
M6286_00777	CDS	327				hypothetical protein
M6286_00778	CDS	135				hypothetical protein
M6286_00779	CDS	486	greA		COG0782	Transcription elongation factor GreA
M6286_00780	tRNA	87				tRNA-Tyr(gta)
M6286_00781	tRNA	75				tRNA-Gln(ttg)
M6286_00782	tRNA	75				tRNA-Lys(ttt)
M6286_00783	tRNA	86				tRNA-Leu(taa)
M6286_00784	tRNA	74				tRNA-Gly(tcc)
M6286_00785	CDS	657				putative protein MG281
M6286_00786	CDS	831				putative protein MG281
M6286_00787	CDS	798				hypothetical protein
M6286_00788	CDS	657				hypothetical protein
M6286_00789	CDS	195				hypothetical protein
M6286_00790	CDS	144				hypothetical protein
M6286_00791	CDS	258				hypothetical protein
M6286_00792	CDS	1389				hypothetical protein
M6286_00793	CDS	309				hypothetical protein
M6286_00794	CDS	456				hypothetical protein
M6286_00795	CDS	435				hypothetical protein
M6286_00796	CDS	687				hypothetical protein
M6286_00797	CDS	543	apt	2.4.2.7	COG0503	Adenine phosphoribosyltransferase
M6286_00798	CDS	345	nox	1.6.99.3	COG0446	NADH oxidase
M6286_00799	CDS	1083		1.6.99.3		putative NADH oxidase
M6286_00800	CDS	171	pdhA_1	1.2.4.1		Pyruvate dehydrogenase E1 component subunit alpha
M6286_00801	CDS	153	pdhA_2	1.2.4.1		Pyruvate dehydrogenase E1 component subunit alpha
M6286_00802	CDS	111	pdhA_3	1.2.4.1		Pyruvate dehydrogenase E1 component subunit alpha
M6286_00803	CDS	372	pdhA_4	1.2.4.1		Pyruvate dehydrogenase E1 component subunit alpha
M6286_00804	CDS	732	pdhB_1	1.2.4.1		Pyruvate dehydrogenase E1 component subunit beta
M6286_00805	CDS	225	pdhB_2	1.2.4.1		Pyruvate dehydrogenase E1 component subunit beta
M6286_00806	CDS	1155	pdhC	2.3.1.12		Dihydrolipoyllysine-residue acetyltransferase component of pyruvate dehydrogenase complex
M6286_00807	CDS	237	pdhD_1	1.8.1.4		Dihydrolipoyl dehydrogenase
M6286_00808	CDS	1014	pdhD_2	1.8.1.4		Dihydrolipoyl dehydrogenase
M6286_00809	CDS	522	lplA	6.3.1.20	COG0095	Lipoate-protein ligase A
M6286_00810	CDS	111				hypothetical protein
M6286_00811	CDS	387				hypothetical protein
M6286_00812	CDS	1023				hypothetical protein
M6286_00813	CDS	378				hypothetical protein
M6286_00814	CDS	201				hypothetical protein
M6286_00815	CDS	123				hypothetical protein
M6286_00816	CDS	186	leuS_1	6.1.1.4		Leucine--tRNA ligase
M6286_00817	CDS	489	leuS_2	6.1.1.4	COG0495	Leucine--tRNA ligase
M6286_00818	CDS	204	leuS_3	6.1.1.4		Leucine--tRNA ligase
M6286_00819	CDS	522	leuS_4	6.1.1.4		Leucine--tRNA ligase
M6286_00820	CDS	837	yitU	3.1.3.104	COG0561	5-amino-6-(5-phospho-D-ribitylamino)uracil phosphatase YitU
M6286_00821	CDS	219				hypothetical protein
M6286_00822	CDS	279	coaE	2.7.1.24	COG0237	Dephospho-CoA kinase
M6286_00823	CDS	198				hypothetical protein
M6286_00824	CDS	147				hypothetical protein
M6286_00825	CDS	855	mutM	3.2.2.23	COG0266	Formamidopyrimidine-DNA glycosylase
M6286_00826	CDS	756	polA	2.7.7.7		DNA polymerase I
M6286_00827	CDS	174				hypothetical protein
M6286_00828	CDS	444	dnaE	2.7.7.7	COG0587	DNA polymerase III subunit alpha
M6286_00829	CDS	1113	dnaE2_1	2.7.7.7		Error-prone DNA polymerase
M6286_00830	CDS	363	dnaE2_2	2.7.7.7		Error-prone DNA polymerase
M6286_00831	CDS	231				putative protein MPN_377
M6286_00832	tRNA	77				tRNA-Arg(tcg)
M6286_00833	CDS	393				hypothetical protein
M6286_00834	CDS	261				hypothetical protein
M6286_00835	CDS	174				hypothetical protein
M6286_00836	CDS	138				hypothetical protein
M6286_00837	CDS	381	mgpA_2			Adhesin P1
M6286_00838	CDS	342				hypothetical protein
M6286_00839	CDS	1146				hypothetical protein
M6286_00840	CDS	636				hypothetical protein
M6286_00841	CDS	432				hypothetical protein
M6286_00842	CDS	276	prmC	2.1.1.297		Release factor glutamine methyltransferase
M6286_00843	CDS	126				hypothetical protein
M6286_00844	CDS	606	prfA_1		COG0216	Peptide chain release factor 1
M6286_00845	CDS	441	prfA_2			Peptide chain release factor 1
M6286_00846	CDS	294				hypothetical protein
M6286_00847	CDS	141				hypothetical protein
M6286_00848	CDS	180				hypothetical protein
M6286_00849	tRNA	74				tRNA-Trp(cca)
M6286_00850	tRNA	75				tRNA-Arg(cct)
M6286_00851	CDS	741				hypothetical protein
M6286_00852	CDS	294				hypothetical protein
M6286_00853	tRNA	74				tRNA-Gly(gcc)
M6286_00854	CDS	714	ligA_1	6.5.1.2	COG0272	DNA ligase
M6286_00855	CDS	1197	ligA_2	6.5.1.2	COG0272	DNA ligase
M6286_00856	CDS	540	cysS_1	6.1.1.16	COG0215	Cysteine--tRNA ligase
M6286_00857	CDS	261	cysS_2	6.1.1.16	COG0215	Cysteine--tRNA ligase
M6286_00858	CDS	168				hypothetical protein
M6286_00859	CDS	306		2.1.1.-		Putative TrmH family tRNA/rRNA methyltransferase
M6286_00860	CDS	228	glyQS_1	6.1.1.14	COG0423	Glycine--tRNA ligase
M6286_00861	CDS	438	glyQS_2	6.1.1.14	COG0423	Glycine--tRNA ligase
M6286_00862	CDS	309	glyQS_3	6.1.1.14		Glycine--tRNA ligase
M6286_00863	CDS	174	glyQS_4	6.1.1.14		Glycine--tRNA ligase
M6286_00864	CDS	243	dnaG_1	2.7.7.-	COG0358	DNA primase
M6286_00865	CDS	630	dnaG_2	2.7.7.-	COG0358	DNA primase
M6286_00866	CDS	201				hypothetical protein
M6286_00867	CDS	126				hypothetical protein
M6286_00868	CDS	135				hypothetical protein
M6286_00869	CDS	366				hypothetical protein
M6286_00870	CDS	405	rpoD			RNA polymerase sigma factor RpoD
M6286_00871	CDS	516	sigA		COG0568	RNA polymerase sigma factor SigA
M6286_00872	CDS	657				hypothetical protein
M6286_00873	CDS	237	plsY	2.3.1.275		Glycerol-3-phosphate acyltransferase
M6286_00874	CDS	186				hypothetical protein
M6286_00875	CDS	645		3.1.-.-		Putative phosphatase/phosphodiesterase MPN_349
M6286_00876	CDS	156		3.1.-.-		Putative phosphatase/phosphodiesterase MPN_349
M6286_00877	CDS	498		6.3.3.2		5-formyltetrahydrofolate cyclo-ligase
M6286_00878	CDS	558	pcrA_1	3.6.4.12		ATP-dependent DNA helicase PcrA
M6286_00879	CDS	360				hypothetical protein
M6286_00880	CDS	765	pcrA_2	3.6.4.12		ATP-dependent DNA helicase PcrA
M6286_00881	CDS	372				hypothetical protein
M6286_00882	CDS	294				hypothetical protein
M6286_00883	CDS	165				hypothetical protein
M6286_00884	CDS	117				hypothetical protein
M6286_00885	CDS	219				hypothetical protein
M6286_00886	CDS	681				hypothetical protein
M6286_00887	CDS	489				hypothetical protein
M6286_00888	CDS	486				hypothetical protein
M6286_00889	CDS	105				hypothetical protein
M6286_00890	CDS	459				hypothetical protein
M6286_00891	CDS	345	nadD	2.7.7.18	COG1057	putative nicotinate-nucleotide adenylyltransferase
M6286_00892	CDS	402				hypothetical protein
M6286_00893	CDS	219				hypothetical protein
M6286_00894	CDS	1266	lon1_1	3.4.21.53	COG0466	Lon protease 1
M6286_00895	CDS	978	lon1_2	3.4.21.53	COG0466	Lon protease 1
M6286_00896	CDS	1224	tig	5.2.1.8	COG0544	Trigger factor
M6286_00897	CDS	885				putative protein MG237 
M6286_00898	CDS	471				hypothetical protein
M6286_00899	CDS	846	nfo	3.1.21.2	COG0648	putative endonuclease 4
M6286_00900	CDS	315	rpmA		COG0211	50S ribosomal protein L27
M6286_00901	CDS	300				hypothetical protein
M6286_00902	CDS	303	rplU		COG0261	50S ribosomal protein L21
M6286_00903	CDS	459	nrdE	1.17.4.1	COG0209	Ribonucleoside-diphosphate reductase subunit alpha
M6286_00904	CDS	1629	nrdE2	1.17.4.1	COG0209	Ribonucleoside-diphosphate reductase subunit alpha 2
M6286_00905	CDS	462	nrdI		COG1780	Protein NrdI
M6286_00906	CDS	672	nrdF	1.17.4.1	COG0208	Ribonucleoside-diphosphate reductase 2 subunit beta
M6286_00907	CDS	132				hypothetical protein
M6286_00908	CDS	192				hypothetical protein
M6286_00909	CDS	231	dhfR	1.5.1.3	COG0262	Dihydrofolate reductase
M6286_00910	CDS	372	thyA	2.1.1.45	COG0207	Thymidylate synthase
M6286_00911	CDS	183	thyA2	2.1.1.45	COG0207	Thymidylate synthase 2
M6286_00912	CDS	168				hypothetical protein
M6286_00913	CDS	126				hypothetical protein
M6286_00914	CDS	1173				hypothetical protein
M6286_00915	CDS	1047				hypothetical protein
M6286_00916	CDS	174				hypothetical protein
M6286_00917	CDS	288				hypothetical protein
M6286_00918	CDS	171				hypothetical protein
M6286_00919	CDS	891	ftsZ			Cell division protein FtsZ
M6286_00920	CDS	1236				hypothetical protein
M6286_00921	CDS	930	rsmH	2.1.1.199	COG0275	Ribosomal RNA small subunit methyltransferase H
M6286_00922	CDS	465	mraZ			Transcriptional regulator MraZ
M6286_00923	tRNA	77				tRNA-Arg(gcg)
M6286_00924	CDS	204				hypothetical protein
M6286_00925	CDS	477				hypothetical protein
M6286_00926	CDS	309				putative protein MG218.1
M6286_00927	CDS	696				putative protein MG218.1
M6286_00928	CDS	477	hmw2_1			Cytadherence high molecular weight protein 2
M6286_00929	CDS	675	hmw2_2			Cytadherence high molecular weight protein 2
M6286_00930	CDS	3153	hmw2_3			Cytadherence high molecular weight protein 2
M6286_00931	CDS	93				hypothetical protein
M6286_00932	CDS	1149				hypothetical protein
M6286_00933	tRNA	76				tRNA-Phe(gaa)
M6286_00934	tRNA	74				tRNA-Asp(gtc)
M6286_00935	tRNA	77				tRNA-Met(cat)
M6286_00936	tRNA	92				tRNA-Ser(tga)
M6286_00937	tRNA	77				tRNA-Met(cat)
M6286_00938	tRNA	77				tRNA-Met(cat)
M6286_00939	tRNA	77				tRNA-Pro(tgg)
M6286_00940	tRNA	77				tRNA-Cys(gca)
M6286_00941	CDS	294	pyk_1	2.7.1.40		Pyruvate kinase
M6286_00942	CDS	864	pyk_2	2.7.1.40		Pyruvate kinase
M6286_00943	CDS	468	pfkA_1	2.7.1.11		ATP-dependent 6-phosphofructokinase
M6286_00944	CDS	420	pfkA_2	2.7.1.11	COG0205	ATP-dependent 6-phosphofructokinase isozyme 1
M6286_00945	CDS	624	scpB		COG1386	Segregation and condensation protein B
M6286_00946	CDS	885	scpA			Segregation and condensation protein A
M6286_00947	CDS	189				hypothetical protein
M6286_00948	CDS	588				hypothetical protein
M6286_00949	CDS	195				hypothetical protein
M6286_00950	CDS	117				hypothetical protein
M6286_00951	CDS	399				hypothetical protein
M6286_00952	CDS	189				hypothetical protein
M6286_00953	CDS	246				hypothetical protein
M6286_00954	CDS	339	lspA	3.4.23.36		Lipoprotein signal peptidase
M6286_00955	CDS	927	rluD	5.4.99.23	COG0564	Ribosomal large subunit pseudouridine synthase D
M6286_00956	CDS	591				hypothetical protein
M6286_00957	CDS	345		3.1.4.-		Putative metallophosphoesterase MG207 
M6286_00958	CDS	159		3.1.4.-		Putative metallophosphoesterase MG207 
M6286_00959	CDS	1461	uvrC		COG0322	UvrABC system protein C
M6286_00960	CDS	795	hrcA_1		COG1420	Heat-inducible transcription repressor HrcA
M6286_00961	CDS	231	hrcA_2			Heat-inducible transcription repressor HrcA
M6286_00962	CDS	2013	parC	5.6.2.2	COG0188	DNA topoisomerase 4 subunit A
M6286_00963	CDS	288	gyrA_2	5.6.2.2	COG0188	Type 2 topoisomerase subunit A
M6286_00964	CDS	147	parE_1	5.6.2.2	COG0187	DNA topoisomerase 4 subunit B
M6286_00965	CDS	1746	parE_2	5.6.2.2	COG0187	DNA topoisomerase 4 subunit B
M6286_00966	tRNA	74				tRNA-Thr(ggt)
M6286_00967	CDS	369				hypothetical protein
M6286_00968	CDS	201	grpE_1			Protein GrpE
M6286_00969	CDS	453	grpE_2			Protein GrpE
M6286_00970	CDS	966				DnaJ-like protein MG200
M6286_00971	CDS	567				DnaJ-like protein MG200
M6286_00972	CDS	708	rnhC	3.1.26.4	COG1039	Ribonuclease HIII
M6286_00973	CDS	375	rplT			50S ribosomal protein L20
M6286_00974	CDS	180	rpmI			50S ribosomal protein L35
M6286_00975	CDS	546	infC			Translation initiation factor IF-3
M6286_00976	CDS	150				hypothetical protein
M6286_00977	CDS	402				hypothetical protein
M6286_00978	CDS	384				hypothetical protein
M6286_00979	CDS	645	pheT_1	6.1.1.20		Phenylalanine--tRNA ligase beta subunit
M6286_00980	CDS	228				hypothetical protein
M6286_00981	CDS	474	pheT_2	6.1.1.20		Phenylalanine--tRNA ligase beta subunit
M6286_00982	CDS	153	pheS_1	6.1.1.20		Phenylalanine--tRNA ligase alpha subunit
M6286_00983	CDS	561	pheS_2	6.1.1.20		Phenylalanine--tRNA ligase alpha subunit
M6286_00984	CDS	174				hypothetical protein
M6286_00985	CDS	255	mgpA_3			Adhesin P1
M6286_00986	CDS	171				hypothetical protein
M6286_00987	CDS	351				hypothetical protein
M6286_00988	CDS	1239				Mgp-operon protein 3
M6286_00989	CDS	387				Mgp-operon protein 3
M6286_00990	CDS	225	mgpA_4			Adhesin P1
M6286_00991	CDS	129				hypothetical protein
M6286_00992	CDS	270				hypothetical protein
M6286_00993	CDS	303				hypothetical protein
M6286_00994	CDS	159				hypothetical protein
M6286_00995	CDS	177				hypothetical protein
M6286_00996	CDS	273				putative lipoprotein MG186 
M6286_00997	CDS	330				Putative ABC transporter ATP-binding protein MG187 
M6286_00998	CDS	294				Putative ABC transporter ATP-binding protein MG187 
M6286_00999	CDS	705				Putative ABC transporter ATP-binding protein MG187 
M6286_01000	CDS	195				Putative ABC transporter ATP-binding protein MG187 
M6286_01001	CDS	282				hypothetical protein
M6286_01002	CDS	564	araP		COG1175	L-arabinose transport system permease protein AraP
M6286_01003	CDS	156				hypothetical protein
M6286_01004	CDS	201				hypothetical protein
M6286_01005	CDS	156				hypothetical protein
M6286_01006	CDS	606	nrnA_2	3.1.-.-		Bifunctional oligoribonuclease and PAP phosphatase NrnA
M6286_01007	CDS	516	mgpA_5			Adhesin P1
M6286_01008	CDS	153	mgpA_6			Adhesin P1
M6286_01009	CDS	348	mgpA_7			Adhesin P1
M6286_01010	CDS	273	mgpA_8			Adhesin P1
M6286_01011	CDS	159				hypothetical protein
M6286_01012	CDS	144	mgpA_9			Adhesin P1
M6286_01013	CDS	468	mgpA_10			Adhesin P1
M6286_01014	CDS	921				hypothetical protein
M6286_01015	CDS	168				hypothetical protein
M6286_01016	CDS	1101				hypothetical protein
M6286_01017	CDS	471				hypothetical protein
M6286_01018	CDS	372				hypothetical protein
M6286_01019	CDS	330				hypothetical protein
M6286_01020	CDS	465				hypothetical protein
M6286_01021	CDS	594				hypothetical protein
M6286_01022	CDS	435				hypothetical protein
M6286_01023	CDS	189				hypothetical protein
M6286_01024	CDS	114				hypothetical protein
M6286_01025	CDS	714				hypothetical protein
M6286_01026	CDS	342	hmw1			Cytadherence high molecular weight protein 1
