locus_tag	ftype	length_bp	gene	EC_number	COG	product
M2300_00001	CDS	249				Mgp-operon protein 3
M2300_00002	CDS	1245				Mgp-operon protein 3
M2300_00003	CDS	348				hypothetical protein
M2300_00004	CDS	333	mgpA_1			Adhesin P1
M2300_00005	CDS	177				hypothetical protein
M2300_00006	CDS	153				hypothetical protein
M2300_00007	CDS	309	ptsG_1	2.7.1.199	COG1263	PTS system glucose-specific EIICBA component
M2300_00008	CDS	258				hypothetical protein
M2300_00009	CDS	207	ptsG_2	2.7.1.199		PTS system glucose-specific EIICBA component
M2300_00010	CDS	93				hypothetical protein
M2300_00011	CDS	402	ptsG_3	2.7.1.199	COG1263	PTS system glucose-specific EIICBA component
M2300_00012	CDS	582	ptsG_4	2.7.1.199		PTS system glucose-specific EIICBA component
M2300_00013	CDS	93				hypothetical protein
M2300_00014	CDS	216				hypothetical protein
M2300_00015	CDS	279				hypothetical protein
M2300_00016	CDS	396	yoaB_1	7.2.2.10	COG0474	Calcium-transporting ATPase 1
M2300_00017	CDS	273	yoaB_2	7.2.2.10	COG0474	Calcium-transporting ATPase 1
M2300_00018	CDS	495		7.2.2.10		Calcium-transporting ATPase 1
M2300_00019	CDS	441	pacL	7.2.2.10	COG0474	Calcium-transporting ATPase
M2300_00020	CDS	228				hypothetical protein
M2300_00021	CDS	1248	secA		COG0653	Protein translocase subunit SecA
M2300_00022	CDS	915	secA1			Protein translocase subunit SecA 1
M2300_00023	CDS	249				hypothetical protein
M2300_00024	CDS	1971	uvrB			UvrABC system protein B
M2300_00025	CDS	207				hypothetical protein
M2300_00026	CDS	2397				hypothetical protein
M2300_00027	CDS	294				hypothetical protein
M2300_00028	CDS	417				hypothetical protein
M2300_00029	CDS	201				hypothetical protein
M2300_00030	CDS	744			COG0601	Putative peptide transport permease protein
M2300_00031	CDS	171				hypothetical protein
M2300_00032	CDS	486				hypothetical protein
M2300_00033	CDS	114				hypothetical protein
M2300_00034	CDS	345				hypothetical protein
M2300_00035	CDS	1113	oppD		COG0444	Oligopeptide transport ATP-binding protein OppD
M2300_00036	CDS	888				hypothetical protein
M2300_00037	CDS	420				hypothetical protein
M2300_00038	CDS	1107	btuD_1	7.6.2.8		Vitamin B12 import ATP-binding protein BtuD
M2300_00039	CDS	414	rplK		COG0080	50S ribosomal protein L11
M2300_00040	CDS	318	rplA_1		COG0081	50S ribosomal protein L1
M2300_00041	CDS	327	rplA_2			50S ribosomal protein L1
M2300_00042	CDS	570	pth	3.1.1.29		Peptidyl-tRNA hydrolase
M2300_00043	CDS	213	tilS	6.3.4.19		tRNA(Ile)-lysidine synthase
M2300_00044	CDS	99				hypothetical protein
M2300_00045	CDS	345				hypothetical protein
M2300_00046	CDS	936	hprK	2.7.11.-		HPr kinase/phosphorylase
M2300_00047	CDS	807	lgt	2.5.1.145	COG0682	Phosphatidylglycerol--prolipoprotein diacylglyceryl transferase
M2300_00048	CDS	165				hypothetical protein
M2300_00049	CDS	420	rpsL		COG0048	30S ribosomal protein S12
M2300_00050	CDS	468	rpsG			30S ribosomal protein S7
M2300_00051	CDS	216	fusA_1		COG0480	Elongation factor G
M2300_00052	CDS	126	fusA_2		COG0480	Elongation factor G
M2300_00053	CDS	1659	fusA_3		COG0480	Elongation factor G
M2300_00054	CDS	471				hypothetical protein
M2300_00055	CDS	291				hypothetical protein
M2300_00056	CDS	315				hypothetical protein
M2300_00057	CDS	453	rplI		COG0359	50S ribosomal protein L9
M2300_00058	CDS	630				hypothetical protein
M2300_00059	CDS	708	dnaB	3.6.4.12	COG0305	Replicative DNA helicase
M2300_00060	CDS	348				hypothetical protein
M2300_00061	CDS	129				hypothetical protein
M2300_00062	CDS	174				hypothetical protein
M2300_00063	CDS	1632				hypothetical protein
M2300_00064	CDS	270				hypothetical protein
M2300_00065	CDS	228		3.2.2.27		Uracil-DNA glycosylase
M2300_00066	CDS	738				hypothetical protein
M2300_00067	CDS	135				hypothetical protein
M2300_00068	CDS	459	GATC	6.3.5.-		Glutamyl-tRNA(Gln) amidotransferase subunit C, chloroplastic/mitochondrial
M2300_00069	CDS	810	gatA_1	6.3.5.7	COG0154	Glutamyl-tRNA(Gln) amidotransferase subunit A
M2300_00070	CDS	552	gatA_2	6.3.5.7	COG0154	Glutamyl-tRNA(Gln) amidotransferase subunit A
M2300_00071	CDS	1434	gatB	6.3.5.-	COG0064	Aspartyl/glutamyl-tRNA(Asn/Gln) amidotransferase subunit B
M2300_00072	CDS	450				hypothetical protein
M2300_00073	CDS	948	trxB	1.8.1.9	COG0492	Thioredoxin reductase
M2300_00074	CDS	606	whiA			cell division protein WhiA
M2300_00075	CDS	213				hypothetical protein
M2300_00076	CDS	162				hypothetical protein
M2300_00077	CDS	1287	rnr_1	3.1.13.1	COG0557	Ribonuclease R
M2300_00078	CDS	414	rnr_2	3.1.13.1	COG0557	Ribonuclease R
M2300_00079	CDS	117				hypothetical protein
M2300_00080	CDS	252	cdaS	2.7.7.85		Diadenylate cyclase CdaS
M2300_00081	CDS	213				hypothetical protein
M2300_00082	CDS	570	gmk	2.7.4.8	COG0194	Guanylate kinase
M2300_00083	CDS	216				hypothetical protein
M2300_00084	CDS	315				hypothetical protein
M2300_00085	CDS	924	prkC	2.7.11.1		Serine/threonine-protein kinase PrkC
M2300_00086	CDS	96				hypothetical protein
M2300_00087	CDS	141	rsgA_1	3.6.1.-		Small ribosomal subunit biogenesis GTPase RsgA
M2300_00088	CDS	528	rsgA_2	3.6.1.-	COG1162	Small ribosomal subunit biogenesis GTPase RsgA
M2300_00089	CDS	756	pgi_1	5.3.1.9	COG0166	Glucose-6-phosphate isomerase
M2300_00090	CDS	375	pgi_2	5.3.1.9	COG0166	Glucose-6-phosphate isomerase
M2300_00091	CDS	630	rpe	5.1.3.1	COG0036	Ribulose-phosphate 3-epimerase
M2300_00092	CDS	234				hypothetical protein
M2300_00093	CDS	936	asnS_1	6.1.1.22	COG0017	Asparagine--tRNA ligase
M2300_00094	CDS	135	asnS_2	6.1.1.22	COG0017	Asparagine--tRNA ligase
M2300_00095	CDS	279	pgsA	2.7.8.5		CDP-diacylglycerol--glycerol-3-phosphate 3-phosphatidyltransferase
M2300_00096	CDS	147				hypothetical protein
M2300_00097	CDS	474				Protein MG115 
M2300_00098	CDS	534				hypothetical protein
M2300_00099	CDS	126				hypothetical protein
M2300_00100	CDS	204				hypothetical protein
M2300_00101	CDS	354				hypothetical protein
M2300_00102	CDS	741	galE	5.1.3.2	COG1087	UDP-glucose 4-epimerase
M2300_00103	CDS	1143	btuD_2	7.6.2.8		Vitamin B12 import ATP-binding protein BtuD
M2300_00104	CDS	381				hypothetical protein
M2300_00105	CDS	441				hypothetical protein
M2300_00106	CDS	135				hypothetical protein
M2300_00107	CDS	429				hypothetical protein
M2300_00108	CDS	183				hypothetical protein
M2300_00109	CDS	198				hypothetical protein
M2300_00110	CDS	423				hypothetical protein
M2300_00111	CDS	162	topA_1	5.6.2.1		DNA topoisomerase 1
M2300_00112	CDS	1440	topA_2	5.6.2.1		DNA topoisomerase 1
M2300_00113	CDS	312	topA_3	5.6.2.1		DNA topoisomerase 1
M2300_00114	CDS	993	rny_1	3.1.-.-		Ribonuclease Y
M2300_00115	CDS	303				hypothetical protein
M2300_00116	CDS	690				hypothetical protein
M2300_00117	CDS	156				hypothetical protein
M2300_00118	CDS	1044	trpS	6.1.1.2		Tryptophan--tRNA ligase
M2300_00119	CDS	438	spxA			Regulatory protein Spx
M2300_00120	CDS	780	nadK	2.7.1.23		NAD kinase
M2300_00121	CDS	336				hypothetical protein
M2300_00122	CDS	1293	rny_2	3.1.-.-		Ribonuclease Y
M2300_00123	CDS	111				hypothetical protein
M2300_00124	CDS	282				hypothetical protein
M2300_00125	CDS	426	hit		COG0537	Protein hit
M2300_00126	CDS	117				hypothetical protein
M2300_00127	CDS	303	ybaB			Nucleoid-associated protein YbaB
M2300_00128	CDS	192				hypothetical protein
M2300_00129	CDS	630				hypothetical protein
M2300_00130	CDS	429	lysS_1	6.1.1.6		Lysine--tRNA ligase
M2300_00131	CDS	399	lysS_2	6.1.1.6	COG1190	Lysine--tRNA ligase
M2300_00132	CDS	534	lysS_3	6.1.1.6		Lysine--tRNA ligase
M2300_00133	CDS	840	fcf2	5.4.99.59		dTDP-fucopyranose mutase
M2300_00134	CDS	189				hypothetical protein
M2300_00135	CDS	1797	lepA	3.6.5.-		Elongation factor 4
M2300_00136	CDS	1659	rnjA	3.1.-.-	COG0595	Ribonuclease J1
M2300_00137	CDS	351				hypothetical protein
M2300_00138	CDS	237	mgpA_2			Adhesin P1
M2300_00139	CDS	177				hypothetical protein
M2300_00140	CDS	102				Mgp-operon protein 3
M2300_00141	rRNA	1514				16S ribosomal RNA
M2300_00142	rRNA	2907				23S ribosomal RNA
M2300_00143	rRNA	74				5S ribosomal RNA (partial)
M2300_00144	CDS	366				hypothetical protein
M2300_00145	CDS	291				hypothetical protein
M2300_00146	CDS	852				hypothetical protein
M2300_00147	CDS	321				hypothetical protein
M2300_00148	CDS	693				hypothetical protein
M2300_00149	CDS	135				hypothetical protein
M2300_00150	CDS	579				hypothetical protein
M2300_00151	CDS	684	nusA_1			Transcription termination/antitermination protein NusA
M2300_00152	CDS	390	nusA_2			Transcription termination/antitermination protein NusA
M2300_00153	CDS	399	nusA_3			Transcription termination/antitermination protein NusA
M2300_00154	CDS	273				hypothetical protein
M2300_00155	CDS	1860	infB			Translation initiation factor IF-2
M2300_00156	CDS	339	rbfA			Ribosome-binding factor A
M2300_00157	CDS	426				hypothetical protein
M2300_00158	CDS	108				hypothetical protein
M2300_00159	CDS	159				hypothetical protein
M2300_00160	CDS	810	ribF		COG0196	Bifunctional riboflavin kinase/FMN adenylyltransferase
M2300_00161	CDS	126				hypothetical protein
M2300_00162	CDS	201				hypothetical protein
M2300_00163	CDS	396				hypothetical protein
M2300_00164	CDS	177				hypothetical protein
M2300_00165	CDS	654				hypothetical protein
M2300_00166	CDS	252				hypothetical protein
M2300_00167	CDS	153				hypothetical protein
M2300_00168	CDS	255				hypothetical protein
M2300_00169	CDS	465				hypothetical protein
M2300_00170	CDS	720				hypothetical protein
M2300_00171	CDS	93				hypothetical protein
M2300_00172	CDS	156				hypothetical protein
M2300_00173	CDS	321	rpsJ			30S ribosomal protein S10
M2300_00174	CDS	378	rplC		COG0087	50S ribosomal protein L3
M2300_00175	CDS	378				hypothetical protein
M2300_00176	CDS	636	rplD		COG0088	50S ribosomal protein L4
M2300_00177	CDS	321	rplW			50S ribosomal protein L23
M2300_00178	CDS	858	rplB			50S ribosomal protein L2
M2300_00179	CDS	264	rpsS			30S ribosomal protein S19
M2300_00180	CDS	435				hypothetical protein
M2300_00181	CDS	651				hypothetical protein
M2300_00182	CDS	195	rplP_1			50S ribosomal protein L16
M2300_00183	CDS	174	rplP_2		COG0197	50S ribosomal protein L16
M2300_00184	CDS	195				hypothetical protein
M2300_00185	CDS	225	rpsQ			30S ribosomal protein S17
M2300_00186	CDS	369	rplN			50S ribosomal protein L14
M2300_00187	CDS	327	rplX		COG0198	50S ribosomal protein L24
M2300_00188	CDS	291	rplE			50S ribosomal protein L5
M2300_00189	CDS	183	rpsN1		COG0199	30S ribosomal protein S14
M2300_00190	CDS	426	rpsH		COG0096	30S ribosomal protein S8
M2300_00191	CDS	462	rplF		COG0097	50S ribosomal protein L6
M2300_00192	CDS	390	rplR		COG0256	50S ribosomal protein L18
M2300_00193	CDS	636				hypothetical protein
M2300_00194	CDS	453	rplO			50S ribosomal protein L15
M2300_00195	CDS	1428	secY			Protein translocase subunit SecY
M2300_00196	CDS	645	adk	2.7.4.3		Adenylate kinase
M2300_00197	CDS	747	map	3.4.11.18	COG0024	Methionine aminopeptidase 1
M2300_00198	CDS	213	infA			Translation initiation factor IF-1
M2300_00199	CDS	258	rpsM			30S ribosomal protein S13
M2300_00200	CDS	180	rpsK		COG0100	30S ribosomal protein S11
M2300_00201	CDS	330	rpoA_1	2.7.7.6		DNA-directed RNA polymerase subunit alpha
M2300_00202	CDS	582	rpoA_2	2.7.7.6	COG0202	DNA-directed RNA polymerase subunit alpha
M2300_00203	CDS	327	rplQ		COG0203	50S ribosomal protein L17
M2300_00204	CDS	813	ecfA1_1	7.-.-.-	COG1122	Energy-coupling factor transporter ATP-binding protein EcfA1
M2300_00205	CDS	915	ecfA2	3.6.3.-		Energy-coupling factor transporter ATP-binding protein EcfA2
M2300_00206	CDS	336	ecfT_1			Energy-coupling factor transporter transmembrane protein EcfT
M2300_00207	CDS	462				hypothetical protein
M2300_00208	CDS	417	ecfT_2			Energy-coupling factor transporter transmembrane protein EcfT
M2300_00209	CDS	645	truA	5.4.99.12	COG0101	tRNA pseudouridine synthase A
M2300_00210	CDS	645				hypothetical protein
M2300_00211	CDS	357				hypothetical protein
M2300_00212	CDS	645	pepF1	3.4.24.-		Oligoendopeptidase F, plasmid
M2300_00213	CDS	750				hypothetical protein
M2300_00214	CDS	195				hypothetical protein
M2300_00215	CDS	627				hypothetical protein
M2300_00216	CDS	165				hypothetical protein
M2300_00217	CDS	1185				hypothetical protein
M2300_00218	CDS	357				hypothetical protein
M2300_00219	CDS	369				hypothetical protein
M2300_00220	CDS	171				hypothetical protein
M2300_00221	CDS	384				hypothetical protein
M2300_00222	CDS	561	pheS_1	6.1.1.20		Phenylalanine--tRNA ligase alpha subunit
M2300_00223	CDS	153	pheS_2	6.1.1.20		Phenylalanine--tRNA ligase alpha subunit
M2300_00224	CDS	474	pheT_1	6.1.1.20		Phenylalanine--tRNA ligase beta subunit
M2300_00225	CDS	228				hypothetical protein
M2300_00226	CDS	645	pheT_2	6.1.1.20		Phenylalanine--tRNA ligase beta subunit
M2300_00227	CDS	384				hypothetical protein
M2300_00228	CDS	402				hypothetical protein
M2300_00229	CDS	150				hypothetical protein
M2300_00230	CDS	546	infC			Translation initiation factor IF-3
M2300_00231	CDS	180	rpmI			50S ribosomal protein L35
M2300_00232	CDS	375	rplT			50S ribosomal protein L20
M2300_00233	CDS	708	rnhC	3.1.26.4	COG1039	Ribonuclease HIII
M2300_00234	CDS	567				DnaJ-like protein MG200
M2300_00235	CDS	966				DnaJ-like protein MG200
M2300_00236	CDS	453	grpE_1			Protein GrpE
M2300_00237	CDS	201	grpE_2			Protein GrpE
M2300_00238	CDS	369				hypothetical protein
M2300_00239	tRNA	74				tRNA-Thr(ggt)
M2300_00240	CDS	1746	parE_1	5.6.2.2	COG0187	DNA topoisomerase 4 subunit B
M2300_00241	CDS	147	parE_2	5.6.2.2	COG0187	DNA topoisomerase 4 subunit B
M2300_00242	CDS	288	gyrA_1	5.6.2.2	COG0188	Type 2 topoisomerase subunit A
M2300_00243	CDS	2013	parC	5.6.2.2	COG0188	DNA topoisomerase 4 subunit A
M2300_00244	CDS	231	hrcA_1			Heat-inducible transcription repressor HrcA
M2300_00245	CDS	795	hrcA_2		COG1420	Heat-inducible transcription repressor HrcA
M2300_00246	CDS	1461	uvrC		COG0322	UvrABC system protein C
M2300_00247	CDS	159		3.1.4.-		Putative metallophosphoesterase MG207 
M2300_00248	CDS	345		3.1.4.-		Putative metallophosphoesterase MG207 
M2300_00249	CDS	591				hypothetical protein
M2300_00250	CDS	927	rluD	5.4.99.23	COG0564	Ribosomal large subunit pseudouridine synthase D
M2300_00251	CDS	339	lspA	3.4.23.36		Lipoprotein signal peptidase
M2300_00252	CDS	246				hypothetical protein
M2300_00253	CDS	189				hypothetical protein
M2300_00254	CDS	399				hypothetical protein
M2300_00255	CDS	117				hypothetical protein
M2300_00256	CDS	195				hypothetical protein
M2300_00257	CDS	588				hypothetical protein
M2300_00258	CDS	189				hypothetical protein
M2300_00259	CDS	885	scpA			Segregation and condensation protein A
M2300_00260	CDS	624	scpB		COG1386	Segregation and condensation protein B
M2300_00261	CDS	420	pfkA_1	2.7.1.11	COG0205	ATP-dependent 6-phosphofructokinase isozyme 1
M2300_00262	CDS	468	pfkA_2	2.7.1.11		ATP-dependent 6-phosphofructokinase
M2300_00263	CDS	864	pyk_1	2.7.1.40		Pyruvate kinase
M2300_00264	CDS	294	pyk_2	2.7.1.40		Pyruvate kinase
M2300_00265	tRNA	77				tRNA-Cys(gca)
M2300_00266	tRNA	77				tRNA-Pro(tgg)
M2300_00267	tRNA	77				tRNA-Met(cat)
M2300_00268	tRNA	77				tRNA-Met(cat)
M2300_00269	tRNA	92				tRNA-Ser(tga)
M2300_00270	tRNA	77				tRNA-Met(cat)
M2300_00271	tRNA	74				tRNA-Asp(gtc)
M2300_00272	tRNA	76				tRNA-Phe(gaa)
M2300_00273	CDS	1002				hypothetical protein
M2300_00274	CDS	93				hypothetical protein
M2300_00275	CDS	3153	hmw2_1			Cytadherence high molecular weight protein 2
M2300_00276	CDS	942	hmw2_2			Cytadherence high molecular weight protein 2
M2300_00277	CDS	477	hmw2_3			Cytadherence high molecular weight protein 2
M2300_00278	CDS	696				putative protein MG218.1
M2300_00279	CDS	312				putative protein MG218.1
M2300_00280	CDS	447				hypothetical protein
M2300_00281	CDS	204				hypothetical protein
M2300_00282	tRNA	77				tRNA-Arg(gcg)
M2300_00283	CDS	465	mraZ			Transcriptional regulator MraZ
M2300_00284	CDS	930	rsmH	2.1.1.199	COG0275	Ribosomal RNA small subunit methyltransferase H
M2300_00285	CDS	1236				hypothetical protein
M2300_00286	CDS	891	ftsZ			Cell division protein FtsZ
M2300_00287	CDS	171				hypothetical protein
M2300_00288	CDS	288				hypothetical protein
M2300_00289	CDS	174				hypothetical protein
M2300_00290	CDS	966				hypothetical protein
M2300_00291	CDS	1278				hypothetical protein
M2300_00292	CDS	165				hypothetical protein
M2300_00293	CDS	183	thyA2	2.1.1.45	COG0207	Thymidylate synthase 2
M2300_00294	CDS	372	thyA	2.1.1.45	COG0207	Thymidylate synthase
M2300_00295	CDS	231	dhfR	1.5.1.3	COG0262	Dihydrofolate reductase
M2300_00296	CDS	192				hypothetical protein
M2300_00297	CDS	132				hypothetical protein
M2300_00298	CDS	672	nrdF	1.17.4.1	COG0208	Ribonucleoside-diphosphate reductase 2 subunit beta
M2300_00299	CDS	462	nrdI		COG1780	Protein NrdI
M2300_00300	CDS	1629	nrdE2	1.17.4.1	COG0209	Ribonucleoside-diphosphate reductase subunit alpha 2
M2300_00301	CDS	459	nrdE	1.17.4.1	COG0209	Ribonucleoside-diphosphate reductase subunit alpha
M2300_00302	CDS	303	rplU		COG0261	50S ribosomal protein L21
M2300_00303	CDS	300				hypothetical protein
M2300_00304	CDS	315	rpmA		COG0211	50S ribosomal protein L27
M2300_00305	CDS	846	nfo	3.1.21.2	COG0648	putative endonuclease 4
M2300_00306	CDS	423				hypothetical protein
M2300_00307	CDS	885				putative protein MG237 
M2300_00308	CDS	1224	tig	5.2.1.8	COG0544	Trigger factor
M2300_00309	CDS	978	lon1_1	3.4.21.53	COG0466	Lon protease 1
M2300_00310	CDS	1266	lon1_2	3.4.21.53	COG0466	Lon protease 1
M2300_00311	CDS	219				hypothetical protein
M2300_00312	CDS	402				hypothetical protein
M2300_00313	CDS	345	nadD	2.7.7.18	COG1057	putative nicotinate-nucleotide adenylyltransferase
M2300_00314	CDS	459				hypothetical protein
M2300_00315	CDS	105				hypothetical protein
M2300_00316	CDS	486				hypothetical protein
M2300_00317	CDS	489				hypothetical protein
M2300_00318	CDS	681				hypothetical protein
M2300_00319	CDS	219				hypothetical protein
M2300_00320	CDS	117				hypothetical protein
M2300_00321	CDS	165				hypothetical protein
M2300_00322	CDS	294				hypothetical protein
M2300_00323	CDS	372				hypothetical protein
M2300_00324	CDS	765	pcrA_1	3.6.4.12		ATP-dependent DNA helicase PcrA
M2300_00325	CDS	360				hypothetical protein
M2300_00326	CDS	558	pcrA_2	3.6.4.12		ATP-dependent DNA helicase PcrA
M2300_00327	CDS	498		6.3.3.2		5-formyltetrahydrofolate cyclo-ligase
M2300_00328	CDS	156		3.1.-.-		Putative phosphatase/phosphodiesterase MPN_349
M2300_00329	CDS	645		3.1.-.-		Putative phosphatase/phosphodiesterase MPN_349
M2300_00330	CDS	186				hypothetical protein
M2300_00331	CDS	237	plsY	2.3.1.275		Glycerol-3-phosphate acyltransferase
M2300_00332	CDS	657				hypothetical protein
M2300_00333	CDS	516	sigA		COG0568	RNA polymerase sigma factor SigA
M2300_00334	CDS	405	rpoD			RNA polymerase sigma factor RpoD
M2300_00335	CDS	366				hypothetical protein
M2300_00336	CDS	135				hypothetical protein
M2300_00337	CDS	126				hypothetical protein
M2300_00338	CDS	201				hypothetical protein
M2300_00339	CDS	630	dnaG_1	2.7.7.-	COG0358	DNA primase
M2300_00340	CDS	243	dnaG_2	2.7.7.-	COG0358	DNA primase
M2300_00341	CDS	174	glyQS_1	6.1.1.14		Glycine--tRNA ligase
M2300_00342	CDS	309	glyQS_2	6.1.1.14		Glycine--tRNA ligase
M2300_00343	CDS	438	glyQS_3	6.1.1.14	COG0423	Glycine--tRNA ligase
M2300_00344	CDS	228	glyQS_4	6.1.1.14	COG0423	Glycine--tRNA ligase
M2300_00345	CDS	306		2.1.1.-		Putative TrmH family tRNA/rRNA methyltransferase
M2300_00346	CDS	168				hypothetical protein
M2300_00347	CDS	261	cysS_1	6.1.1.16	COG0215	Cysteine--tRNA ligase
M2300_00348	CDS	540	cysS_2	6.1.1.16	COG0215	Cysteine--tRNA ligase
M2300_00349	CDS	1197	ligA_1	6.5.1.2	COG0272	DNA ligase
M2300_00350	CDS	714	ligA_2	6.5.1.2	COG0272	DNA ligase
M2300_00351	tRNA	74				tRNA-Gly(gcc)
M2300_00352	CDS	294				hypothetical protein
M2300_00353	CDS	741				hypothetical protein
M2300_00354	tRNA	75				tRNA-Arg(cct)
M2300_00355	tRNA	74				tRNA-Trp(cca)
M2300_00356	CDS	141				hypothetical protein
M2300_00357	CDS	294				hypothetical protein
M2300_00358	CDS	441	prfA_1			Peptide chain release factor 1
M2300_00359	CDS	606	prfA_2		COG0216	Peptide chain release factor 1
M2300_00360	CDS	126				hypothetical protein
M2300_00361	CDS	276	prmC	2.1.1.297		Release factor glutamine methyltransferase
M2300_00362	CDS	432				hypothetical protein
M2300_00363	CDS	636				hypothetical protein
M2300_00364	CDS	1146				hypothetical protein
M2300_00365	CDS	345				hypothetical protein
M2300_00366	CDS	132				hypothetical protein
M2300_00367	CDS	255				hypothetical protein
M2300_00368	CDS	177				hypothetical protein
M2300_00369	CDS	102				Mgp-operon protein 3
M2300_00370	CDS	390				hypothetical protein
M2300_00371	tRNA	77				tRNA-Arg(tcg)
M2300_00372	CDS	231				putative protein MPN_377
M2300_00373	CDS	363	dnaE2_1	2.7.7.7		Error-prone DNA polymerase
M2300_00374	CDS	1113	dnaE2_2	2.7.7.7		Error-prone DNA polymerase
M2300_00375	CDS	444	dnaE	2.7.7.7	COG0587	DNA polymerase III subunit alpha
M2300_00376	CDS	174				hypothetical protein
M2300_00377	CDS	756	polA	2.7.7.7		DNA polymerase I
M2300_00378	CDS	855	mutM	3.2.2.23	COG0266	Formamidopyrimidine-DNA glycosylase
M2300_00379	CDS	147				hypothetical protein
M2300_00380	CDS	198				hypothetical protein
M2300_00381	CDS	279	coaE	2.7.1.24	COG0237	Dephospho-CoA kinase
M2300_00382	CDS	219				hypothetical protein
M2300_00383	CDS	837	yitU	3.1.3.104	COG0561	5-amino-6-(5-phospho-D-ribitylamino)uracil phosphatase YitU
M2300_00384	CDS	522	leuS_1	6.1.1.4		Leucine--tRNA ligase
M2300_00385	CDS	204	leuS_2	6.1.1.4		Leucine--tRNA ligase
M2300_00386	CDS	489	leuS_3	6.1.1.4	COG0495	Leucine--tRNA ligase
M2300_00387	CDS	186	leuS_4	6.1.1.4		Leucine--tRNA ligase
M2300_00388	CDS	123				hypothetical protein
M2300_00389	CDS	201				hypothetical protein
M2300_00390	CDS	378				hypothetical protein
M2300_00391	CDS	1023				hypothetical protein
M2300_00392	CDS	387				hypothetical protein
M2300_00393	CDS	111				hypothetical protein
M2300_00394	CDS	522	lplA	6.3.1.20	COG0095	Lipoate-protein ligase A
M2300_00395	CDS	1014	pdhD_1	1.8.1.4		Dihydrolipoyl dehydrogenase
M2300_00396	CDS	237	pdhD_2	1.8.1.4		Dihydrolipoyl dehydrogenase
M2300_00397	CDS	1155	pdhC	2.3.1.12		Dihydrolipoyllysine-residue acetyltransferase component of pyruvate dehydrogenase complex
M2300_00398	CDS	225	pdhB_1	1.2.4.1		Pyruvate dehydrogenase E1 component subunit beta
M2300_00399	CDS	732	pdhB_2	1.2.4.1		Pyruvate dehydrogenase E1 component subunit beta
M2300_00400	CDS	372	pdhA_1	1.2.4.1		Pyruvate dehydrogenase E1 component subunit alpha
M2300_00401	CDS	111	pdhA_2	1.2.4.1		Pyruvate dehydrogenase E1 component subunit alpha
M2300_00402	CDS	153	pdhA_3	1.2.4.1		Pyruvate dehydrogenase E1 component subunit alpha
M2300_00403	CDS	171	pdhA_4	1.2.4.1		Pyruvate dehydrogenase E1 component subunit alpha
M2300_00404	CDS	1083		1.6.99.3		putative NADH oxidase
M2300_00405	CDS	345	nox	1.6.99.3	COG0446	NADH oxidase
M2300_00406	CDS	543	apt	2.4.2.7	COG0503	Adenine phosphoribosyltransferase
M2300_00407	CDS	687				hypothetical protein
M2300_00408	CDS	435				hypothetical protein
M2300_00409	CDS	456				hypothetical protein
M2300_00410	CDS	309				hypothetical protein
M2300_00411	CDS	1389				hypothetical protein
M2300_00412	CDS	258				hypothetical protein
M2300_00413	CDS	144				hypothetical protein
M2300_00414	CDS	195				hypothetical protein
M2300_00415	CDS	657				hypothetical protein
M2300_00416	CDS	798				hypothetical protein
M2300_00417	CDS	831				putative protein MG281
M2300_00418	CDS	657				putative protein MG281
M2300_00419	tRNA	74				tRNA-Gly(tcc)
M2300_00420	tRNA	86				tRNA-Leu(taa)
M2300_00421	tRNA	75				tRNA-Lys(ttt)
M2300_00422	tRNA	75				tRNA-Gln(ttg)
M2300_00423	tRNA	87				tRNA-Tyr(gta)
M2300_00424	CDS	486	greA		COG0782	Transcription elongation factor GreA
M2300_00425	CDS	135				hypothetical protein
M2300_00426	CDS	327				hypothetical protein
M2300_00427	CDS	822	proS	6.1.1.15	COG0442	Proline--tRNA ligase
M2300_00428	CDS	141				hypothetical protein
M2300_00429	CDS	234				hypothetical protein
M2300_00430	CDS	138				hypothetical protein
M2300_00431	CDS	210				hypothetical protein
M2300_00432	CDS	159				hypothetical protein
M2300_00433	CDS	513				hypothetical protein
M2300_00434	tRNA	75				tRNA-SeC(tca)
M2300_00435	CDS	345				hypothetical protein
M2300_00436	CDS	282	mgpA_3			Adhesin P1
M2300_00437	CDS	177				hypothetical protein
M2300_00438	CDS	1524	rpoC_1	2.7.7.6	COG0086	DNA-directed RNA polymerase subunit beta'
M2300_00439	CDS	2046	rpoC_2	2.7.7.6	COG0086	DNA-directed RNA polymerase subunit beta'
M2300_00440	CDS	99				hypothetical protein
M2300_00441	CDS	270	rpoB_1	2.7.7.6	COG0085	DNA-directed RNA polymerase subunit beta
M2300_00442	CDS	1077	rpoB_2	2.7.7.6	COG0085	DNA-directed RNA polymerase subunit beta
M2300_00443	CDS	2697	rpoB_3	2.7.7.6		DNA-directed RNA polymerase subunit beta
M2300_00444	CDS	507				hypothetical protein
M2300_00445	CDS	183				hypothetical protein
M2300_00446	CDS	396				hypothetical protein
M2300_00447	CDS	240				hypothetical protein
M2300_00448	CDS	285				hypothetical protein
M2300_00449	CDS	210				hypothetical protein
M2300_00450	CDS	216				hypothetical protein
M2300_00451	CDS	138				hypothetical protein
M2300_00452	CDS	246	ileS_1	6.1.1.5		Isoleucine--tRNA ligase
M2300_00453	CDS	273	ileS_2	6.1.1.5		Isoleucine--tRNA ligase
M2300_00454	CDS	366	ileS_3	6.1.1.5		Isoleucine--tRNA ligase
M2300_00455	CDS	168	trmL	2.1.1.207	COG0219	tRNA (cytidine(34)-2'-O)-methyltransferase
M2300_00456	CDS	114				hypothetical protein
M2300_00457	CDS	342	trmB	2.1.1.33	COG0220	tRNA (guanine-N(7)-)-methyltransferase
M2300_00458	CDS	156				hypothetical protein
M2300_00459	tRNA	76				tRNA-His(gtg)
M2300_00460	CDS	522				hypothetical protein
M2300_00461	CDS	246				hypothetical protein
M2300_00462	tRNA	88				tRNA-Leu(gag)
M2300_00463	CDS	117				hypothetical protein
M2300_00464	CDS	243				hypothetical protein
M2300_00465	CDS	342				hypothetical protein
M2300_00466	CDS	216				hypothetical protein
M2300_00467	CDS	261				hypothetical protein
M2300_00468	tRNA	82				tRNA-Leu(caa)
M2300_00469	CDS	210				hypothetical protein
M2300_00470	CDS	162	ppa_1	3.6.1.1	COG0221	Inorganic pyrophosphatase
M2300_00471	CDS	219	ppa_2	3.6.1.1	COG0221	Inorganic pyrophosphatase
M2300_00472	CDS	309	recU	3.1.22.4	COG3331	Holliday junction resolvase RecU
M2300_00473	CDS	315				hypothetical protein
M2300_00474	CDS	414				putative protein MG354
M2300_00475	CDS	885	clpB_1		COG0542	Chaperone protein ClpB
M2300_00476	CDS	273	clpB_2			Chaperone protein ClpB
M2300_00477	CDS	639	clpB_3			Chaperone protein ClpB
M2300_00478	CDS	360				hypothetical protein
M2300_00479	CDS	513	ackA_1	2.7.2.1	COG0282	Acetate kinase
M2300_00480	CDS	498	ackA_2	2.7.2.1	COG0282	Acetate kinase
M2300_00481	CDS	210				hypothetical protein
M2300_00482	CDS	228				hypothetical protein
M2300_00483	CDS	501	ruvA	3.6.4.12		Holliday junction ATP-dependent DNA helicase RuvA
M2300_00484	CDS	924	ruvB	3.6.4.12	COG2255	Holliday junction ATP-dependent DNA helicase RuvB
M2300_00485	CDS	288				hypothetical protein
M2300_00486	CDS	564	dinB	2.7.7.7	COG0389	DNA polymerase IV
M2300_00487	CDS	489	rplJ			50S ribosomal protein L10
M2300_00488	CDS	369	rplL			50S ribosomal protein L7/L12
M2300_00489	CDS	174	rpmF			50S ribosomal protein L32
M2300_00490	CDS	267				hypothetical protein
M2300_00491	CDS	156				hypothetical protein
M2300_00492	CDS	357				hypothetical protein
M2300_00493	CDS	132				hypothetical protein
M2300_00494	CDS	366	fmt	2.1.2.9		Methionyl-tRNA formyltransferase
M2300_00495	CDS	942				hypothetical protein
M2300_00496	CDS	282				hypothetical protein
M2300_00497	CDS	123				hypothetical protein
M2300_00498	CDS	297	rnc	3.1.26.3		Ribonuclease 3
M2300_00499	CDS	987	plsX	2.3.1.274		Phosphate acyltransferase
M2300_00500	CDS	1155				putative protein
M2300_00501	CDS	513				putative protein
M2300_00502	CDS	270				hypothetical protein
M2300_00503	CDS	594	rluC	5.4.99.24	COG0564	Ribosomal large subunit pseudouridine synthase C
M2300_00504	CDS	120				hypothetical protein
M2300_00505	CDS	255				hypothetical protein
M2300_00506	CDS	99				hypothetical protein
M2300_00507	CDS	378	nrnA_1	3.1.-.-	COG0618	Bifunctional oligoribonuclease and PAP phosphatase NrnA
M2300_00508	CDS	1158	thiI	2.8.1.4	COG0301	putative tRNA sulfurtransferase
M2300_00509	CDS	162				hypothetical protein
M2300_00510	CDS	360				hypothetical protein
M2300_00511	CDS	168				hypothetical protein
M2300_00512	CDS	357				hypothetical protein
M2300_00513	CDS	129				hypothetical protein
M2300_00514	CDS	585	thrS_1	6.1.1.3		Threonine--tRNA ligase
M2300_00515	CDS	477	thrS_2	6.1.1.3		Threonine--tRNA ligase
M2300_00516	CDS	183	thrS_3	6.1.1.3		Threonine--tRNA ligase
M2300_00517	CDS	318				hypothetical protein
M2300_00518	CDS	150				putative protein MG376 
M2300_00519	CDS	159				putative protein MG377 
M2300_00520	CDS	381				putative protein MG377 
M2300_00521	CDS	441	argS_1	6.1.1.19	COG0018	Arginine--tRNA ligase
M2300_00522	CDS	177				hypothetical protein
M2300_00523	CDS	453	argS_2	6.1.1.19	COG0018	Arginine--tRNA ligase
M2300_00524	CDS	180				hypothetical protein
M2300_00525	CDS	1305	mnmG_1			tRNA uridine 5-carboxymethylaminomethyl modification enzyme MnmG
M2300_00526	CDS	534	mnmG_2			tRNA uridine 5-carboxymethylaminomethyl modification enzyme MnmG
M2300_00527	CDS	579	rsmG	2.1.1.170		Ribosomal RNA small subunit methyltransferase G
M2300_00528	CDS	345				hypothetical protein
M2300_00529	tRNA	76				tRNA-Arg(tct)
M2300_00530	CDS	204	udk	2.7.1.48	COG0572	Uridine kinase
M2300_00531	CDS	156				hypothetical protein
M2300_00532	CDS	444	nadE	6.3.1.5	COG0171	NH(3)-dependent NAD(+) synthetase
M2300_00533	CDS	981	obg	3.6.5.-	COG0536	GTPase Obg
M2300_00534	CDS	177				hypothetical protein
M2300_00535	CDS	447				hypothetical protein
M2300_00536	CDS	108				hypothetical protein
M2300_00537	CDS	270				hypothetical protein
M2300_00538	CDS	2406				hypothetical protein
M2300_00539	CDS	168				hypothetical protein
M2300_00540	CDS	285				hypothetical protein
M2300_00541	CDS	495				Protein P200
M2300_00542	CDS	204	era_1			GTPase Era
M2300_00543	CDS	480	era_2			GTPase Era
M2300_00544	CDS	324	ybeY	3.1.-.-		Endoribonuclease YbeY
M2300_00545	CDS	195				hypothetical protein
M2300_00546	CDS	111				hypothetical protein
M2300_00547	CDS	348				hypothetical protein
M2300_00548	CDS	681				hypothetical protein
M2300_00549	CDS	294				hypothetical protein
M2300_00550	CDS	234	pepA_1	3.4.11.10		cytosol aminopeptidase
M2300_00551	CDS	1056	pepA_2	3.4.11.10		cytosol aminopeptidase
M2300_00552	CDS	1632	groL			60 kDa chaperonin
M2300_00553	CDS	333	groS			10 kDa chaperonin
M2300_00554	CDS	327	glyA_1	2.1.2.1	COG0112	Serine hydroxymethyltransferase
M2300_00555	CDS	870	glyA_2	2.1.2.1	COG0112	Serine hydroxymethyltransferase
M2300_00556	CDS	708				hypothetical protein
M2300_00557	CDS	348				hypothetical protein
M2300_00558	CDS	132				hypothetical protein
M2300_00559	CDS	459	rpiB	5.3.1.6	COG0698	Ribose-5-phosphate isomerase B
M2300_00560	CDS	768				hypothetical protein
M2300_00561	CDS	351				hypothetical protein
M2300_00562	CDS	312				hypothetical protein
M2300_00563	CDS	402	atpC			ATP synthase epsilon chain
M2300_00564	CDS	1431	atpD_1	7.2.2.1	COG0055	ATP synthase subunit beta, sodium ion specific
M2300_00565	CDS	396	atpG_1		COG0224	ATP synthase gamma chain, sodium ion specific
M2300_00566	CDS	348	atpG_2		COG0224	ATP synthase gamma chain
M2300_00567	CDS	789	atpA_1	7.2.2.1		ATP synthase subunit alpha, sodium ion specific
M2300_00568	CDS	747	atpA_2	7.1.2.2	COG0056	ATP synthase subunit alpha
M2300_00569	CDS	531	atpD_2			ATP synthase subunit delta
M2300_00570	CDS	246	atpF			ATP synthase subunit b
M2300_00571	CDS	309	atpH			ATP synthase subunit c
M2300_00572	CDS	108				hypothetical protein
M2300_00573	CDS	102				hypothetical protein
M2300_00574	CDS	291				hypothetical protein
M2300_00575	CDS	180				hypothetical protein
M2300_00576	CDS	273				hypothetical protein
M2300_00577	CDS	375	eno_1	4.2.1.11	COG0148	Enolase
M2300_00578	CDS	744	eno_2	4.2.1.11		Enolase
M2300_00579	CDS	678				hypothetical protein
M2300_00580	CDS	345	pstB3_1	7.3.2.1	COG1117	Phosphate import ATP-binding protein PstB 3
M2300_00581	CDS	156	pstB3_2	7.3.2.1	COG1117	Phosphate import ATP-binding protein PstB 3
M2300_00582	CDS	234				hypothetical protein
M2300_00583	CDS	630				hypothetical protein
M2300_00584	CDS	177				hypothetical protein
M2300_00585	CDS	651				hypothetical protein
M2300_00586	CDS	201				hypothetical protein
M2300_00587	CDS	387				hypothetical protein
M2300_00588	CDS	306				hypothetical protein
M2300_00589	CDS	744				hypothetical protein
M2300_00590	CDS	639				hypothetical protein
M2300_00591	CDS	294				hypothetical protein
M2300_00592	CDS	252				hypothetical protein
M2300_00593	CDS	495				hypothetical protein
M2300_00594	CDS	501				hypothetical protein
M2300_00595	CDS	645				hypothetical protein
M2300_00596	CDS	399	rpsI		COG0103	30S ribosomal protein S9
M2300_00597	CDS	186	rplM_1		COG0102	50S ribosomal protein L13
M2300_00598	CDS	231	rplM_2		COG0102	50S ribosomal protein L13
M2300_00599	CDS	117				hypothetical protein
M2300_00600	CDS	1107				hypothetical protein
M2300_00601	CDS	198	dnaX	2.7.7.7	COG2812	DNA polymerase III subunit tau
M2300_00602	CDS	1635	uvrA_1			UvrABC system protein A
M2300_00603	CDS	519	uvrA_2			UvrABC system protein A
M2300_00604	CDS	264				hypothetical protein
M2300_00605	CDS	270				hypothetical protein
M2300_00606	CDS	354				hypothetical protein
M2300_00607	CDS	153				hypothetical protein
M2300_00608	CDS	438				hypothetical protein
M2300_00609	CDS	192				hypothetical protein
M2300_00610	CDS	165				hypothetical protein
M2300_00611	CDS	1446	rnjB_1	3.1.-.-	COG0595	Ribonuclease J2
M2300_00612	CDS	162	rnjB_2	3.1.-.-	COG0595	Ribonuclease J2
M2300_00613	CDS	261	rpsO			30S ribosomal protein S15
M2300_00614	CDS	339	cshA	3.6.4.13	COG0513	DEAD-box ATP-dependent RNA helicase CshA
M2300_00615	CDS	948	rhpA	3.6.4.13		DEAD-box ATP-dependent RNA helicase RhpA
M2300_00616	CDS	195				hypothetical protein
M2300_00617	CDS	291		1.11.1.-	COG1765	Hydroperoxide reductase
M2300_00618	CDS	297				hypothetical protein
M2300_00619	CDS	231	ptsI_1	2.7.3.9	COG1080	Phosphoenolpyruvate-protein phosphotransferase
M2300_00620	CDS	498	ptsI_2	2.7.3.9		Phosphoenolpyruvate-protein phosphotransferase
M2300_00621	CDS	189				hypothetical protein
M2300_00622	CDS	720	ptsI_3	2.7.3.9		Phosphoenolpyruvate-protein phosphotransferase
M2300_00623	CDS	1524	gpmI	5.4.2.12		2,3-bisphosphoglycerate-independent phosphoglycerate mutase
M2300_00624	CDS	489	tpiA	5.3.1.1		Triosephosphate isomerase
M2300_00625	CDS	213				hypothetical protein
M2300_00626	CDS	276				hypothetical protein
M2300_00627	CDS	333				hypothetical protein
M2300_00628	CDS	117	TSFM			Elongation factor Ts, mitochondrial
M2300_00629	CDS	393	tsf		COG0264	Elongation factor Ts
M2300_00630	CDS	732	pyrH	2.7.4.22	COG0528	Uridylate kinase
M2300_00631	CDS	429	frr			Ribosome-recycling factor
M2300_00632	CDS	306				hypothetical protein
M2300_00633	CDS	90				hypothetical protein
M2300_00634	CDS	171				hypothetical protein
M2300_00635	CDS	516			COG0732	Putative type-1 restriction enzyme specificity protein MG438
M2300_00636	CDS	552			COG0732	Putative type-1 restriction enzyme specificity protein MG438
M2300_00637	CDS	354				hypothetical protein
M2300_00638	CDS	210				hypothetical protein
M2300_00639	CDS	573				hypothetical protein
M2300_00640	CDS	195				hypothetical protein
M2300_00641	CDS	195				hypothetical protein
M2300_00642	CDS	813	rbgA		COG1161	Ribosome biogenesis GTPase A
M2300_00643	CDS	393				hypothetical protein
M2300_00644	CDS	498				hypothetical protein
M2300_00645	CDS	360	rplS		COG0335	50S ribosomal protein L19
M2300_00646	CDS	543	trmD	2.1.1.228		tRNA (guanine-N(1)-)-methyltransferase
M2300_00647	CDS	114				hypothetical protein
M2300_00648	CDS	156	rpsP		COG0228	30S ribosomal protein S16
M2300_00649	CDS	138				hypothetical protein
M2300_00650	CDS	930				hypothetical protein
M2300_00651	CDS	429				hypothetical protein
M2300_00652	CDS	186	msrB	1.8.4.12		Peptide methionine sulfoxide reductase MsrB
M2300_00653	CDS	204	msrAB		COG0225	Peptide methionine sulfoxide reductase MsrA/MsrB
M2300_00654	CDS	402				hypothetical protein
M2300_00655	CDS	126				hypothetical protein
M2300_00656	CDS	270				hypothetical protein
M2300_00657	CDS	309				hypothetical protein
M2300_00658	CDS	1185	tuf			Elongation factor Tu
M2300_00659	CDS	150				hypothetical protein
M2300_00660	CDS	378				hypothetical protein
M2300_00661	CDS	879	gtaB	2.7.7.9		UTP--glucose-1-phosphate uridylyltransferase
M2300_00662	CDS	417	ohrB		COG1764	Organic hydroperoxide resistance protein OhrB
M2300_00663	CDS	399	tyrS	6.1.1.1	COG0162	Tyrosine--tRNA ligase
M2300_00664	CDS	225	tyrS1	6.1.1.1	COG0162	Tyrosine--tRNA ligase 1
M2300_00665	CDS	333				hypothetical protein
M2300_00666	CDS	717				hypothetical protein
M2300_00667	CDS	279				hypothetical protein
M2300_00668	CDS	222				hypothetical protein
M2300_00669	CDS	1464	ftsH	3.4.24.-	COG0465	ATP-dependent zinc metalloprotease FtsH
M2300_00670	CDS	159				hypothetical protein
M2300_00671	CDS	159				hypothetical protein
M2300_00672	CDS	528	hpt	2.4.2.8		Hypoxanthine-guanine phosphoribosyltransferase
M2300_00673	CDS	309				hypothetical protein
M2300_00674	CDS	939	ldh	1.1.1.27		L-lactate dehydrogenase
M2300_00675	CDS	270				hypothetical protein
M2300_00676	CDS	759				hypothetical protein
M2300_00677	CDS	159	gltX_1	6.1.1.17		Glutamate--tRNA ligase
M2300_00678	CDS	222				hypothetical protein
M2300_00679	CDS	243	gltX_2	6.1.1.17		Glutamate--tRNA ligase
M2300_00680	CDS	498	gltX_3	6.1.1.17		Glutamate--tRNA ligase
M2300_00681	CDS	780	rsmA	2.1.1.182	COG0030	Ribosomal RNA small subunit methyltransferase A
M2300_00682	CDS	315				hypothetical protein
M2300_00683	CDS	429	yidC			Membrane protein insertase YidC
M2300_00684	CDS	147	rpmH		COG0230	50S ribosomal protein L34
M2300_00685	CDS	396	macB	3.6.3.-		Macrolide export ATP-binding/permease protein MacB
M2300_00686	CDS	354				putative ABC transporter permease MG468 
M2300_00687	CDS	1722				putative ABC transporter permease MG468 
M2300_00688	CDS	774				putative ABC transporter permease MG468 
M2300_00689	CDS	171				putative ABC transporter permease MG468 
M2300_00690	CDS	150				hypothetical protein
M2300_00691	CDS	204				putative ABC transporter permease MG468 
M2300_00692	CDS	261				hypothetical protein
M2300_00693	CDS	876				putative ABC transporter permease MG468 
M2300_00694	CDS	849	btuD_3	7.6.2.8		Vitamin B12 import ATP-binding protein BtuD
M2300_00695	CDS	1314	dnaA			Chromosomal replication initiator protein DnaA
M2300_00696	CDS	246				putative protein MPN_687
M2300_00697	CDS	810			COG1192	putative protein
M2300_00698	CDS	1143	dnaN		COG0592	Beta sliding clamp
M2300_00699	CDS	246	dnaJ_1			Chaperone protein DnaJ
M2300_00700	CDS	156				hypothetical protein
M2300_00701	CDS	135	gyrB_1	5.6.2.2		DNA gyrase subunit B
M2300_00702	CDS	246	gyrB_2	5.6.2.2		DNA gyrase subunit B
M2300_00703	CDS	195	gyrB_3	5.6.2.2		DNA gyrase subunit B
M2300_00704	CDS	1029	gyrB_4	5.6.2.2		DNA gyrase subunit B
M2300_00705	CDS	153	gyrB_5	5.6.2.2		DNA gyrase subunit B
M2300_00706	CDS	2511	gyrA_2	5.6.2.2		DNA gyrase subunit A
M2300_00707	CDS	564	serS_1	6.1.1.11	COG0172	Serine--tRNA ligase
M2300_00708	CDS	189	serS_2	6.1.1.11		Serine--tRNA ligase
M2300_00709	CDS	252	serS_3	6.1.1.11	COG0172	Serine--tRNA ligase
M2300_00710	CDS	633	tmk	2.7.4.9	COG0125	Thymidylate kinase
M2300_00711	CDS	168				hypothetical protein
M2300_00712	CDS	288				hypothetical protein
M2300_00713	CDS	1137	mnmE	3.6.-.-		tRNA modification GTPase MnmE
M2300_00714	CDS	642	ycfH	3.1.-.-	COG0084	putative metal-dependent hydrolase YcfH
M2300_00715	CDS	177				hypothetical protein
M2300_00716	CDS	228				hypothetical protein
M2300_00717	CDS	309				hypothetical protein
M2300_00718	CDS	489	rimK	6.3.2.-	COG0189	Ribosomal protein S6--L-glutamate ligase
M2300_00719	CDS	216				hypothetical protein
M2300_00720	CDS	636	folD		COG0190	Bifunctional protein FolD protein
M2300_00721	tRNA	76				tRNA-Ala(tgc)
M2300_00722	tRNA	77				tRNA-Ile(gat)
M2300_00723	CDS	756				hypothetical protein
M2300_00724	CDS	432				hypothetical protein
M2300_00725	CDS	426			COG1132	putative ABC transporter ATP-binding protein
M2300_00726	CDS	273				hypothetical protein
M2300_00727	CDS	615			COG1132	putative ABC transporter ATP-binding protein
M2300_00728	CDS	357			COG1132	putative ABC transporter ATP-binding protein
M2300_00729	CDS	372				hypothetical protein
M2300_00730	CDS	912				hypothetical protein
M2300_00731	CDS	435				hypothetical protein
M2300_00732	CDS	114				hypothetical protein
M2300_00733	CDS	552				hypothetical protein
M2300_00734	CDS	1170	dnaJ_2			Chaperone protein DnaJ
M2300_00735	CDS	201	pip	3.4.11.5	COG0596	Proline iminopeptidase
M2300_00736	CDS	168				hypothetical protein
M2300_00737	CDS	255				hypothetical protein
M2300_00738	CDS	243	metG_1	6.1.1.10		Methionine--tRNA ligase
M2300_00739	CDS	396	metG_2	6.1.1.10		Methionine--tRNA ligase
M2300_00740	CDS	237	metG_3	6.1.1.10		Methionine--tRNA ligase
M2300_00741	CDS	93				hypothetical protein
M2300_00742	CDS	213	rpoE			DNA-directed RNA polymerase subunit delta
M2300_00743	CDS	531	fba_1	4.1.2.13		Fructose-bisphosphate aldolase
M2300_00744	CDS	297	fba_2	4.1.2.13	COG0191	Fructose-bisphosphate aldolase
M2300_00745	CDS	888	ychF		COG0012	Ribosome-binding ATPase YchF
M2300_00746	CDS	108	OLA1			Obg-like ATPase 1
M2300_00747	CDS	654				hypothetical protein
M2300_00748	CDS	120				hypothetical protein
M2300_00749	CDS	573	efp			Elongation factor P
M2300_00750	CDS	168			COG0781	putative protein MG027
M2300_00751	CDS	219			COG0781	putative protein MG027
M2300_00752	CDS	171				hypothetical protein
M2300_00753	CDS	594				hypothetical protein
M2300_00754	CDS	621	upp	2.4.2.9	COG0035	Uracil phosphoribosyltransferase
M2300_00755	CDS	462	polC_1	2.7.7.7		DNA polymerase III PolC-type
M2300_00756	CDS	204	polC_2	2.7.7.7		DNA polymerase III PolC-type
M2300_00757	CDS	255	polC_3	2.7.7.7		DNA polymerase III PolC-type
M2300_00758	CDS	435	polC_4	2.7.7.7		DNA polymerase III PolC-type
M2300_00759	CDS	171	polC_5	2.7.7.7		DNA polymerase III PolC-type
M2300_00760	CDS	675	polC_6	2.7.7.7		DNA polymerase III PolC-type
M2300_00761	CDS	468	polC_7	2.7.7.7		DNA polymerase III PolC-type
M2300_00762	CDS	90	polC_8	2.7.7.7		DNA polymerase III PolC-type
M2300_00763	CDS	294	polC_9	2.7.7.7		DNA polymerase III PolC-type
M2300_00764	CDS	201	polC_10	2.7.7.7		DNA polymerase III PolC-type
M2300_00765	CDS	981				hypothetical protein
M2300_00766	CDS	129				hypothetical protein
M2300_00767	CDS	243				hypothetical protein
M2300_00768	CDS	153				hypothetical protein
M2300_00769	CDS	123				hypothetical protein
M2300_00770	CDS	528	hisS_1	6.1.1.21		Histidine--tRNA ligase
M2300_00771	CDS	147				hypothetical protein
M2300_00772	CDS	249	hisS_2	6.1.1.21		Histidine--tRNA ligase
M2300_00773	CDS	537	aspS_1	6.1.1.12		Aspartate--tRNA(Asp/Asn) ligase
M2300_00774	CDS	225	aspS_2	6.1.1.12	COG0173	Aspartate--tRNA(Asp) ligase
M2300_00775	CDS	165				hypothetical protein
M2300_00776	CDS	666				hypothetical protein
M2300_00777	CDS	96				hypothetical protein
M2300_00778	CDS	351				hypothetical protein
M2300_00779	CDS	180	glpK_1	2.7.1.30	COG0554	Glycerol kinase
M2300_00780	CDS	324	glpK_2	2.7.1.30		Glycerol kinase
M2300_00781	CDS	261				hypothetical protein
M2300_00782	CDS	90				hypothetical protein
M2300_00783	CDS	138	glpK_3	2.7.1.30	COG0554	Glycerol kinase
M2300_00784	CDS	375				putative protein MG039 
M2300_00785	CDS	135				putative protein MG039 
M2300_00786	CDS	219				putative protein MG039 
M2300_00787	CDS	276				hypothetical protein
M2300_00788	CDS	597				hypothetical protein
M2300_00789	CDS	246				hypothetical protein
M2300_00790	CDS	267	ptsH			Phosphocarrier protein HPr
M2300_00791	CDS	885	btuD_4	7.6.2.8		Vitamin B12 import ATP-binding protein BtuD
M2300_00792	CDS	330	cysA	7.3.2.3	COG1118	Sulfate/thiosulfate import ATP-binding protein CysA
M2300_00793	CDS	129				hypothetical protein
M2300_00794	CDS	495				hypothetical protein
M2300_00795	CDS	405				hypothetical protein
M2300_00796	CDS	378				hypothetical protein
M2300_00797	CDS	285				hypothetical protein
M2300_00798	CDS	834				hypothetical protein
M2300_00799	CDS	615	tsaD	2.3.1.234	COG0533	tRNA N6-adenosine threonylcarbamoyltransferase
M2300_00800	CDS	162	OSGEPL1	2.3.1.234		tRNA N6-adenosine threonylcarbamoyltransferase, mitochondrial
M2300_00801	CDS	231	metK_1	2.5.1.6		S-adenosylmethionine synthase
M2300_00802	CDS	495	metK_2	2.5.1.6		S-adenosylmethionine synthase
M2300_00803	CDS	258				hypothetical protein
M2300_00804	CDS	120	srp54			Signal recognition particle 54 kDa protein
M2300_00805	CDS	723	ffh_1		COG0541	Signal recognition particle protein
M2300_00806	CDS	336	ffh_2		COG0541	Signal recognition particle protein
M2300_00807	CDS	408	deoD_1	2.4.2.1	COG0813	Purine nucleoside phosphorylase DeoD-type
M2300_00808	CDS	363	deoD_2	2.4.2.1		Purine nucleoside phosphorylase DeoD-type
M2300_00809	CDS	672	deoC1	4.1.2.4		Deoxyribose-phosphate aldolase 1
M2300_00810	CDS	924	pdp	2.4.2.2	COG0213	Pyrimidine-nucleoside phosphorylase
M2300_00811	CDS	165				hypothetical protein
M2300_00812	CDS	393	cdd	3.5.4.5	COG0295	Cytidine deaminase
M2300_00813	CDS	948	pgcA	5.4.2.2		Phosphoglucomutase
M2300_00814	CDS	327		5.4.2.8	COG1109	putative phosphomannomutase
M2300_00815	CDS	219				hypothetical protein
M2300_00816	CDS	522	nusG_1			Transcription termination/antitermination protein NusG
M2300_00817	CDS	324	nusG_2			Transcription termination/antitermination protein NusG
M2300_00818	CDS	216				hypothetical protein
M2300_00819	CDS	243				hypothetical protein
M2300_00820	CDS	102				hypothetical protein
M2300_00821	CDS	600	rsmI	2.1.1.198	COG0313	Ribosomal RNA small subunit methyltransferase I
M2300_00822	CDS	384	rnmV	3.1.26.8	COG1658	Ribonuclease M5
M2300_00823	CDS	1074	prs	2.7.6.1	COG0462	Ribose-phosphate pyrophosphokinase
M2300_00824	CDS	351	smpB		COG0691	SsrA-binding protein
M2300_00825	CDS	267				hypothetical protein
M2300_00826	CDS	159				hypothetical protein
M2300_00827	CDS	213				hypothetical protein
M2300_00828	CDS	447				hypothetical protein
M2300_00829	CDS	711				hypothetical protein
M2300_00830	CDS	234				hypothetical protein
M2300_00831	tRNA	89				tRNA-Ser(gct)
M2300_00832	CDS	267				hypothetical protein
M2300_00833	CDS	1749	fruA		COG1299	PTS system fructose-specific EIIABC component
M2300_00834	CDS	768	fruK	2.7.1.56		Putative 1-phosphofructokinase
M2300_00835	CDS	204				hypothetical protein
M2300_00836	CDS	891				hypothetical protein
M2300_00837	CDS	309				hypothetical protein
M2300_00838	CDS	207				hypothetical protein
M2300_00839	CDS	153				hypothetical protein
M2300_00840	CDS	495				hypothetical protein
M2300_00841	CDS	1056				hypothetical protein
M2300_00842	CDS	201				hypothetical protein
M2300_00843	CDS	684	bceA		COG1136	Bacitracin export ATP-binding protein BceA
M2300_00844	CDS	852	tkt_1	2.2.1.1		Transketolase
M2300_00845	CDS	1041	tkt_2	2.2.1.1		Transketolase
M2300_00846	CDS	210				hypothetical protein
M2300_00847	CDS	186				hypothetical protein
M2300_00848	CDS	1425				hypothetical protein
M2300_00849	CDS	231				hypothetical protein
M2300_00850	CDS	213				hypothetical protein
M2300_00851	CDS	276				hypothetical protein
M2300_00852	CDS	237				hypothetical protein
M2300_00853	CDS	342	hmw1			Cytadherence high molecular weight protein 1
M2300_00854	CDS	714				hypothetical protein
M2300_00855	CDS	114				hypothetical protein
M2300_00856	CDS	189				hypothetical protein
M2300_00857	CDS	435				hypothetical protein
M2300_00858	CDS	594				hypothetical protein
M2300_00859	CDS	465				hypothetical protein
M2300_00860	CDS	330				hypothetical protein
M2300_00861	CDS	372				hypothetical protein
M2300_00862	CDS	471				hypothetical protein
M2300_00863	CDS	1143				hypothetical protein
M2300_00864	CDS	237				hypothetical protein
M2300_00865	CDS	210				hypothetical protein
M2300_00866	CDS	204				hypothetical protein
M2300_00867	CDS	537				hypothetical protein
M2300_00868	CDS	252				hypothetical protein
M2300_00869	CDS	453				hypothetical protein
M2300_00870	tRNA	91				tRNA-Ser(gga)
M2300_00871	tRNA	89				tRNA-Ser(cga)
M2300_00872	CDS	405				putative lipoprotein MG321 
M2300_00873	CDS	1023				putative lipoprotein MG321 
M2300_00874	tRNA	85				tRNA-Leu(tag)
M2300_00875	tRNA	76				tRNA-Lys(ctt)
M2300_00876	tRNA	76				tRNA-Thr(tgt)
M2300_00877	tRNA	76				tRNA-Val(tac)
M2300_00878	tRNA	75				tRNA-Thr(cgt)
M2300_00879	tRNA	77				tRNA-Glu(ttc)
M2300_00880	tRNA	75				tRNA-Asn(gtt)
M2300_00881	CDS	1311	ktrB		COG0168	Ktr system potassium uptake protein B
M2300_00882	CDS	684	ktrA		COG0569	Ktr system potassium uptake protein A
M2300_00883	tmRNA	388	ssrA			transfer-messenger RNA, SsrA
M2300_00884	CDS	159				hypothetical protein
M2300_00885	CDS	270				hypothetical protein
M2300_00886	CDS	648	ypdF	3.4.11.-	COG0006	Aminopeptidase YpdF
M2300_00887	CDS	168				hypothetical protein
M2300_00888	CDS	102				hypothetical protein
M2300_00889	CDS	162	rpmGA			50S ribosomal protein L33 1
M2300_00890	CDS	495				hypothetical protein
M2300_00891	CDS	393				hypothetical protein
M2300_00892	CDS	807	menH	4.2.99.20		2-succinyl-6-hydroxy-2,4-cyclohexadiene-1-carboxylate synthase
M2300_00893	CDS	471				hypothetical protein
M2300_00894	CDS	1386				hypothetical protein
M2300_00895	CDS	1347	der		COG1160	GTPase Der
M2300_00896	CDS	447	cmk	2.7.4.25	COG0283	Cytidylate kinase
M2300_00897	CDS	210				hypothetical protein
M2300_00898	CDS	198				hypothetical protein
M2300_00899	CDS	102				hypothetical protein
M2300_00900	CDS	720			COG0217	putative transcriptional regulatory protein
M2300_00901	CDS	138				hypothetical protein
M2300_00902	CDS	165	azoR	1.7.1.17		FMN-dependent NADH-azoreductase
M2300_00903	CDS	123				hypothetical protein
M2300_00904	CDS	234	valS_1	6.1.1.9		Valine--tRNA ligase
M2300_00905	CDS	162	valS_2	6.1.1.9		Valine--tRNA ligase
M2300_00906	CDS	189	valS_3	6.1.1.9	COG0525	Valine--tRNA ligase
M2300_00907	CDS	576	engB			GTP-binding protein EngB
M2300_00908	CDS	222				hypothetical protein
M2300_00909	CDS	513		2.4.1.-	COG0463	Processive diacylglycerol beta-glycosyltransferase
M2300_00910	CDS	207		2.4.1.-	COG0463	Processive diacylglycerol beta-glycosyltransferase
M2300_00911	CDS	384	csdA	2.8.1.7	COG0520	Cysteine desulfurase CsdA
M2300_00912	CDS	456	sufS	4.4.1.16		Cysteine desulfurase
M2300_00913	CDS	417				hypothetical protein
M2300_00914	CDS	177				hypothetical protein
M2300_00915	CDS	357				hypothetical protein
M2300_00916	CDS	258				hypothetical protein
M2300_00917	CDS	159				hypothetical protein
M2300_00918	CDS	198				hypothetical protein
M2300_00919	CDS	519				hypothetical protein
M2300_00920	CDS	306				hypothetical protein
M2300_00921	CDS	141				hypothetical protein
M2300_00922	CDS	165				hypothetical protein
M2300_00923	CDS	144				hypothetical protein
M2300_00924	CDS	204				hypothetical protein
M2300_00925	CDS	1023	recA			Protein RecA
M2300_00926	CDS	177				hypothetical protein
M2300_00927	CDS	333				hypothetical protein
M2300_00928	CDS	261				Mgp-operon protein 3
M2300_00929	CDS	297				hypothetical protein
M2300_00930	CDS	144				hypothetical protein
M2300_00931	CDS	183				hypothetical protein
M2300_00932	CDS	432				hypothetical protein
M2300_00933	CDS	219				hypothetical protein
M2300_00934	CDS	309				hypothetical protein
M2300_00935	CDS	237	mnmA_1	2.8.1.13		tRNA-specific 2-thiouridylase MnmA
M2300_00936	CDS	306	mnmA_2	2.8.1.13		tRNA-specific 2-thiouridylase MnmA
M2300_00937	CDS	273	mnmA_3	2.8.1.13	COG0482	tRNA-specific 2-thiouridylase MnmA
M2300_00938	CDS	390				putative protein MG296 
M2300_00939	CDS	333	ftsY_1		COG0552	Signal recognition particle receptor FtsY
M2300_00940	CDS	558	ftsY_2		COG0552	Signal recognition particle receptor FtsY
M2300_00941	CDS	837	smc_1		COG1196	Chromosome partition protein Smc
M2300_00942	CDS	1335	smc_2			Chromosome partition protein Smc
M2300_00943	CDS	339				hypothetical protein
M2300_00944	CDS	450	smc_3		COG1196	Chromosome partition protein Smc
M2300_00945	CDS	654				hypothetical protein
M2300_00946	CDS	111	pgk_1	2.7.2.3		Phosphoglycerate kinase
M2300_00947	CDS	993	pgk_2	2.7.2.3	COG0126	Phosphoglycerate kinase
M2300_00948	CDS	1014	gapA	1.2.1.12		Glyceraldehyde-3-phosphate dehydrogenase
M2300_00949	CDS	333	ykoC			Putative HMP/thiamine permease protein YkoC
M2300_00950	CDS	144				hypothetical protein
M2300_00951	CDS	1074	btuD_5	7.6.2.8		Vitamin B12 import ATP-binding protein BtuD
M2300_00952	CDS	813	ecfA1_2	7.-.-.-	COG1122	Energy-coupling factor transporter ATP-binding protein EcfA1
M2300_00953	CDS	1728	dnaK		COG0443	Chaperone protein DnaK
M2300_00954	CDS	264				hypothetical protein
M2300_00955	CDS	273				hypothetical protein
M2300_00956	CDS	1053				hypothetical protein
M2300_00957	CDS	708				hypothetical protein
M2300_00958	CDS	432				hypothetical protein
M2300_00959	CDS	225				hypothetical protein
M2300_00960	CDS	420				hypothetical protein
M2300_00961	CDS	177				hypothetical protein
M2300_00962	CDS	417	cshB	3.6.4.13	COG0513	DEAD-box ATP-dependent RNA helicase CshB
M2300_00963	CDS	810				hypothetical protein
M2300_00964	CDS	132				hypothetical protein
M2300_00965	CDS	1311				hypothetical protein
M2300_00966	CDS	363				hypothetical protein
M2300_00967	CDS	216				hypothetical protein
M2300_00968	CDS	414				hypothetical protein
M2300_00969	CDS	597	rpsD			30S ribosomal protein S4
M2300_00970	CDS	2136				hypothetical protein
M2300_00971	CDS	927				hypothetical protein
M2300_00972	CDS	417	mgpA_4			Adhesin P1
M2300_00973	CDS	144	mgpA_5			Adhesin P1
M2300_00974	CDS	156				hypothetical protein
M2300_00975	CDS	273	mgpA_6			Adhesin P1
M2300_00976	CDS	333	mgpA_7			Adhesin P1
M2300_00977	CDS	153	mgpA_8			Adhesin P1
M2300_00978	CDS	519	mgpA_9			Adhesin P1
M2300_00979	CDS	768	nrnA_2	3.1.-.-		Bifunctional oligoribonuclease and PAP phosphatase NrnA
M2300_00980	CDS	159				hypothetical protein
M2300_00981	CDS	201				hypothetical protein
M2300_00982	CDS	156				hypothetical protein
M2300_00983	CDS	564	araP		COG1175	L-arabinose transport system permease protein AraP
M2300_00984	CDS	282				hypothetical protein
M2300_00985	CDS	219				Putative ABC transporter ATP-binding protein MG187 
M2300_00986	CDS	705				Putative ABC transporter ATP-binding protein MG187 
M2300_00987	CDS	294				Putative ABC transporter ATP-binding protein MG187 
M2300_00988	CDS	330				Putative ABC transporter ATP-binding protein MG187 
M2300_00989	CDS	273				putative lipoprotein MG186 
M2300_00990	CDS	177				hypothetical protein
M2300_00991	CDS	159				hypothetical protein
M2300_00992	CDS	402				hypothetical protein
M2300_00993	CDS	135				hypothetical protein
M2300_00994	CDS	264				hypothetical protein
M2300_00995	CDS	144				hypothetical protein
M2300_00996	CDS	273				hypothetical protein
M2300_00997	CDS	384				hypothetical protein
M2300_00998	CDS	453				High affinity transport system protein p37
M2300_00999	CDS	213				High affinity transport system protein p37
M2300_01000	CDS	192				High affinity transport system protein p37
M2300_01001	CDS	333	fetA	3.6.3.-	COG4619	putative iron export ATP-binding protein FetA
M2300_01002	CDS	183				hypothetical protein
M2300_01003	CDS	198				hypothetical protein
M2300_01004	CDS	159				hypothetical protein
M2300_01005	CDS	495				hypothetical protein
M2300_01006	CDS	258				hypothetical protein
M2300_01007	CDS	417	yrrK	3.1.-.-	COG0816	Putative pre-16S rRNA nuclease
M2300_01008	CDS	504				hypothetical protein
M2300_01009	CDS	288	alaS_1	6.1.1.7	COG0013	Alanine--tRNA ligase
M2300_01010	CDS	399				hypothetical protein
M2300_01011	CDS	435	alaS_2	6.1.1.7	COG0013	Alanine--tRNA ligase
M2300_01012	CDS	183	alaS_3	6.1.1.7	COG0013	Alanine--tRNA ligase
M2300_01013	CDS	576	glpQ	3.1.4.46	COG0584	Glycerophosphodiester phosphodiesterase
