locus_tag	ftype	length_bp	gene	EC_number	COG	product
M2341_00001	CDS	342	hmw1			Cytadherence high molecular weight protein 1
M2341_00002	CDS	714				hypothetical protein
M2341_00003	CDS	114				hypothetical protein
M2341_00004	CDS	189				hypothetical protein
M2341_00005	CDS	435				hypothetical protein
M2341_00006	CDS	594				hypothetical protein
M2341_00007	CDS	465				hypothetical protein
M2341_00008	CDS	330				hypothetical protein
M2341_00009	CDS	372				hypothetical protein
M2341_00010	CDS	471				hypothetical protein
M2341_00011	CDS	1143				hypothetical protein
M2341_00012	CDS	207				hypothetical protein
M2341_00013	CDS	210				hypothetical protein
M2341_00014	CDS	204				hypothetical protein
M2341_00015	CDS	537				hypothetical protein
M2341_00016	CDS	252				hypothetical protein
M2341_00017	CDS	453				hypothetical protein
M2341_00018	tRNA	91				tRNA-Ser(gga)
M2341_00019	tRNA	89				tRNA-Ser(cga)
M2341_00020	CDS	405				putative lipoprotein MG321 
M2341_00021	CDS	1023				putative lipoprotein MG321 
M2341_00022	tRNA	85				tRNA-Leu(tag)
M2341_00023	tRNA	76				tRNA-Lys(ctt)
M2341_00024	tRNA	76				tRNA-Thr(tgt)
M2341_00025	tRNA	76				tRNA-Val(tac)
M2341_00026	tRNA	75				tRNA-Thr(cgt)
M2341_00027	tRNA	77				tRNA-Glu(ttc)
M2341_00028	tRNA	75				tRNA-Asn(gtt)
M2341_00029	CDS	1311	ktrB		COG0168	Ktr system potassium uptake protein B
M2341_00030	CDS	684	ktrA		COG0569	Ktr system potassium uptake protein A
M2341_00031	tmRNA	388	ssrA			transfer-messenger RNA, SsrA
M2341_00032	CDS	159				hypothetical protein
M2341_00033	CDS	270				hypothetical protein
M2341_00034	CDS	648	ypdF	3.4.11.-	COG0006	Aminopeptidase YpdF
M2341_00035	CDS	168				hypothetical protein
M2341_00036	CDS	102				hypothetical protein
M2341_00037	CDS	162	rpmGA			50S ribosomal protein L33 1
M2341_00038	CDS	495				hypothetical protein
M2341_00039	CDS	393				hypothetical protein
M2341_00040	CDS	807	menH	4.2.99.20		2-succinyl-6-hydroxy-2,4-cyclohexadiene-1-carboxylate synthase
M2341_00041	CDS	471				hypothetical protein
M2341_00042	CDS	1386				hypothetical protein
M2341_00043	CDS	1347	der		COG1160	GTPase Der
M2341_00044	CDS	447	cmk	2.7.4.25	COG0283	Cytidylate kinase
M2341_00045	CDS	210				hypothetical protein
M2341_00046	CDS	198				hypothetical protein
M2341_00047	CDS	102				hypothetical protein
M2341_00048	CDS	720			COG0217	putative transcriptional regulatory protein
M2341_00049	CDS	138				hypothetical protein
M2341_00050	CDS	165	azoR	1.7.1.17		FMN-dependent NADH-azoreductase
M2341_00051	CDS	123				hypothetical protein
M2341_00052	CDS	234	valS_1	6.1.1.9		Valine--tRNA ligase
M2341_00053	CDS	162	valS_2	6.1.1.9		Valine--tRNA ligase
M2341_00054	CDS	189	valS_3	6.1.1.9	COG0525	Valine--tRNA ligase
M2341_00055	CDS	576	engB			GTP-binding protein EngB
M2341_00056	CDS	222				hypothetical protein
M2341_00057	CDS	513		2.4.1.-	COG0463	Processive diacylglycerol beta-glycosyltransferase
M2341_00058	CDS	207		2.4.1.-	COG0463	Processive diacylglycerol beta-glycosyltransferase
M2341_00059	CDS	384	csdA	2.8.1.7	COG0520	Cysteine desulfurase CsdA
M2341_00060	CDS	456	sufS	4.4.1.16		Cysteine desulfurase
M2341_00061	CDS	417				hypothetical protein
M2341_00062	CDS	177				hypothetical protein
M2341_00063	CDS	357				hypothetical protein
M2341_00064	CDS	258				hypothetical protein
M2341_00065	CDS	159				hypothetical protein
M2341_00066	CDS	198				hypothetical protein
M2341_00067	CDS	519				hypothetical protein
M2341_00068	CDS	306				hypothetical protein
M2341_00069	CDS	141				hypothetical protein
M2341_00070	CDS	165				hypothetical protein
M2341_00071	CDS	144				hypothetical protein
M2341_00072	CDS	204				hypothetical protein
M2341_00073	CDS	1023	recA			Protein RecA
M2341_00074	CDS	171				hypothetical protein
M2341_00075	CDS	102				Mgp-operon protein 3
M2341_00076	CDS	114				hypothetical protein
M2341_00077	CDS	297				hypothetical protein
M2341_00078	CDS	294	mgpA_1			Adhesin P1
M2341_00079	CDS	1524	rpoC_1	2.7.7.6	COG0086	DNA-directed RNA polymerase subunit beta'
M2341_00080	CDS	2046	rpoC_2	2.7.7.6	COG0086	DNA-directed RNA polymerase subunit beta'
M2341_00081	CDS	99				hypothetical protein
M2341_00082	CDS	270	rpoB_1	2.7.7.6	COG0085	DNA-directed RNA polymerase subunit beta
M2341_00083	CDS	1077	rpoB_2	2.7.7.6	COG0085	DNA-directed RNA polymerase subunit beta
M2341_00084	CDS	2697	rpoB_3	2.7.7.6		DNA-directed RNA polymerase subunit beta
M2341_00085	CDS	507				hypothetical protein
M2341_00086	CDS	183				hypothetical protein
M2341_00087	CDS	396				hypothetical protein
M2341_00088	CDS	240				hypothetical protein
M2341_00089	CDS	285				hypothetical protein
M2341_00090	CDS	210				hypothetical protein
M2341_00091	CDS	180				hypothetical protein
M2341_00092	CDS	216				hypothetical protein
M2341_00093	CDS	138				hypothetical protein
M2341_00094	CDS	246	ileS_1	6.1.1.5		Isoleucine--tRNA ligase
M2341_00095	CDS	273	ileS_2	6.1.1.5		Isoleucine--tRNA ligase
M2341_00096	CDS	366	ileS_3	6.1.1.5		Isoleucine--tRNA ligase
M2341_00097	CDS	168	trmL	2.1.1.207	COG0219	tRNA (cytidine(34)-2'-O)-methyltransferase
M2341_00098	CDS	114				hypothetical protein
M2341_00099	CDS	342	trmB	2.1.1.33	COG0220	tRNA (guanine-N(7)-)-methyltransferase
M2341_00100	CDS	156				hypothetical protein
M2341_00101	tRNA	76				tRNA-His(gtg)
M2341_00102	CDS	522				hypothetical protein
M2341_00103	CDS	246				hypothetical protein
M2341_00104	tRNA	88				tRNA-Leu(gag)
M2341_00105	CDS	117				hypothetical protein
M2341_00106	CDS	243				hypothetical protein
M2341_00107	CDS	342				hypothetical protein
M2341_00108	CDS	216				hypothetical protein
M2341_00109	CDS	261				hypothetical protein
M2341_00110	tRNA	82				tRNA-Leu(caa)
M2341_00111	CDS	210				hypothetical protein
M2341_00112	CDS	162	ppa_1	3.6.1.1	COG0221	Inorganic pyrophosphatase
M2341_00113	CDS	219	ppa_2	3.6.1.1	COG0221	Inorganic pyrophosphatase
M2341_00114	CDS	309	recU	3.1.22.4	COG3331	Holliday junction resolvase RecU
M2341_00115	CDS	315				hypothetical protein
M2341_00116	CDS	414				putative protein MG354
M2341_00117	CDS	885	clpB_1		COG0542	Chaperone protein ClpB
M2341_00118	CDS	273	clpB_2			Chaperone protein ClpB
M2341_00119	CDS	639	clpB_3			Chaperone protein ClpB
M2341_00120	CDS	360				hypothetical protein
M2341_00121	CDS	513	ackA_1	2.7.2.1	COG0282	Acetate kinase
M2341_00122	CDS	498	ackA_2	2.7.2.1	COG0282	Acetate kinase
M2341_00123	CDS	210				hypothetical protein
M2341_00124	CDS	204				hypothetical protein
M2341_00125	CDS	501	ruvA	3.6.4.12		Holliday junction ATP-dependent DNA helicase RuvA
M2341_00126	CDS	924	ruvB	3.6.4.12	COG2255	Holliday junction ATP-dependent DNA helicase RuvB
M2341_00127	CDS	288				hypothetical protein
M2341_00128	CDS	564	dinB	2.7.7.7	COG0389	DNA polymerase IV
M2341_00129	CDS	489	rplJ			50S ribosomal protein L10
M2341_00130	CDS	369	rplL			50S ribosomal protein L7/L12
M2341_00131	CDS	174	rpmF			50S ribosomal protein L32
M2341_00132	CDS	267				hypothetical protein
M2341_00133	CDS	156				hypothetical protein
M2341_00134	CDS	357				hypothetical protein
M2341_00135	CDS	132				hypothetical protein
M2341_00136	CDS	366	fmt	2.1.2.9		Methionyl-tRNA formyltransferase
M2341_00137	CDS	942				hypothetical protein
M2341_00138	CDS	282				hypothetical protein
M2341_00139	CDS	297	rnc	3.1.26.3		Ribonuclease 3
M2341_00140	CDS	987	plsX	2.3.1.274		Phosphate acyltransferase
M2341_00141	CDS	1155				putative protein
M2341_00142	CDS	513				putative protein
M2341_00143	CDS	270				hypothetical protein
M2341_00144	CDS	594	rluC	5.4.99.24	COG0564	Ribosomal large subunit pseudouridine synthase C
M2341_00145	CDS	120				hypothetical protein
M2341_00146	CDS	255				hypothetical protein
M2341_00147	CDS	99				hypothetical protein
M2341_00148	CDS	378	nrnA_1	3.1.-.-	COG0618	Bifunctional oligoribonuclease and PAP phosphatase NrnA
M2341_00149	CDS	1158	thiI	2.8.1.4	COG0301	putative tRNA sulfurtransferase
M2341_00150	CDS	162				hypothetical protein
M2341_00151	CDS	360				hypothetical protein
M2341_00152	CDS	168				hypothetical protein
M2341_00153	CDS	357				hypothetical protein
M2341_00154	CDS	129				hypothetical protein
M2341_00155	CDS	585	thrS_1	6.1.1.3		Threonine--tRNA ligase
M2341_00156	CDS	477	thrS_2	6.1.1.3		Threonine--tRNA ligase
M2341_00157	CDS	183	thrS_3	6.1.1.3		Threonine--tRNA ligase
M2341_00158	CDS	318				hypothetical protein
M2341_00159	CDS	150				putative protein MG376 
M2341_00160	CDS	159				putative protein MG377 
M2341_00161	CDS	381				putative protein MG377 
M2341_00162	CDS	441	argS_1	6.1.1.19	COG0018	Arginine--tRNA ligase
M2341_00163	CDS	177				hypothetical protein
M2341_00164	CDS	453	argS_2	6.1.1.19	COG0018	Arginine--tRNA ligase
M2341_00165	CDS	180				hypothetical protein
M2341_00166	CDS	1305	mnmG_1			tRNA uridine 5-carboxymethylaminomethyl modification enzyme MnmG
M2341_00167	CDS	534	mnmG_2			tRNA uridine 5-carboxymethylaminomethyl modification enzyme MnmG
M2341_00168	CDS	579	rsmG	2.1.1.170		Ribosomal RNA small subunit methyltransferase G
M2341_00169	CDS	345				hypothetical protein
M2341_00170	tRNA	76				tRNA-Arg(tct)
M2341_00171	CDS	204	udk	2.7.1.48	COG0572	Uridine kinase
M2341_00172	CDS	156				hypothetical protein
M2341_00173	CDS	444	nadE	6.3.1.5	COG0171	NH(3)-dependent NAD(+) synthetase
M2341_00174	CDS	981	obg	3.6.5.-	COG0536	GTPase Obg
M2341_00175	CDS	177				hypothetical protein
M2341_00176	CDS	447				hypothetical protein
M2341_00177	CDS	108				hypothetical protein
M2341_00178	CDS	270				hypothetical protein
M2341_00179	CDS	2406				hypothetical protein
M2341_00180	CDS	168				hypothetical protein
M2341_00181	CDS	285				hypothetical protein
M2341_00182	CDS	495				Protein P200
M2341_00183	CDS	204	era_1			GTPase Era
M2341_00184	CDS	480	era_2			GTPase Era
M2341_00185	CDS	324	ybeY	3.1.-.-		Endoribonuclease YbeY
M2341_00186	CDS	195				hypothetical protein
M2341_00187	CDS	111				hypothetical protein
M2341_00188	CDS	348				hypothetical protein
M2341_00189	CDS	681				hypothetical protein
M2341_00190	CDS	294				hypothetical protein
M2341_00191	CDS	234	pepA_1	3.4.11.10		cytosol aminopeptidase
M2341_00192	CDS	1056	pepA_2	3.4.11.10		cytosol aminopeptidase
M2341_00193	CDS	1632	groL			60 kDa chaperonin
M2341_00194	CDS	333	groS			10 kDa chaperonin
M2341_00195	CDS	327	glyA_1	2.1.2.1	COG0112	Serine hydroxymethyltransferase
M2341_00196	CDS	870	glyA_2	2.1.2.1	COG0112	Serine hydroxymethyltransferase
M2341_00197	CDS	708				hypothetical protein
M2341_00198	CDS	348				hypothetical protein
M2341_00199	CDS	132				hypothetical protein
M2341_00200	CDS	459	rpiB	5.3.1.6	COG0698	Ribose-5-phosphate isomerase B
M2341_00201	CDS	768				hypothetical protein
M2341_00202	CDS	351				hypothetical protein
M2341_00203	CDS	312				hypothetical protein
M2341_00204	CDS	402	atpC			ATP synthase epsilon chain
M2341_00205	CDS	1431	atpD_1	7.2.2.1	COG0055	ATP synthase subunit beta, sodium ion specific
M2341_00206	CDS	396	atpG_1		COG0224	ATP synthase gamma chain, sodium ion specific
M2341_00207	CDS	348	atpG_2		COG0224	ATP synthase gamma chain
M2341_00208	CDS	789	atpA_1	7.2.2.1		ATP synthase subunit alpha, sodium ion specific
M2341_00209	CDS	747	atpA_2	7.1.2.2	COG0056	ATP synthase subunit alpha
M2341_00210	CDS	531	atpD_2			ATP synthase subunit delta
M2341_00211	CDS	246	atpF			ATP synthase subunit b
M2341_00212	CDS	309	atpH			ATP synthase subunit c
M2341_00213	CDS	129				hypothetical protein
M2341_00214	CDS	102				hypothetical protein
M2341_00215	CDS	291				hypothetical protein
M2341_00216	CDS	180				hypothetical protein
M2341_00217	CDS	273				hypothetical protein
M2341_00218	CDS	375	eno_1	4.2.1.11	COG0148	Enolase
M2341_00219	CDS	744	eno_2	4.2.1.11		Enolase
M2341_00220	CDS	678				hypothetical protein
M2341_00221	CDS	345	pstB3_1	7.3.2.1	COG1117	Phosphate import ATP-binding protein PstB 3
M2341_00222	CDS	156	pstB3_2	7.3.2.1	COG1117	Phosphate import ATP-binding protein PstB 3
M2341_00223	CDS	234				hypothetical protein
M2341_00224	CDS	630				hypothetical protein
M2341_00225	CDS	177				hypothetical protein
M2341_00226	CDS	651				hypothetical protein
M2341_00227	CDS	201				hypothetical protein
M2341_00228	CDS	387				hypothetical protein
M2341_00229	CDS	321				hypothetical protein
M2341_00230	CDS	744				hypothetical protein
M2341_00231	CDS	639				hypothetical protein
M2341_00232	CDS	294				hypothetical protein
M2341_00233	CDS	252				hypothetical protein
M2341_00234	CDS	495				hypothetical protein
M2341_00235	CDS	501				hypothetical protein
M2341_00236	CDS	645				hypothetical protein
M2341_00237	CDS	399	rpsI		COG0103	30S ribosomal protein S9
M2341_00238	CDS	186	rplM_1		COG0102	50S ribosomal protein L13
M2341_00239	CDS	231	rplM_2		COG0102	50S ribosomal protein L13
M2341_00240	CDS	117				hypothetical protein
M2341_00241	CDS	1107				hypothetical protein
M2341_00242	CDS	198	dnaX	2.7.7.7	COG2812	DNA polymerase III subunit tau
M2341_00243	CDS	1635	uvrA_1			UvrABC system protein A
M2341_00244	CDS	519	uvrA_2			UvrABC system protein A
M2341_00245	CDS	264				hypothetical protein
M2341_00246	CDS	270				hypothetical protein
M2341_00247	CDS	354				hypothetical protein
M2341_00248	CDS	153				hypothetical protein
M2341_00249	CDS	438				hypothetical protein
M2341_00250	CDS	192				hypothetical protein
M2341_00251	CDS	165				hypothetical protein
M2341_00252	CDS	1446	rnjB_1	3.1.-.-	COG0595	Ribonuclease J2
M2341_00253	CDS	162	rnjB_2	3.1.-.-	COG0595	Ribonuclease J2
M2341_00254	CDS	261	rpsO			30S ribosomal protein S15
M2341_00255	CDS	339	cshA	3.6.4.13	COG0513	DEAD-box ATP-dependent RNA helicase CshA
M2341_00256	CDS	948	rhpA	3.6.4.13		DEAD-box ATP-dependent RNA helicase RhpA
M2341_00257	CDS	195				hypothetical protein
M2341_00258	CDS	291		1.11.1.-	COG1765	Hydroperoxide reductase
M2341_00259	CDS	297				hypothetical protein
M2341_00260	CDS	231	ptsI_1	2.7.3.9	COG1080	Phosphoenolpyruvate-protein phosphotransferase
M2341_00261	CDS	498	ptsI_2	2.7.3.9		Phosphoenolpyruvate-protein phosphotransferase
M2341_00262	CDS	189				hypothetical protein
M2341_00263	CDS	720	ptsI_3	2.7.3.9		Phosphoenolpyruvate-protein phosphotransferase
M2341_00264	CDS	1524	gpmI	5.4.2.12		2,3-bisphosphoglycerate-independent phosphoglycerate mutase
M2341_00265	CDS	489	tpiA	5.3.1.1		Triosephosphate isomerase
M2341_00266	CDS	213				hypothetical protein
M2341_00267	CDS	276				hypothetical protein
M2341_00268	CDS	333				hypothetical protein
M2341_00269	CDS	117	TSFM			Elongation factor Ts, mitochondrial
M2341_00270	CDS	393	tsf		COG0264	Elongation factor Ts
M2341_00271	CDS	732	pyrH	2.7.4.22	COG0528	Uridylate kinase
M2341_00272	CDS	429	frr			Ribosome-recycling factor
M2341_00273	CDS	306				hypothetical protein
M2341_00274	CDS	90				hypothetical protein
M2341_00275	CDS	171				hypothetical protein
M2341_00276	CDS	516			COG0732	Putative type-1 restriction enzyme specificity protein MG438
M2341_00277	CDS	552			COG0732	Putative type-1 restriction enzyme specificity protein MG438
M2341_00278	CDS	354				hypothetical protein
M2341_00279	CDS	210				hypothetical protein
M2341_00280	CDS	573				hypothetical protein
M2341_00281	CDS	195				hypothetical protein
M2341_00282	CDS	195				hypothetical protein
M2341_00283	CDS	813	rbgA		COG1161	Ribosome biogenesis GTPase A
M2341_00284	CDS	396				hypothetical protein
M2341_00285	CDS	498				hypothetical protein
M2341_00286	CDS	360	rplS		COG0335	50S ribosomal protein L19
M2341_00287	CDS	543	trmD	2.1.1.228		tRNA (guanine-N(1)-)-methyltransferase
M2341_00288	CDS	114				hypothetical protein
M2341_00289	CDS	156	rpsP		COG0228	30S ribosomal protein S16
M2341_00290	CDS	138				hypothetical protein
M2341_00291	CDS	930				hypothetical protein
M2341_00292	CDS	429				hypothetical protein
M2341_00293	CDS	186	msrB	1.8.4.12		Peptide methionine sulfoxide reductase MsrB
M2341_00294	CDS	204	msrAB		COG0225	Peptide methionine sulfoxide reductase MsrA/MsrB
M2341_00295	CDS	402				hypothetical protein
M2341_00296	CDS	126				hypothetical protein
M2341_00297	CDS	270				hypothetical protein
M2341_00298	CDS	309				hypothetical protein
M2341_00299	CDS	1185	tuf			Elongation factor Tu
M2341_00300	CDS	150				hypothetical protein
M2341_00301	CDS	378				hypothetical protein
M2341_00302	CDS	879	gtaB	2.7.7.9		UTP--glucose-1-phosphate uridylyltransferase
M2341_00303	CDS	468	ohrB		COG1764	Organic hydroperoxide resistance protein OhrB
M2341_00304	CDS	351	tyrS	6.1.1.1	COG0162	Tyrosine--tRNA ligase
M2341_00305	CDS	225	tyrS1	6.1.1.1	COG0162	Tyrosine--tRNA ligase 1
M2341_00306	CDS	333				hypothetical protein
M2341_00307	CDS	717				hypothetical protein
M2341_00308	CDS	279				hypothetical protein
M2341_00309	CDS	222				hypothetical protein
M2341_00310	CDS	1428	ftsH	3.4.24.-	COG0465	ATP-dependent zinc metalloprotease FtsH
M2341_00311	CDS	159				hypothetical protein
M2341_00312	CDS	159				hypothetical protein
M2341_00313	CDS	528	hpt	2.4.2.8		Hypoxanthine-guanine phosphoribosyltransferase
M2341_00314	CDS	309				hypothetical protein
M2341_00315	CDS	939	ldh	1.1.1.27		L-lactate dehydrogenase
M2341_00316	CDS	270				hypothetical protein
M2341_00317	CDS	759				hypothetical protein
M2341_00318	CDS	159	gltX_1	6.1.1.17		Glutamate--tRNA ligase
M2341_00319	CDS	222				hypothetical protein
M2341_00320	CDS	243	gltX_2	6.1.1.17		Glutamate--tRNA ligase
M2341_00321	CDS	498	gltX_3	6.1.1.17		Glutamate--tRNA ligase
M2341_00322	CDS	780	rsmA	2.1.1.182	COG0030	Ribosomal RNA small subunit methyltransferase A
M2341_00323	CDS	315				hypothetical protein
M2341_00324	CDS	429	yidC			Membrane protein insertase YidC
M2341_00325	CDS	147	rpmH		COG0230	50S ribosomal protein L34
M2341_00326	CDS	396	macB	3.6.3.-		Macrolide export ATP-binding/permease protein MacB
M2341_00327	CDS	354				putative ABC transporter permease MG468 
M2341_00328	CDS	1722				putative ABC transporter permease MG468 
M2341_00329	CDS	774				putative ABC transporter permease MG468 
M2341_00330	CDS	171				putative ABC transporter permease MG468 
M2341_00331	CDS	150				hypothetical protein
M2341_00332	CDS	204				putative ABC transporter permease MG468 
M2341_00333	CDS	261				hypothetical protein
M2341_00334	CDS	876				putative ABC transporter permease MG468 
M2341_00335	CDS	849	btuD_1	7.6.2.8		Vitamin B12 import ATP-binding protein BtuD
M2341_00336	CDS	1314	dnaA			Chromosomal replication initiator protein DnaA
M2341_00337	CDS	246				putative protein MPN_687
M2341_00338	CDS	810			COG1192	putative protein
M2341_00339	CDS	1143	dnaN		COG0592	Beta sliding clamp
M2341_00340	CDS	246	dnaJ_1			Chaperone protein DnaJ
M2341_00341	CDS	156				hypothetical protein
M2341_00342	CDS	135	gyrB_1	5.6.2.2		DNA gyrase subunit B
M2341_00343	CDS	246	gyrB_2	5.6.2.2		DNA gyrase subunit B
M2341_00344	CDS	195	gyrB_3	5.6.2.2		DNA gyrase subunit B
M2341_00345	CDS	1029	gyrB_4	5.6.2.2		DNA gyrase subunit B
M2341_00346	CDS	153	gyrB_5	5.6.2.2		DNA gyrase subunit B
M2341_00347	CDS	2511	gyrA	5.6.2.2		DNA gyrase subunit A
M2341_00348	CDS	564	serS_1	6.1.1.11	COG0172	Serine--tRNA ligase
M2341_00349	CDS	189	serS_2	6.1.1.11		Serine--tRNA ligase
M2341_00350	CDS	252	serS_3	6.1.1.11	COG0172	Serine--tRNA ligase
M2341_00351	CDS	633	tmk	2.7.4.9	COG0125	Thymidylate kinase
M2341_00352	CDS	168				hypothetical protein
M2341_00353	CDS	288				hypothetical protein
M2341_00354	CDS	1137	mnmE	3.6.-.-		tRNA modification GTPase MnmE
M2341_00355	CDS	642	ycfH	3.1.-.-	COG0084	putative metal-dependent hydrolase YcfH
M2341_00356	CDS	177				hypothetical protein
M2341_00357	CDS	228				hypothetical protein
M2341_00358	CDS	309				hypothetical protein
M2341_00359	CDS	489	rimK	6.3.2.-	COG0189	Ribosomal protein S6--L-glutamate ligase
M2341_00360	CDS	216				hypothetical protein
M2341_00361	CDS	636	folD		COG0190	Bifunctional protein FolD protein
M2341_00362	tRNA	76				tRNA-Ala(tgc)
M2341_00363	tRNA	77				tRNA-Ile(gat)
M2341_00364	CDS	756				hypothetical protein
M2341_00365	CDS	432				hypothetical protein
M2341_00366	CDS	426			COG1132	putative ABC transporter ATP-binding protein
M2341_00367	CDS	273				hypothetical protein
M2341_00368	CDS	615			COG1132	putative ABC transporter ATP-binding protein
M2341_00369	CDS	357			COG1132	putative ABC transporter ATP-binding protein
M2341_00370	CDS	372				hypothetical protein
M2341_00371	CDS	912				hypothetical protein
M2341_00372	CDS	435				hypothetical protein
M2341_00373	CDS	114				hypothetical protein
M2341_00374	CDS	552				hypothetical protein
M2341_00375	CDS	1170	dnaJ_2			Chaperone protein DnaJ
M2341_00376	CDS	201	pip	3.4.11.5	COG0596	Proline iminopeptidase
M2341_00377	CDS	168				hypothetical protein
M2341_00378	CDS	255				hypothetical protein
M2341_00379	CDS	243	metG_1	6.1.1.10		Methionine--tRNA ligase
M2341_00380	CDS	396	metG_2	6.1.1.10		Methionine--tRNA ligase
M2341_00381	CDS	237	metG_3	6.1.1.10		Methionine--tRNA ligase
M2341_00382	CDS	93				hypothetical protein
M2341_00383	CDS	213	rpoE			DNA-directed RNA polymerase subunit delta
M2341_00384	CDS	531	fba_1	4.1.2.13		Fructose-bisphosphate aldolase
M2341_00385	CDS	297	fba_2	4.1.2.13	COG0191	Fructose-bisphosphate aldolase
M2341_00386	CDS	888	ychF		COG0012	Ribosome-binding ATPase YchF
M2341_00387	CDS	108	OLA1			Obg-like ATPase 1
M2341_00388	CDS	654				hypothetical protein
M2341_00389	CDS	120				hypothetical protein
M2341_00390	CDS	573	efp			Elongation factor P
M2341_00391	CDS	168			COG0781	putative protein MG027
M2341_00392	CDS	219			COG0781	putative protein MG027
M2341_00393	CDS	171				hypothetical protein
M2341_00394	CDS	594				hypothetical protein
M2341_00395	CDS	621	upp	2.4.2.9	COG0035	Uracil phosphoribosyltransferase
M2341_00396	CDS	462	polC_1	2.7.7.7		DNA polymerase III PolC-type
M2341_00397	CDS	204	polC_2	2.7.7.7		DNA polymerase III PolC-type
M2341_00398	CDS	255	polC_3	2.7.7.7		DNA polymerase III PolC-type
M2341_00399	CDS	435	polC_4	2.7.7.7		DNA polymerase III PolC-type
M2341_00400	CDS	171	polC_5	2.7.7.7		DNA polymerase III PolC-type
M2341_00401	CDS	675	polC_6	2.7.7.7		DNA polymerase III PolC-type
M2341_00402	CDS	468	polC_7	2.7.7.7		DNA polymerase III PolC-type
M2341_00403	CDS	90	polC_8	2.7.7.7		DNA polymerase III PolC-type
M2341_00404	CDS	294	polC_9	2.7.7.7		DNA polymerase III PolC-type
M2341_00405	CDS	201	polC_10	2.7.7.7		DNA polymerase III PolC-type
M2341_00406	CDS	981				hypothetical protein
M2341_00407	CDS	129				hypothetical protein
M2341_00408	CDS	243				hypothetical protein
M2341_00409	CDS	153				hypothetical protein
M2341_00410	CDS	123				hypothetical protein
M2341_00411	CDS	528	hisS_1	6.1.1.21		Histidine--tRNA ligase
M2341_00412	CDS	147				hypothetical protein
M2341_00413	CDS	249	hisS_2	6.1.1.21		Histidine--tRNA ligase
M2341_00414	CDS	537	aspS_1	6.1.1.12		Aspartate--tRNA(Asp/Asn) ligase
M2341_00415	CDS	225	aspS_2	6.1.1.12	COG0173	Aspartate--tRNA(Asp) ligase
M2341_00416	CDS	162				hypothetical protein
M2341_00417	CDS	666				hypothetical protein
M2341_00418	CDS	96				hypothetical protein
M2341_00419	CDS	351				hypothetical protein
M2341_00420	CDS	180	glpK_1	2.7.1.30	COG0554	Glycerol kinase
M2341_00421	CDS	324	glpK_2	2.7.1.30		Glycerol kinase
M2341_00422	CDS	261				hypothetical protein
M2341_00423	CDS	90				hypothetical protein
M2341_00424	CDS	138	glpK_3	2.7.1.30	COG0554	Glycerol kinase
M2341_00425	CDS	375				putative protein MG039 
M2341_00426	CDS	135				putative protein MG039 
M2341_00427	CDS	219				putative protein MG039 
M2341_00428	CDS	276				hypothetical protein
M2341_00429	CDS	597				hypothetical protein
M2341_00430	CDS	246				hypothetical protein
M2341_00431	CDS	267	ptsH			Phosphocarrier protein HPr
M2341_00432	CDS	324	potA	7.6.2.11	COG3842	Spermidine/putrescine import ATP-binding protein PotA
M2341_00433	CDS	153				hypothetical protein
M2341_00434	CDS	330	cysA	7.3.2.3	COG1118	Sulfate/thiosulfate import ATP-binding protein CysA
M2341_00435	CDS	129				hypothetical protein
M2341_00436	CDS	495				hypothetical protein
M2341_00437	CDS	405				hypothetical protein
M2341_00438	CDS	378				hypothetical protein
M2341_00439	CDS	285				hypothetical protein
M2341_00440	CDS	834				hypothetical protein
M2341_00441	CDS	615	tsaD	2.3.1.234	COG0533	tRNA N6-adenosine threonylcarbamoyltransferase
M2341_00442	CDS	162	OSGEPL1	2.3.1.234		tRNA N6-adenosine threonylcarbamoyltransferase, mitochondrial
M2341_00443	CDS	231	metK_1	2.5.1.6		S-adenosylmethionine synthase
M2341_00444	CDS	516	metK_2	2.5.1.6		S-adenosylmethionine synthase
M2341_00445	CDS	258				hypothetical protein
M2341_00446	CDS	120	srp54			Signal recognition particle 54 kDa protein
M2341_00447	CDS	723	ffh_1		COG0541	Signal recognition particle protein
M2341_00448	CDS	336	ffh_2		COG0541	Signal recognition particle protein
M2341_00449	CDS	408	deoD_1	2.4.2.1	COG0813	Purine nucleoside phosphorylase DeoD-type
M2341_00450	CDS	363	deoD_2	2.4.2.1		Purine nucleoside phosphorylase DeoD-type
M2341_00451	CDS	672	deoC1	4.1.2.4		Deoxyribose-phosphate aldolase 1
M2341_00452	CDS	924	pdp	2.4.2.2	COG0213	Pyrimidine-nucleoside phosphorylase
M2341_00453	CDS	165				hypothetical protein
M2341_00454	CDS	393	cdd	3.5.4.5	COG0295	Cytidine deaminase
M2341_00455	CDS	948	pgcA	5.4.2.2		Phosphoglucomutase
M2341_00456	CDS	327		5.4.2.8	COG1109	putative phosphomannomutase
M2341_00457	CDS	219				hypothetical protein
M2341_00458	CDS	522	nusG_1			Transcription termination/antitermination protein NusG
M2341_00459	CDS	324	nusG_2			Transcription termination/antitermination protein NusG
M2341_00460	CDS	216				hypothetical protein
M2341_00461	CDS	243				hypothetical protein
M2341_00462	CDS	102				hypothetical protein
M2341_00463	CDS	600	rsmI	2.1.1.198	COG0313	Ribosomal RNA small subunit methyltransferase I
M2341_00464	CDS	384	rnmV	3.1.26.8	COG1658	Ribonuclease M5
M2341_00465	CDS	1092	prs	2.7.6.1	COG0462	Ribose-phosphate pyrophosphokinase
M2341_00466	CDS	351	smpB		COG0691	SsrA-binding protein
M2341_00467	CDS	267				hypothetical protein
M2341_00468	CDS	159				hypothetical protein
M2341_00469	CDS	213				hypothetical protein
M2341_00470	CDS	447				hypothetical protein
M2341_00471	CDS	711				hypothetical protein
M2341_00472	CDS	234				hypothetical protein
M2341_00473	tRNA	89				tRNA-Ser(gct)
M2341_00474	CDS	267				hypothetical protein
M2341_00475	CDS	1749	fruA		COG1299	PTS system fructose-specific EIIABC component
M2341_00476	CDS	768	fruK	2.7.1.56		Putative 1-phosphofructokinase
M2341_00477	CDS	204				hypothetical protein
M2341_00478	CDS	177				hypothetical protein
M2341_00479	CDS	234				Mgp-operon protein 3
M2341_00480	rRNA	1514				16S ribosomal RNA
M2341_00481	rRNA	2907				23S ribosomal RNA
M2341_00482	rRNA	74				5S ribosomal RNA (partial)
M2341_00483	CDS	252				hypothetical protein
M2341_00484	CDS	291				hypothetical protein
M2341_00485	CDS	852				hypothetical protein
M2341_00486	CDS	321				hypothetical protein
M2341_00487	CDS	693				hypothetical protein
M2341_00488	CDS	135				hypothetical protein
M2341_00489	CDS	579				hypothetical protein
M2341_00490	CDS	684	nusA_1			Transcription termination/antitermination protein NusA
M2341_00491	CDS	390	nusA_2			Transcription termination/antitermination protein NusA
M2341_00492	CDS	399	nusA_3			Transcription termination/antitermination protein NusA
M2341_00493	CDS	273				hypothetical protein
M2341_00494	CDS	1860	infB			Translation initiation factor IF-2
M2341_00495	CDS	339	rbfA			Ribosome-binding factor A
M2341_00496	CDS	426				hypothetical protein
M2341_00497	CDS	108				hypothetical protein
M2341_00498	CDS	159				hypothetical protein
M2341_00499	CDS	810	ribF		COG0196	Bifunctional riboflavin kinase/FMN adenylyltransferase
M2341_00500	CDS	126				hypothetical protein
M2341_00501	CDS	201				hypothetical protein
M2341_00502	CDS	396				hypothetical protein
M2341_00503	CDS	177				hypothetical protein
M2341_00504	CDS	654				hypothetical protein
M2341_00505	CDS	252				hypothetical protein
M2341_00506	CDS	153				hypothetical protein
M2341_00507	CDS	255				hypothetical protein
M2341_00508	CDS	465				hypothetical protein
M2341_00509	CDS	720				hypothetical protein
M2341_00510	CDS	93				hypothetical protein
M2341_00511	CDS	156				hypothetical protein
M2341_00512	CDS	321	rpsJ			30S ribosomal protein S10
M2341_00513	CDS	378	rplC		COG0087	50S ribosomal protein L3
M2341_00514	CDS	378				hypothetical protein
M2341_00515	CDS	636	rplD		COG0088	50S ribosomal protein L4
M2341_00516	CDS	321	rplW			50S ribosomal protein L23
M2341_00517	CDS	858	rplB			50S ribosomal protein L2
M2341_00518	CDS	264	rpsS			30S ribosomal protein S19
M2341_00519	CDS	435				hypothetical protein
M2341_00520	CDS	651				hypothetical protein
M2341_00521	CDS	195	rplP_1			50S ribosomal protein L16
M2341_00522	CDS	174	rplP_2		COG0197	50S ribosomal protein L16
M2341_00523	CDS	195				hypothetical protein
M2341_00524	CDS	225	rpsQ			30S ribosomal protein S17
M2341_00525	CDS	369	rplN			50S ribosomal protein L14
M2341_00526	CDS	327	rplX		COG0198	50S ribosomal protein L24
M2341_00527	CDS	291	rplE			50S ribosomal protein L5
M2341_00528	CDS	183	rpsN1		COG0199	30S ribosomal protein S14
M2341_00529	CDS	426	rpsH		COG0096	30S ribosomal protein S8
M2341_00530	CDS	462	rplF		COG0097	50S ribosomal protein L6
M2341_00531	CDS	390	rplR		COG0256	50S ribosomal protein L18
M2341_00532	CDS	636				hypothetical protein
M2341_00533	CDS	453	rplO			50S ribosomal protein L15
M2341_00534	CDS	1428	secY			Protein translocase subunit SecY
M2341_00535	CDS	645	adk	2.7.4.3		Adenylate kinase
M2341_00536	CDS	747	map	3.4.11.18	COG0024	Methionine aminopeptidase 1
M2341_00537	CDS	213	infA			Translation initiation factor IF-1
M2341_00538	CDS	258	rpsM			30S ribosomal protein S13
M2341_00539	CDS	180	rpsK		COG0100	30S ribosomal protein S11
M2341_00540	CDS	330	rpoA_1	2.7.7.6		DNA-directed RNA polymerase subunit alpha
M2341_00541	CDS	582	rpoA_2	2.7.7.6	COG0202	DNA-directed RNA polymerase subunit alpha
M2341_00542	CDS	327	rplQ		COG0203	50S ribosomal protein L17
M2341_00543	CDS	813	ecfA1_1	7.-.-.-	COG1122	Energy-coupling factor transporter ATP-binding protein EcfA1
M2341_00544	CDS	915	ecfA2	3.6.3.-		Energy-coupling factor transporter ATP-binding protein EcfA2
M2341_00545	CDS	336	ecfT_1			Energy-coupling factor transporter transmembrane protein EcfT
M2341_00546	CDS	462				hypothetical protein
M2341_00547	CDS	417	ecfT_2			Energy-coupling factor transporter transmembrane protein EcfT
M2341_00548	CDS	645	truA	5.4.99.12	COG0101	tRNA pseudouridine synthase A
M2341_00549	CDS	645				hypothetical protein
M2341_00550	CDS	357				hypothetical protein
M2341_00551	CDS	645	pepF1	3.4.24.-		Oligoendopeptidase F, plasmid
M2341_00552	CDS	750				hypothetical protein
M2341_00553	CDS	195				hypothetical protein
M2341_00554	CDS	627				hypothetical protein
M2341_00555	CDS	165				hypothetical protein
M2341_00556	CDS	1185				hypothetical protein
M2341_00557	CDS	333				hypothetical protein
M2341_00558	CDS	165				hypothetical protein
M2341_00559	CDS	228	mgpA_2			Adhesin P1
M2341_00560	CDS	177				hypothetical protein
M2341_00561	CDS	198				hypothetical protein
M2341_00562	CDS	309				hypothetical protein
M2341_00563	CDS	159				hypothetical protein
M2341_00564	CDS	177				hypothetical protein
M2341_00565	CDS	273				putative lipoprotein MG186 
M2341_00566	CDS	330				Putative ABC transporter ATP-binding protein MG187 
M2341_00567	CDS	294				Putative ABC transporter ATP-binding protein MG187 
M2341_00568	CDS	705				Putative ABC transporter ATP-binding protein MG187 
M2341_00569	CDS	219				Putative ABC transporter ATP-binding protein MG187 
M2341_00570	CDS	282				hypothetical protein
M2341_00571	CDS	564	araP		COG1175	L-arabinose transport system permease protein AraP
M2341_00572	CDS	156				hypothetical protein
M2341_00573	CDS	201				hypothetical protein
M2341_00574	CDS	159				hypothetical protein
M2341_00575	CDS	768	nrnA_2	3.1.-.-		Bifunctional oligoribonuclease and PAP phosphatase NrnA
M2341_00576	CDS	534	mgpA_3			Adhesin P1
M2341_00577	CDS	153	mgpA_4			Adhesin P1
M2341_00578	CDS	342	mgpA_5			Adhesin P1
M2341_00579	CDS	273	mgpA_6			Adhesin P1
M2341_00580	CDS	156				hypothetical protein
M2341_00581	CDS	144	mgpA_7			Adhesin P1
M2341_00582	CDS	246				hypothetical protein
M2341_00583	CDS	471	mgpA_8			Adhesin P1
M2341_00584	CDS	1002				hypothetical protein
M2341_00585	CDS	366				hypothetical protein
M2341_00586	CDS	177				hypothetical protein
M2341_00587	CDS	102				hypothetical protein
M2341_00588	CDS	303				hypothetical protein
M2341_00589	CDS	384				Mgp-operon protein 3
M2341_00590	CDS	1245				Mgp-operon protein 3
M2341_00591	CDS	345				hypothetical protein
M2341_00592	CDS	189				hypothetical protein
M2341_00593	CDS	279				hypothetical protein
M2341_00594	CDS	177				hypothetical protein
M2341_00595	CDS	561	pheS_1	6.1.1.20		Phenylalanine--tRNA ligase alpha subunit
M2341_00596	CDS	153	pheS_2	6.1.1.20		Phenylalanine--tRNA ligase alpha subunit
M2341_00597	CDS	474	pheT_1	6.1.1.20		Phenylalanine--tRNA ligase beta subunit
M2341_00598	CDS	228				hypothetical protein
M2341_00599	CDS	645	pheT_2	6.1.1.20		Phenylalanine--tRNA ligase beta subunit
M2341_00600	CDS	384				hypothetical protein
M2341_00601	CDS	402				hypothetical protein
M2341_00602	CDS	150				hypothetical protein
M2341_00603	CDS	546	infC			Translation initiation factor IF-3
M2341_00604	CDS	180	rpmI			50S ribosomal protein L35
M2341_00605	CDS	375	rplT			50S ribosomal protein L20
M2341_00606	CDS	708	rnhC	3.1.26.4	COG1039	Ribonuclease HIII
M2341_00607	CDS	567				DnaJ-like protein MG200
M2341_00608	CDS	966				DnaJ-like protein MG200
M2341_00609	CDS	453	grpE_1			Protein GrpE
M2341_00610	CDS	201	grpE_2			Protein GrpE
M2341_00611	CDS	369				hypothetical protein
M2341_00612	tRNA	74				tRNA-Thr(ggt)
M2341_00613	CDS	1746	parE_1	5.6.2.2	COG0187	DNA topoisomerase 4 subunit B
M2341_00614	CDS	147	parE_2	5.6.2.2	COG0187	DNA topoisomerase 4 subunit B
M2341_00615	CDS	288	parC_1	5.6.2.2	COG0188	DNA topoisomerase 4 subunit A
M2341_00616	CDS	2013	parC_2	5.6.2.2	COG0188	DNA topoisomerase 4 subunit A
M2341_00617	CDS	231	hrcA_1			Heat-inducible transcription repressor HrcA
M2341_00618	CDS	795	hrcA_2		COG1420	Heat-inducible transcription repressor HrcA
M2341_00619	CDS	1461	uvrC		COG0322	UvrABC system protein C
M2341_00620	CDS	159		3.1.4.-		Putative metallophosphoesterase MG207 
M2341_00621	CDS	345		3.1.4.-		Putative metallophosphoesterase MG207 
M2341_00622	CDS	591				hypothetical protein
M2341_00623	CDS	927	rluD	5.4.99.23	COG0564	Ribosomal large subunit pseudouridine synthase D
M2341_00624	CDS	339	lspA	3.4.23.36		Lipoprotein signal peptidase
M2341_00625	CDS	246				hypothetical protein
M2341_00626	CDS	189				hypothetical protein
M2341_00627	CDS	399				hypothetical protein
M2341_00628	CDS	117				hypothetical protein
M2341_00629	CDS	195				hypothetical protein
M2341_00630	CDS	588				hypothetical protein
M2341_00631	CDS	189				hypothetical protein
M2341_00632	CDS	885	scpA			Segregation and condensation protein A
M2341_00633	CDS	624	scpB		COG1386	Segregation and condensation protein B
M2341_00634	CDS	420	pfkA_1	2.7.1.11	COG0205	ATP-dependent 6-phosphofructokinase isozyme 1
M2341_00635	CDS	468	pfkA_2	2.7.1.11		ATP-dependent 6-phosphofructokinase
M2341_00636	CDS	864	pyk_1	2.7.1.40		Pyruvate kinase
M2341_00637	CDS	294	pyk_2	2.7.1.40		Pyruvate kinase
M2341_00638	tRNA	77				tRNA-Cys(gca)
M2341_00639	tRNA	77				tRNA-Pro(tgg)
M2341_00640	tRNA	77				tRNA-Met(cat)
M2341_00641	tRNA	77				tRNA-Met(cat)
M2341_00642	tRNA	92				tRNA-Ser(tga)
M2341_00643	tRNA	77				tRNA-Met(cat)
M2341_00644	tRNA	74				tRNA-Asp(gtc)
M2341_00645	tRNA	76				tRNA-Phe(gaa)
M2341_00646	CDS	1149				hypothetical protein
M2341_00647	CDS	93				hypothetical protein
M2341_00648	CDS	3153	hmw2_1			Cytadherence high molecular weight protein 2
M2341_00649	CDS	675	hmw2_2			Cytadherence high molecular weight protein 2
M2341_00650	CDS	477	hmw2_3			Cytadherence high molecular weight protein 2
M2341_00651	CDS	696				putative protein MG218.1
M2341_00652	CDS	309				putative protein MG218.1
M2341_00653	CDS	462				hypothetical protein
M2341_00654	CDS	204				hypothetical protein
M2341_00655	tRNA	77				tRNA-Arg(gcg)
M2341_00656	CDS	465	mraZ			Transcriptional regulator MraZ
M2341_00657	CDS	930	rsmH	2.1.1.199	COG0275	Ribosomal RNA small subunit methyltransferase H
M2341_00658	CDS	1236				hypothetical protein
M2341_00659	CDS	891	ftsZ			Cell division protein FtsZ
M2341_00660	CDS	171				hypothetical protein
M2341_00661	CDS	288				hypothetical protein
M2341_00662	CDS	174				hypothetical protein
M2341_00663	CDS	978				hypothetical protein
M2341_00664	CDS	1278				hypothetical protein
M2341_00665	CDS	156				hypothetical protein
M2341_00666	CDS	186				hypothetical protein
M2341_00667	CDS	183	thyA2	2.1.1.45	COG0207	Thymidylate synthase 2
M2341_00668	CDS	372	thyA	2.1.1.45	COG0207	Thymidylate synthase
M2341_00669	CDS	231	dhfR	1.5.1.3	COG0262	Dihydrofolate reductase
M2341_00670	CDS	192				hypothetical protein
M2341_00671	CDS	132				hypothetical protein
M2341_00672	CDS	672	nrdF	1.17.4.1	COG0208	Ribonucleoside-diphosphate reductase 2 subunit beta
M2341_00673	CDS	462	nrdI		COG1780	Protein NrdI
M2341_00674	CDS	1629	nrdE2	1.17.4.1	COG0209	Ribonucleoside-diphosphate reductase subunit alpha 2
M2341_00675	CDS	459	nrdE	1.17.4.1	COG0209	Ribonucleoside-diphosphate reductase subunit alpha
M2341_00676	CDS	303	rplU		COG0261	50S ribosomal protein L21
M2341_00677	CDS	300				hypothetical protein
M2341_00678	CDS	315	rpmA		COG0211	50S ribosomal protein L27
M2341_00679	CDS	846	nfo	3.1.21.2	COG0648	putative endonuclease 4
M2341_00680	CDS	471				hypothetical protein
M2341_00681	CDS	885				putative protein MG237 
M2341_00682	CDS	1224	tig	5.2.1.8	COG0544	Trigger factor
M2341_00683	CDS	978	lon1_1	3.4.21.53	COG0466	Lon protease 1
M2341_00684	CDS	1266	lon1_2	3.4.21.53	COG0466	Lon protease 1
M2341_00685	CDS	219				hypothetical protein
M2341_00686	CDS	402				hypothetical protein
M2341_00687	CDS	345	nadD	2.7.7.18	COG1057	putative nicotinate-nucleotide adenylyltransferase
M2341_00688	CDS	459				hypothetical protein
M2341_00689	CDS	105				hypothetical protein
M2341_00690	CDS	486				hypothetical protein
M2341_00691	CDS	489				hypothetical protein
M2341_00692	CDS	681				hypothetical protein
M2341_00693	CDS	219				hypothetical protein
M2341_00694	CDS	117				hypothetical protein
M2341_00695	CDS	165				hypothetical protein
M2341_00696	CDS	294				hypothetical protein
M2341_00697	CDS	372				hypothetical protein
M2341_00698	CDS	765	pcrA_1	3.6.4.12		ATP-dependent DNA helicase PcrA
M2341_00699	CDS	360				hypothetical protein
M2341_00700	CDS	558	pcrA_2	3.6.4.12		ATP-dependent DNA helicase PcrA
M2341_00701	CDS	498		6.3.3.2		5-formyltetrahydrofolate cyclo-ligase
M2341_00702	CDS	156		3.1.-.-		Putative phosphatase/phosphodiesterase MPN_349
M2341_00703	CDS	645		3.1.-.-		Putative phosphatase/phosphodiesterase MPN_349
M2341_00704	CDS	186				hypothetical protein
M2341_00705	CDS	237	plsY	2.3.1.275		Glycerol-3-phosphate acyltransferase
M2341_00706	CDS	657				hypothetical protein
M2341_00707	CDS	516	sigA		COG0568	RNA polymerase sigma factor SigA
M2341_00708	CDS	405	rpoD			RNA polymerase sigma factor RpoD
M2341_00709	CDS	366				hypothetical protein
M2341_00710	CDS	135				hypothetical protein
M2341_00711	CDS	126				hypothetical protein
M2341_00712	CDS	201				hypothetical protein
M2341_00713	CDS	630	dnaG_1	2.7.7.-	COG0358	DNA primase
M2341_00714	CDS	243	dnaG_2	2.7.7.-	COG0358	DNA primase
M2341_00715	CDS	174	glyQS_1	6.1.1.14		Glycine--tRNA ligase
M2341_00716	CDS	309	glyQS_2	6.1.1.14		Glycine--tRNA ligase
M2341_00717	CDS	438	glyQS_3	6.1.1.14	COG0423	Glycine--tRNA ligase
M2341_00718	CDS	228	glyQS_4	6.1.1.14	COG0423	Glycine--tRNA ligase
M2341_00719	CDS	306		2.1.1.-		Putative TrmH family tRNA/rRNA methyltransferase
M2341_00720	CDS	168				hypothetical protein
M2341_00721	CDS	261	cysS_1	6.1.1.16	COG0215	Cysteine--tRNA ligase
M2341_00722	CDS	540	cysS_2	6.1.1.16	COG0215	Cysteine--tRNA ligase
M2341_00723	CDS	1197	ligA_1	6.5.1.2	COG0272	DNA ligase
M2341_00724	CDS	714	ligA_2	6.5.1.2	COG0272	DNA ligase
M2341_00725	tRNA	74				tRNA-Gly(gcc)
M2341_00726	CDS	294				hypothetical protein
M2341_00727	CDS	741				hypothetical protein
M2341_00728	tRNA	75				tRNA-Arg(cct)
M2341_00729	tRNA	74				tRNA-Trp(cca)
M2341_00730	CDS	180				hypothetical protein
M2341_00731	CDS	141				hypothetical protein
M2341_00732	CDS	294				hypothetical protein
M2341_00733	CDS	441	prfA_1			Peptide chain release factor 1
M2341_00734	CDS	606	prfA_2		COG0216	Peptide chain release factor 1
M2341_00735	CDS	126				hypothetical protein
M2341_00736	CDS	276	prmC	2.1.1.297		Release factor glutamine methyltransferase
M2341_00737	CDS	432				hypothetical protein
M2341_00738	CDS	636				hypothetical protein
M2341_00739	CDS	1146				hypothetical protein
M2341_00740	CDS	330				hypothetical protein
M2341_00741	CDS	369				hypothetical protein
M2341_00742	CDS	177				hypothetical protein
M2341_00743	CDS	174				hypothetical protein
M2341_00744	CDS	390				hypothetical protein
M2341_00745	tRNA	77				tRNA-Arg(tcg)
M2341_00746	CDS	231				putative protein MPN_377
M2341_00747	CDS	363	dnaE2_1	2.7.7.7		Error-prone DNA polymerase
M2341_00748	CDS	1113	dnaE2_2	2.7.7.7		Error-prone DNA polymerase
M2341_00749	CDS	444	dnaE	2.7.7.7	COG0587	DNA polymerase III subunit alpha
M2341_00750	CDS	174				hypothetical protein
M2341_00751	CDS	756	polA	2.7.7.7		DNA polymerase I
M2341_00752	CDS	855	mutM	3.2.2.23	COG0266	Formamidopyrimidine-DNA glycosylase
M2341_00753	CDS	147				hypothetical protein
M2341_00754	CDS	198				hypothetical protein
M2341_00755	CDS	279	coaE	2.7.1.24	COG0237	Dephospho-CoA kinase
M2341_00756	CDS	219				hypothetical protein
M2341_00757	CDS	837	yitU	3.1.3.104	COG0561	5-amino-6-(5-phospho-D-ribitylamino)uracil phosphatase YitU
M2341_00758	CDS	522	leuS_1	6.1.1.4		Leucine--tRNA ligase
M2341_00759	CDS	204	leuS_2	6.1.1.4		Leucine--tRNA ligase
M2341_00760	CDS	489	leuS_3	6.1.1.4	COG0495	Leucine--tRNA ligase
M2341_00761	CDS	186	leuS_4	6.1.1.4		Leucine--tRNA ligase
M2341_00762	CDS	123				hypothetical protein
M2341_00763	CDS	201				hypothetical protein
M2341_00764	CDS	378				hypothetical protein
M2341_00765	CDS	1023				hypothetical protein
M2341_00766	CDS	387				hypothetical protein
M2341_00767	CDS	111				hypothetical protein
M2341_00768	CDS	522	lplA	6.3.1.20	COG0095	Lipoate-protein ligase A
M2341_00769	CDS	1014	pdhD_1	1.8.1.4		Dihydrolipoyl dehydrogenase
M2341_00770	CDS	237	pdhD_2	1.8.1.4		Dihydrolipoyl dehydrogenase
M2341_00771	CDS	1155	pdhC	2.3.1.12		Dihydrolipoyllysine-residue acetyltransferase component of pyruvate dehydrogenase complex
M2341_00772	CDS	225	pdhB_1	1.2.4.1		Pyruvate dehydrogenase E1 component subunit beta
M2341_00773	CDS	732	pdhB_2	1.2.4.1		Pyruvate dehydrogenase E1 component subunit beta
M2341_00774	CDS	372	pdhA_1	1.2.4.1		Pyruvate dehydrogenase E1 component subunit alpha
M2341_00775	CDS	111	pdhA_2	1.2.4.1		Pyruvate dehydrogenase E1 component subunit alpha
M2341_00776	CDS	153	pdhA_3	1.2.4.1		Pyruvate dehydrogenase E1 component subunit alpha
M2341_00777	CDS	171	pdhA_4	1.2.4.1		Pyruvate dehydrogenase E1 component subunit alpha
M2341_00778	CDS	1083		1.6.99.3		putative NADH oxidase
M2341_00779	CDS	345	nox	1.6.99.3	COG0446	NADH oxidase
M2341_00780	CDS	543	apt	2.4.2.7	COG0503	Adenine phosphoribosyltransferase
M2341_00781	CDS	687				hypothetical protein
M2341_00782	CDS	435				hypothetical protein
M2341_00783	CDS	456				hypothetical protein
M2341_00784	CDS	309				hypothetical protein
M2341_00785	CDS	1389				hypothetical protein
M2341_00786	CDS	258				hypothetical protein
M2341_00787	CDS	144				hypothetical protein
M2341_00788	CDS	195				hypothetical protein
M2341_00789	CDS	657				hypothetical protein
M2341_00790	CDS	798				hypothetical protein
M2341_00791	CDS	831				putative protein MG281
M2341_00792	CDS	657				putative protein MG281
M2341_00793	tRNA	74				tRNA-Gly(tcc)
M2341_00794	tRNA	86				tRNA-Leu(taa)
M2341_00795	tRNA	75				tRNA-Lys(ttt)
M2341_00796	tRNA	75				tRNA-Gln(ttg)
M2341_00797	tRNA	87				tRNA-Tyr(gta)
M2341_00798	CDS	486	greA		COG0782	Transcription elongation factor GreA
M2341_00799	CDS	135				hypothetical protein
M2341_00800	CDS	327				hypothetical protein
M2341_00801	CDS	762	proS	6.1.1.15	COG0442	Proline--tRNA ligase
M2341_00802	CDS	141				hypothetical protein
M2341_00803	CDS	234				hypothetical protein
M2341_00804	CDS	138				hypothetical protein
M2341_00805	CDS	210				hypothetical protein
M2341_00806	CDS	159				hypothetical protein
M2341_00807	CDS	513				hypothetical protein
M2341_00808	tRNA	75				tRNA-SeC(tca)
M2341_00809	CDS	339				hypothetical protein
M2341_00810	CDS	408	mgpA_9			Adhesin P1
M2341_00811	CDS	204				hypothetical protein
M2341_00812	CDS	270				Mgp-operon protein 3
M2341_00813	CDS	114				hypothetical protein
M2341_00814	CDS	129				hypothetical protein
M2341_00815	CDS	357				hypothetical protein
M2341_00816	CDS	291				hypothetical protein
M2341_00817	CDS	453				High affinity transport system protein p37
M2341_00818	CDS	213				High affinity transport system protein p37
M2341_00819	CDS	192				High affinity transport system protein p37
M2341_00820	CDS	333	fetA	3.6.3.-	COG4619	putative iron export ATP-binding protein FetA
M2341_00821	CDS	183				hypothetical protein
M2341_00822	CDS	198				hypothetical protein
M2341_00823	CDS	159				hypothetical protein
M2341_00824	CDS	495				hypothetical protein
M2341_00825	CDS	258				hypothetical protein
M2341_00826	CDS	417	yrrK	3.1.-.-	COG0816	Putative pre-16S rRNA nuclease
M2341_00827	CDS	504				hypothetical protein
M2341_00828	CDS	288	alaS_1	6.1.1.7	COG0013	Alanine--tRNA ligase
M2341_00829	CDS	399				hypothetical protein
M2341_00830	CDS	435	alaS_2	6.1.1.7	COG0013	Alanine--tRNA ligase
M2341_00831	CDS	183	alaS_3	6.1.1.7	COG0013	Alanine--tRNA ligase
M2341_00832	CDS	576	glpQ	3.1.4.46	COG0584	Glycerophosphodiester phosphodiesterase
M2341_00833	CDS	183				hypothetical protein
M2341_00834	CDS	432				hypothetical protein
M2341_00835	CDS	219				hypothetical protein
M2341_00836	CDS	309				hypothetical protein
M2341_00837	CDS	237	mnmA_1	2.8.1.13		tRNA-specific 2-thiouridylase MnmA
M2341_00838	CDS	306	mnmA_2	2.8.1.13		tRNA-specific 2-thiouridylase MnmA
M2341_00839	CDS	273	mnmA_3	2.8.1.13	COG0482	tRNA-specific 2-thiouridylase MnmA
M2341_00840	CDS	390				putative protein MG296 
M2341_00841	CDS	333	ftsY_1		COG0552	Signal recognition particle receptor FtsY
M2341_00842	CDS	558	ftsY_2		COG0552	Signal recognition particle receptor FtsY
M2341_00843	CDS	837	smc_1		COG1196	Chromosome partition protein Smc
M2341_00844	CDS	1335	smc_2			Chromosome partition protein Smc
M2341_00845	CDS	339				hypothetical protein
M2341_00846	CDS	450	smc_3		COG1196	Chromosome partition protein Smc
M2341_00847	CDS	654				hypothetical protein
M2341_00848	CDS	111	pgk_1	2.7.2.3		Phosphoglycerate kinase
M2341_00849	CDS	993	pgk_2	2.7.2.3	COG0126	Phosphoglycerate kinase
M2341_00850	CDS	1014	gapA	1.2.1.12		Glyceraldehyde-3-phosphate dehydrogenase
M2341_00851	CDS	333	ykoC			Putative HMP/thiamine permease protein YkoC
M2341_00852	CDS	144				hypothetical protein
M2341_00853	CDS	1074	btuD_2	7.6.2.8		Vitamin B12 import ATP-binding protein BtuD
M2341_00854	CDS	813	ecfA1_2	7.-.-.-	COG1122	Energy-coupling factor transporter ATP-binding protein EcfA1
M2341_00855	CDS	1728	dnaK		COG0443	Chaperone protein DnaK
M2341_00856	CDS	264				hypothetical protein
M2341_00857	CDS	273				hypothetical protein
M2341_00858	CDS	1056				hypothetical protein
M2341_00859	CDS	708				hypothetical protein
M2341_00860	CDS	432				hypothetical protein
M2341_00861	CDS	225				hypothetical protein
M2341_00862	CDS	420				hypothetical protein
M2341_00863	CDS	177				hypothetical protein
M2341_00864	CDS	417	cshB	3.6.4.13	COG0513	DEAD-box ATP-dependent RNA helicase CshB
M2341_00865	CDS	810				hypothetical protein
M2341_00866	CDS	132				hypothetical protein
M2341_00867	CDS	1314				hypothetical protein
M2341_00868	CDS	363				hypothetical protein
M2341_00869	CDS	216				hypothetical protein
M2341_00870	CDS	414				hypothetical protein
M2341_00871	CDS	597	rpsD			30S ribosomal protein S4
M2341_00872	CDS	2136				hypothetical protein
M2341_00873	CDS	309	ptsG_1	2.7.1.199	COG1263	PTS system glucose-specific EIICBA component
M2341_00874	CDS	258				hypothetical protein
M2341_00875	CDS	207	ptsG_2	2.7.1.199		PTS system glucose-specific EIICBA component
M2341_00876	CDS	93				hypothetical protein
M2341_00877	CDS	402	ptsG_3	2.7.1.199	COG1263	PTS system glucose-specific EIICBA component
M2341_00878	CDS	582	ptsG_4	2.7.1.199		PTS system glucose-specific EIICBA component
M2341_00879	CDS	93				hypothetical protein
M2341_00880	CDS	216				hypothetical protein
M2341_00881	CDS	279				hypothetical protein
M2341_00882	CDS	396	yoaB_1	7.2.2.10	COG0474	Calcium-transporting ATPase 1
M2341_00883	CDS	273	yoaB_2	7.2.2.10	COG0474	Calcium-transporting ATPase 1
M2341_00884	CDS	495		7.2.2.10		Calcium-transporting ATPase 1
M2341_00885	CDS	441	pacL	7.2.2.10	COG0474	Calcium-transporting ATPase
M2341_00886	CDS	228				hypothetical protein
M2341_00887	CDS	1248	secA		COG0653	Protein translocase subunit SecA
M2341_00888	CDS	915	secA1			Protein translocase subunit SecA 1
M2341_00889	CDS	249				hypothetical protein
M2341_00890	CDS	1971	uvrB			UvrABC system protein B
M2341_00891	CDS	207				hypothetical protein
M2341_00892	CDS	2397				hypothetical protein
M2341_00893	CDS	294				hypothetical protein
M2341_00894	CDS	417				hypothetical protein
M2341_00895	CDS	201				hypothetical protein
M2341_00896	CDS	744			COG0601	Putative peptide transport permease protein
M2341_00897	CDS	171				hypothetical protein
M2341_00898	CDS	486				hypothetical protein
M2341_00899	CDS	114				hypothetical protein
M2341_00900	CDS	345				hypothetical protein
M2341_00901	CDS	1113	oppD		COG0444	Oligopeptide transport ATP-binding protein OppD
M2341_00902	CDS	888				hypothetical protein
M2341_00903	CDS	420				hypothetical protein
M2341_00904	CDS	1107	btuD_3	7.6.2.8		Vitamin B12 import ATP-binding protein BtuD
M2341_00905	CDS	414	rplK		COG0080	50S ribosomal protein L11
M2341_00906	CDS	318	rplA_1		COG0081	50S ribosomal protein L1
M2341_00907	CDS	327	rplA_2			50S ribosomal protein L1
M2341_00908	CDS	570	pth	3.1.1.29		Peptidyl-tRNA hydrolase
M2341_00909	CDS	213	tilS	6.3.4.19		tRNA(Ile)-lysidine synthase
M2341_00910	CDS	99				hypothetical protein
M2341_00911	CDS	345				hypothetical protein
M2341_00912	CDS	936	hprK	2.7.11.-		HPr kinase/phosphorylase
M2341_00913	CDS	807	lgt	2.5.1.145	COG0682	Phosphatidylglycerol--prolipoprotein diacylglyceryl transferase
M2341_00914	CDS	165				hypothetical protein
M2341_00915	CDS	420	rpsL		COG0048	30S ribosomal protein S12
M2341_00916	CDS	468	rpsG			30S ribosomal protein S7
M2341_00917	CDS	216	fusA_1		COG0480	Elongation factor G
M2341_00918	CDS	126	fusA_2		COG0480	Elongation factor G
M2341_00919	CDS	1659	fusA_3		COG0480	Elongation factor G
M2341_00920	CDS	471				hypothetical protein
M2341_00921	CDS	291				hypothetical protein
M2341_00922	CDS	315				hypothetical protein
M2341_00923	CDS	453	rplI		COG0359	50S ribosomal protein L9
M2341_00924	CDS	630				hypothetical protein
M2341_00925	CDS	708	dnaB	3.6.4.12	COG0305	Replicative DNA helicase
M2341_00926	CDS	348				hypothetical protein
M2341_00927	CDS	129				hypothetical protein
M2341_00928	CDS	174				hypothetical protein
M2341_00929	CDS	1632				hypothetical protein
M2341_00930	CDS	270				hypothetical protein
M2341_00931	CDS	228		3.2.2.27		Uracil-DNA glycosylase
M2341_00932	CDS	738				hypothetical protein
M2341_00933	CDS	135				hypothetical protein
M2341_00934	CDS	459	GATC	6.3.5.-		Glutamyl-tRNA(Gln) amidotransferase subunit C, chloroplastic/mitochondrial
M2341_00935	CDS	810	gatA_1	6.3.5.7	COG0154	Glutamyl-tRNA(Gln) amidotransferase subunit A
M2341_00936	CDS	552	gatA_2	6.3.5.7	COG0154	Glutamyl-tRNA(Gln) amidotransferase subunit A
M2341_00937	CDS	1434	gatB	6.3.5.-	COG0064	Aspartyl/glutamyl-tRNA(Asn/Gln) amidotransferase subunit B
M2341_00938	CDS	450				hypothetical protein
M2341_00939	CDS	948	trxB	1.8.1.9	COG0492	Thioredoxin reductase
M2341_00940	CDS	606	whiA			cell division protein WhiA
M2341_00941	CDS	234				hypothetical protein
M2341_00942	CDS	162				hypothetical protein
M2341_00943	CDS	1287	rnr_1	3.1.13.1	COG0557	Ribonuclease R
M2341_00944	CDS	414	rnr_2	3.1.13.1	COG0557	Ribonuclease R
M2341_00945	CDS	117				hypothetical protein
M2341_00946	CDS	252	cdaS	2.7.7.85		Diadenylate cyclase CdaS
M2341_00947	CDS	213				hypothetical protein
M2341_00948	CDS	570	gmk	2.7.4.8	COG0194	Guanylate kinase
M2341_00949	CDS	216				hypothetical protein
M2341_00950	CDS	315				hypothetical protein
M2341_00951	CDS	924	prkC	2.7.11.1		Serine/threonine-protein kinase PrkC
M2341_00952	CDS	96				hypothetical protein
M2341_00953	CDS	141	rsgA_1	3.6.1.-		Small ribosomal subunit biogenesis GTPase RsgA
M2341_00954	CDS	528	rsgA_2	3.6.1.-	COG1162	Small ribosomal subunit biogenesis GTPase RsgA
M2341_00955	CDS	756	pgi_1	5.3.1.9	COG0166	Glucose-6-phosphate isomerase
M2341_00956	CDS	375	pgi_2	5.3.1.9	COG0166	Glucose-6-phosphate isomerase
M2341_00957	CDS	630	rpe	5.1.3.1	COG0036	Ribulose-phosphate 3-epimerase
M2341_00958	CDS	234				hypothetical protein
M2341_00959	CDS	936	asnS_1	6.1.1.22	COG0017	Asparagine--tRNA ligase
M2341_00960	CDS	135	asnS_2	6.1.1.22	COG0017	Asparagine--tRNA ligase
M2341_00961	CDS	279	pgsA	2.7.8.5		CDP-diacylglycerol--glycerol-3-phosphate 3-phosphatidyltransferase
M2341_00962	CDS	147				hypothetical protein
M2341_00963	CDS	474				Protein MG115 
M2341_00964	CDS	534				hypothetical protein
M2341_00965	CDS	126				hypothetical protein
M2341_00966	CDS	204				hypothetical protein
M2341_00967	CDS	354				hypothetical protein
M2341_00968	CDS	741	galE	5.1.3.2	COG1087	UDP-glucose 4-epimerase
M2341_00969	CDS	1164	btuD_4	7.6.2.8		Vitamin B12 import ATP-binding protein BtuD
M2341_00970	CDS	381				hypothetical protein
M2341_00971	CDS	441				hypothetical protein
M2341_00972	CDS	135				hypothetical protein
M2341_00973	CDS	429				hypothetical protein
M2341_00974	CDS	183				hypothetical protein
M2341_00975	CDS	198				hypothetical protein
M2341_00976	CDS	423				hypothetical protein
M2341_00977	CDS	162	topA_1	5.6.2.1		DNA topoisomerase 1
M2341_00978	CDS	1440	topA_2	5.6.2.1		DNA topoisomerase 1
M2341_00979	CDS	312	topA_3	5.6.2.1		DNA topoisomerase 1
M2341_00980	CDS	993	rny_1	3.1.-.-		Ribonuclease Y
M2341_00981	CDS	303				hypothetical protein
M2341_00982	CDS	690				hypothetical protein
M2341_00983	CDS	156				hypothetical protein
M2341_00984	CDS	1044	trpS	6.1.1.2		Tryptophan--tRNA ligase
M2341_00985	CDS	438	spxA			Regulatory protein Spx
M2341_00986	CDS	780	nadK	2.7.1.23		NAD kinase
M2341_00987	CDS	336				hypothetical protein
M2341_00988	CDS	1293	rny_2	3.1.-.-		Ribonuclease Y
M2341_00989	CDS	111				hypothetical protein
M2341_00990	CDS	282				hypothetical protein
M2341_00991	CDS	426	hit		COG0537	Protein hit
M2341_00992	CDS	225				hypothetical protein
M2341_00993	CDS	303	ybaB			Nucleoid-associated protein YbaB
M2341_00994	CDS	192				hypothetical protein
M2341_00995	CDS	630				hypothetical protein
M2341_00996	CDS	429	lysS_1	6.1.1.6		Lysine--tRNA ligase
M2341_00997	CDS	399	lysS_2	6.1.1.6	COG1190	Lysine--tRNA ligase
M2341_00998	CDS	534	lysS_3	6.1.1.6		Lysine--tRNA ligase
M2341_00999	CDS	816	fcf2	5.4.99.59		dTDP-fucopyranose mutase
M2341_01000	CDS	189				hypothetical protein
M2341_01001	CDS	1797	lepA	3.6.5.-		Elongation factor 4
M2341_01002	CDS	1659	rnjA	3.1.-.-	COG0595	Ribonuclease J1
M2341_01003	CDS	891				hypothetical protein
M2341_01004	CDS	309				hypothetical protein
M2341_01005	CDS	207				hypothetical protein
M2341_01006	CDS	153				hypothetical protein
M2341_01007	CDS	495				hypothetical protein
M2341_01008	CDS	1056				hypothetical protein
M2341_01009	CDS	201				hypothetical protein
M2341_01010	CDS	684	bceA		COG1136	Bacitracin export ATP-binding protein BceA
M2341_01011	CDS	852	tkt_1	2.2.1.1		Transketolase
M2341_01012	CDS	1041	tkt_2	2.2.1.1		Transketolase
M2341_01013	CDS	210				hypothetical protein
M2341_01014	CDS	186				hypothetical protein
M2341_01015	CDS	1425				hypothetical protein
M2341_01016	CDS	231				hypothetical protein
M2341_01017	CDS	213				hypothetical protein
M2341_01018	CDS	276				hypothetical protein
M2341_01019	CDS	237				hypothetical protein
M2341_01020	CDS	354				hypothetical protein
