locus_tag	ftype	length_bp	gene	EC_number	COG	product
M6257_00001	CDS	168				hypothetical protein
M6257_00002	CDS	285				hypothetical protein
M6257_00003	CDS	495				Protein P200
M6257_00004	CDS	204	era_1			GTPase Era
M6257_00005	CDS	480	era_2			GTPase Era
M6257_00006	CDS	324	ybeY	3.1.-.-		Endoribonuclease YbeY
M6257_00007	CDS	195				hypothetical protein
M6257_00008	CDS	111				hypothetical protein
M6257_00009	CDS	348				hypothetical protein
M6257_00010	CDS	681				hypothetical protein
M6257_00011	CDS	294				hypothetical protein
M6257_00012	CDS	234	pepA_1	3.4.11.10		cytosol aminopeptidase
M6257_00013	CDS	1056	pepA_2	3.4.11.10		cytosol aminopeptidase
M6257_00014	CDS	1632	groL			60 kDa chaperonin
M6257_00015	CDS	333	groS			10 kDa chaperonin
M6257_00016	CDS	327	glyA_1	2.1.2.1	COG0112	Serine hydroxymethyltransferase
M6257_00017	CDS	870	glyA_2	2.1.2.1	COG0112	Serine hydroxymethyltransferase
M6257_00018	CDS	708				hypothetical protein
M6257_00019	CDS	171				hypothetical protein
M6257_00020	CDS	345				hypothetical protein
M6257_00021	CDS	132				hypothetical protein
M6257_00022	CDS	459	rpiB	5.3.1.6	COG0698	Ribose-5-phosphate isomerase B
M6257_00023	CDS	768				hypothetical protein
M6257_00024	CDS	351				hypothetical protein
M6257_00025	CDS	312				hypothetical protein
M6257_00026	CDS	402	atpC			ATP synthase epsilon chain
M6257_00027	CDS	1431	atpD_1	7.2.2.1	COG0055	ATP synthase subunit beta, sodium ion specific
M6257_00028	CDS	396	atpG_1		COG0224	ATP synthase gamma chain, sodium ion specific
M6257_00029	CDS	348	atpG_2		COG0224	ATP synthase gamma chain
M6257_00030	CDS	789	atpA_1	7.2.2.1		ATP synthase subunit alpha, sodium ion specific
M6257_00031	CDS	747	atpA_2	7.1.2.2	COG0056	ATP synthase subunit alpha
M6257_00032	CDS	531	atpD_2			ATP synthase subunit delta
M6257_00033	CDS	246	atpF			ATP synthase subunit b
M6257_00034	CDS	309	atpH			ATP synthase subunit c
M6257_00035	CDS	108				hypothetical protein
M6257_00036	CDS	102				hypothetical protein
M6257_00037	CDS	291				hypothetical protein
M6257_00038	CDS	180				hypothetical protein
M6257_00039	CDS	273				hypothetical protein
M6257_00040	CDS	375	eno_1	4.2.1.11	COG0148	Enolase
M6257_00041	CDS	744	eno_2	4.2.1.11		Enolase
M6257_00042	CDS	678				hypothetical protein
M6257_00043	CDS	345	pstB3_1	7.3.2.1	COG1117	Phosphate import ATP-binding protein PstB 3
M6257_00044	CDS	156	pstB3_2	7.3.2.1	COG1117	Phosphate import ATP-binding protein PstB 3
M6257_00045	CDS	234				hypothetical protein
M6257_00046	CDS	630				hypothetical protein
M6257_00047	CDS	177				hypothetical protein
M6257_00048	CDS	651				hypothetical protein
M6257_00049	CDS	201				hypothetical protein
M6257_00050	CDS	387				hypothetical protein
M6257_00051	CDS	306				hypothetical protein
M6257_00052	CDS	744				hypothetical protein
M6257_00053	CDS	639				hypothetical protein
M6257_00054	CDS	294				hypothetical protein
M6257_00055	CDS	252				hypothetical protein
M6257_00056	CDS	495				hypothetical protein
M6257_00057	CDS	501				hypothetical protein
M6257_00058	CDS	645				hypothetical protein
M6257_00059	CDS	399	rpsI		COG0103	30S ribosomal protein S9
M6257_00060	CDS	186	rplM_1		COG0102	50S ribosomal protein L13
M6257_00061	CDS	231	rplM_2		COG0102	50S ribosomal protein L13
M6257_00062	CDS	117				hypothetical protein
M6257_00063	CDS	1107				hypothetical protein
M6257_00064	CDS	198	dnaX	2.7.7.7	COG2812	DNA polymerase III subunit tau
M6257_00065	CDS	1635	uvrA_1			UvrABC system protein A
M6257_00066	CDS	519	uvrA_2			UvrABC system protein A
M6257_00067	CDS	264				hypothetical protein
M6257_00068	CDS	270				hypothetical protein
M6257_00069	CDS	354				hypothetical protein
M6257_00070	CDS	153				hypothetical protein
M6257_00071	CDS	438				hypothetical protein
M6257_00072	CDS	192				hypothetical protein
M6257_00073	CDS	165				hypothetical protein
M6257_00074	CDS	1446	rnjB_1	3.1.-.-	COG0595	Ribonuclease J2
M6257_00075	CDS	162	rnjB_2	3.1.-.-	COG0595	Ribonuclease J2
M6257_00076	CDS	261	rpsO			30S ribosomal protein S15
M6257_00077	CDS	339	cshA	3.6.4.13	COG0513	DEAD-box ATP-dependent RNA helicase CshA
M6257_00078	CDS	948	rhpA	3.6.4.13		DEAD-box ATP-dependent RNA helicase RhpA
M6257_00079	CDS	195				hypothetical protein
M6257_00080	CDS	291		1.11.1.-	COG1765	Hydroperoxide reductase
M6257_00081	CDS	297				hypothetical protein
M6257_00082	CDS	231	ptsI_1	2.7.3.9	COG1080	Phosphoenolpyruvate-protein phosphotransferase
M6257_00083	CDS	498	ptsI_2	2.7.3.9		Phosphoenolpyruvate-protein phosphotransferase
M6257_00084	CDS	189				hypothetical protein
M6257_00085	CDS	720	ptsI_3	2.7.3.9		Phosphoenolpyruvate-protein phosphotransferase
M6257_00086	CDS	1524	gpmI	5.4.2.12		2,3-bisphosphoglycerate-independent phosphoglycerate mutase
M6257_00087	CDS	489	tpiA	5.3.1.1		Triosephosphate isomerase
M6257_00088	CDS	213				hypothetical protein
M6257_00089	CDS	276				hypothetical protein
M6257_00090	CDS	333				hypothetical protein
M6257_00091	CDS	117	TSFM			Elongation factor Ts, mitochondrial
M6257_00092	CDS	393	tsf		COG0264	Elongation factor Ts
M6257_00093	CDS	732	pyrH	2.7.4.22	COG0528	Uridylate kinase
M6257_00094	CDS	429	frr			Ribosome-recycling factor
M6257_00095	CDS	306				hypothetical protein
M6257_00096	CDS	90				hypothetical protein
M6257_00097	CDS	171				hypothetical protein
M6257_00098	CDS	516			COG0732	Putative type-1 restriction enzyme specificity protein MG438
M6257_00099	CDS	552			COG0732	Putative type-1 restriction enzyme specificity protein MG438
M6257_00100	CDS	354				hypothetical protein
M6257_00101	CDS	210				hypothetical protein
M6257_00102	CDS	573				hypothetical protein
M6257_00103	CDS	195				hypothetical protein
M6257_00104	CDS	813	rbgA		COG1161	Ribosome biogenesis GTPase A
M6257_00105	CDS	396				hypothetical protein
M6257_00106	CDS	498				hypothetical protein
M6257_00107	CDS	360	rplS		COG0335	50S ribosomal protein L19
M6257_00108	CDS	543	trmD	2.1.1.228		tRNA (guanine-N(1)-)-methyltransferase
M6257_00109	CDS	114				hypothetical protein
M6257_00110	CDS	156	rpsP		COG0228	30S ribosomal protein S16
M6257_00111	CDS	138				hypothetical protein
M6257_00112	CDS	180				hypothetical protein
M6257_00113	CDS	744				hypothetical protein
M6257_00114	CDS	429				hypothetical protein
M6257_00115	CDS	186	msrB	1.8.4.12		Peptide methionine sulfoxide reductase MsrB
M6257_00116	CDS	204	msrAB		COG0225	Peptide methionine sulfoxide reductase MsrA/MsrB
M6257_00117	CDS	402				hypothetical protein
M6257_00118	CDS	126				hypothetical protein
M6257_00119	CDS	270				hypothetical protein
M6257_00120	CDS	309				hypothetical protein
M6257_00121	CDS	1185	tuf			Elongation factor Tu
M6257_00122	CDS	150				hypothetical protein
M6257_00123	CDS	378				hypothetical protein
M6257_00124	CDS	879	gtaB	2.7.7.9		UTP--glucose-1-phosphate uridylyltransferase
M6257_00125	CDS	423	ohrB		COG1764	Organic hydroperoxide resistance protein OhrB
M6257_00126	CDS	366	tyrS	6.1.1.1	COG0162	Tyrosine--tRNA ligase
M6257_00127	CDS	225	tyrS1	6.1.1.1	COG0162	Tyrosine--tRNA ligase 1
M6257_00128	CDS	333				hypothetical protein
M6257_00129	CDS	717				hypothetical protein
M6257_00130	CDS	279				hypothetical protein
M6257_00131	CDS	222				hypothetical protein
M6257_00132	CDS	1428	ftsH	3.4.24.-	COG0465	ATP-dependent zinc metalloprotease FtsH
M6257_00133	CDS	159				hypothetical protein
M6257_00134	CDS	159				hypothetical protein
M6257_00135	CDS	528	hpt	2.4.2.8		Hypoxanthine-guanine phosphoribosyltransferase
M6257_00136	CDS	309				hypothetical protein
M6257_00137	CDS	939	ldh	1.1.1.27		L-lactate dehydrogenase
M6257_00138	CDS	270				hypothetical protein
M6257_00139	CDS	759				hypothetical protein
M6257_00140	CDS	159	gltX_1	6.1.1.17		Glutamate--tRNA ligase
M6257_00141	CDS	222				hypothetical protein
M6257_00142	CDS	243	gltX_2	6.1.1.17		Glutamate--tRNA ligase
M6257_00143	CDS	498	gltX_3	6.1.1.17		Glutamate--tRNA ligase
M6257_00144	CDS	780	rsmA	2.1.1.182	COG0030	Ribosomal RNA small subunit methyltransferase A
M6257_00145	CDS	315				hypothetical protein
M6257_00146	CDS	429	yidC			Membrane protein insertase YidC
M6257_00147	CDS	147	rpmH		COG0230	50S ribosomal protein L34
M6257_00148	CDS	396	macB	3.6.3.-		Macrolide export ATP-binding/permease protein MacB
M6257_00149	CDS	354				putative ABC transporter permease MG468 
M6257_00150	CDS	1722				putative ABC transporter permease MG468 
M6257_00151	CDS	774				putative ABC transporter permease MG468 
M6257_00152	CDS	171				putative ABC transporter permease MG468 
M6257_00153	CDS	150				hypothetical protein
M6257_00154	CDS	204				putative ABC transporter permease MG468 
M6257_00155	CDS	261				hypothetical protein
M6257_00156	CDS	876				putative ABC transporter permease MG468 
M6257_00157	CDS	849	btuD_1	7.6.2.8		Vitamin B12 import ATP-binding protein BtuD
M6257_00158	CDS	1314	dnaA			Chromosomal replication initiator protein DnaA
M6257_00159	CDS	246				putative protein MPN_687
M6257_00160	CDS	810			COG1192	putative protein
M6257_00161	CDS	1143	dnaN		COG0592	Beta sliding clamp
M6257_00162	CDS	246	dnaJ_1			Chaperone protein DnaJ
M6257_00163	CDS	156				hypothetical protein
M6257_00164	CDS	135	gyrB_1	5.6.2.2		DNA gyrase subunit B
M6257_00165	CDS	246	gyrB_2	5.6.2.2		DNA gyrase subunit B
M6257_00166	CDS	195	gyrB_3	5.6.2.2		DNA gyrase subunit B
M6257_00167	CDS	1029	gyrB_4	5.6.2.2		DNA gyrase subunit B
M6257_00168	CDS	153	gyrB_5	5.6.2.2		DNA gyrase subunit B
M6257_00169	CDS	2511	gyrA_1	5.6.2.2		DNA gyrase subunit A
M6257_00170	CDS	564	serS_1	6.1.1.11	COG0172	Serine--tRNA ligase
M6257_00171	CDS	189	serS_2	6.1.1.11		Serine--tRNA ligase
M6257_00172	CDS	252	serS_3	6.1.1.11	COG0172	Serine--tRNA ligase
M6257_00173	CDS	633	tmk	2.7.4.9	COG0125	Thymidylate kinase
M6257_00174	CDS	168				hypothetical protein
M6257_00175	CDS	288				hypothetical protein
M6257_00176	CDS	1137	mnmE	3.6.-.-		tRNA modification GTPase MnmE
M6257_00177	CDS	642	ycfH	3.1.-.-	COG0084	putative metal-dependent hydrolase YcfH
M6257_00178	CDS	177				hypothetical protein
M6257_00179	CDS	228				hypothetical protein
M6257_00180	CDS	309				hypothetical protein
M6257_00181	CDS	489	rimK	6.3.2.-	COG0189	Ribosomal protein S6--L-glutamate ligase
M6257_00182	CDS	216				hypothetical protein
M6257_00183	CDS	636	folD		COG0190	Bifunctional protein FolD protein
M6257_00184	tRNA	76				tRNA-Ala(tgc)
M6257_00185	tRNA	77				tRNA-Ile(gat)
M6257_00186	CDS	756				hypothetical protein
M6257_00187	CDS	432				hypothetical protein
M6257_00188	CDS	426			COG1132	putative ABC transporter ATP-binding protein
M6257_00189	CDS	273				hypothetical protein
M6257_00190	CDS	615			COG1132	putative ABC transporter ATP-binding protein
M6257_00191	CDS	357			COG1132	putative ABC transporter ATP-binding protein
M6257_00192	CDS	372				hypothetical protein
M6257_00193	CDS	912				hypothetical protein
M6257_00194	CDS	435				hypothetical protein
M6257_00195	CDS	114				hypothetical protein
M6257_00196	CDS	552				hypothetical protein
M6257_00197	CDS	1170	dnaJ_2			Chaperone protein DnaJ
M6257_00198	CDS	201	pip	3.4.11.5	COG0596	Proline iminopeptidase
M6257_00199	CDS	168				hypothetical protein
M6257_00200	CDS	255				hypothetical protein
M6257_00201	CDS	243	metG_1	6.1.1.10		Methionine--tRNA ligase
M6257_00202	CDS	396	metG_2	6.1.1.10		Methionine--tRNA ligase
M6257_00203	CDS	237	metG_3	6.1.1.10		Methionine--tRNA ligase
M6257_00204	CDS	93				hypothetical protein
M6257_00205	CDS	213	rpoE			DNA-directed RNA polymerase subunit delta
M6257_00206	CDS	531	fba_1	4.1.2.13		Fructose-bisphosphate aldolase
M6257_00207	CDS	297	fba_2	4.1.2.13	COG0191	Fructose-bisphosphate aldolase
M6257_00208	CDS	888	ychF		COG0012	Ribosome-binding ATPase YchF
M6257_00209	CDS	108	OLA1			Obg-like ATPase 1
M6257_00210	CDS	654				hypothetical protein
M6257_00211	CDS	120				hypothetical protein
M6257_00212	CDS	573	efp			Elongation factor P
M6257_00213	CDS	168			COG0781	putative protein MG027
M6257_00214	CDS	219			COG0781	putative protein MG027
M6257_00215	CDS	171				hypothetical protein
M6257_00216	CDS	594				hypothetical protein
M6257_00217	CDS	621	upp	2.4.2.9	COG0035	Uracil phosphoribosyltransferase
M6257_00218	CDS	462	polC_1	2.7.7.7		DNA polymerase III PolC-type
M6257_00219	CDS	204	polC_2	2.7.7.7		DNA polymerase III PolC-type
M6257_00220	CDS	255	polC_3	2.7.7.7		DNA polymerase III PolC-type
M6257_00221	CDS	435	polC_4	2.7.7.7		DNA polymerase III PolC-type
M6257_00222	CDS	171	polC_5	2.7.7.7		DNA polymerase III PolC-type
M6257_00223	CDS	675	polC_6	2.7.7.7		DNA polymerase III PolC-type
M6257_00224	CDS	468	polC_7	2.7.7.7		DNA polymerase III PolC-type
M6257_00225	CDS	90	polC_8	2.7.7.7		DNA polymerase III PolC-type
M6257_00226	CDS	294	polC_9	2.7.7.7		DNA polymerase III PolC-type
M6257_00227	CDS	201	polC_10	2.7.7.7		DNA polymerase III PolC-type
M6257_00228	CDS	981				hypothetical protein
M6257_00229	CDS	129				hypothetical protein
M6257_00230	CDS	243				hypothetical protein
M6257_00231	CDS	153				hypothetical protein
M6257_00232	CDS	123				hypothetical protein
M6257_00233	CDS	528	hisS_1	6.1.1.21		Histidine--tRNA ligase
M6257_00234	CDS	147				hypothetical protein
M6257_00235	CDS	249	hisS_2	6.1.1.21		Histidine--tRNA ligase
M6257_00236	CDS	537	aspS	6.1.1.12		Aspartate--tRNA(Asp/Asn) ligase
M6257_00237	CDS	225	aspS1	6.1.1.12	COG0173	Aspartate--tRNA(Asp) ligase
M6257_00238	CDS	165				hypothetical protein
M6257_00239	CDS	666				hypothetical protein
M6257_00240	CDS	96				hypothetical protein
M6257_00241	CDS	351				hypothetical protein
M6257_00242	CDS	180	glpK_1	2.7.1.30	COG0554	Glycerol kinase
M6257_00243	CDS	153	glpK_2	2.7.1.30		Glycerol kinase
M6257_00244	CDS	261				hypothetical protein
M6257_00245	CDS	90				hypothetical protein
M6257_00246	CDS	138	glpK_3	2.7.1.30	COG0554	Glycerol kinase
M6257_00247	CDS	375				putative protein MG039 
M6257_00248	CDS	135				putative protein MG039 
M6257_00249	CDS	219				putative protein MG039 
M6257_00250	CDS	276				hypothetical protein
M6257_00251	CDS	597				hypothetical protein
M6257_00252	CDS	246				hypothetical protein
M6257_00253	CDS	267	ptsH			Phosphocarrier protein HPr
M6257_00254	CDS	324	potA	7.6.2.11	COG3842	Spermidine/putrescine import ATP-binding protein PotA
M6257_00255	CDS	153				hypothetical protein
M6257_00256	CDS	330	cysA	7.3.2.3	COG1118	Sulfate/thiosulfate import ATP-binding protein CysA
M6257_00257	CDS	129				hypothetical protein
M6257_00258	CDS	495				hypothetical protein
M6257_00259	CDS	405				hypothetical protein
M6257_00260	CDS	366				hypothetical protein
M6257_00261	CDS	285				hypothetical protein
M6257_00262	CDS	834				hypothetical protein
M6257_00263	CDS	615	tsaD	2.3.1.234	COG0533	tRNA N6-adenosine threonylcarbamoyltransferase
M6257_00264	CDS	162	OSGEPL1	2.3.1.234		tRNA N6-adenosine threonylcarbamoyltransferase, mitochondrial
M6257_00265	CDS	231	metK_1	2.5.1.6		S-adenosylmethionine synthase
M6257_00266	CDS	516	metK_2	2.5.1.6		S-adenosylmethionine synthase
M6257_00267	CDS	258				hypothetical protein
M6257_00268	CDS	120	srp54			Signal recognition particle 54 kDa protein
M6257_00269	CDS	723	ffh_1		COG0541	Signal recognition particle protein
M6257_00270	CDS	327	ffh_2		COG0541	Signal recognition particle protein
M6257_00271	CDS	408	deoD_1	2.4.2.1	COG0813	Purine nucleoside phosphorylase DeoD-type
M6257_00272	CDS	363	deoD_2	2.4.2.1		Purine nucleoside phosphorylase DeoD-type
M6257_00273	CDS	672	deoC1	4.1.2.4		Deoxyribose-phosphate aldolase 1
M6257_00274	CDS	924	pdp	2.4.2.2	COG0213	Pyrimidine-nucleoside phosphorylase
M6257_00275	CDS	165				hypothetical protein
M6257_00276	CDS	393	cdd	3.5.4.5	COG0295	Cytidine deaminase
M6257_00277	CDS	948	pgcA	5.4.2.2		Phosphoglucomutase
M6257_00278	CDS	327		5.4.2.8	COG1109	putative phosphomannomutase
M6257_00279	CDS	219				hypothetical protein
M6257_00280	CDS	522	nusG_1			Transcription termination/antitermination protein NusG
M6257_00281	CDS	324	nusG_2			Transcription termination/antitermination protein NusG
M6257_00282	CDS	216				hypothetical protein
M6257_00283	CDS	243				hypothetical protein
M6257_00284	CDS	102				hypothetical protein
M6257_00285	CDS	600	rsmI	2.1.1.198	COG0313	Ribosomal RNA small subunit methyltransferase I
M6257_00286	CDS	384	rnmV	3.1.26.8	COG1658	Ribonuclease M5
M6257_00287	CDS	1092	prs	2.7.6.1	COG0462	Ribose-phosphate pyrophosphokinase
M6257_00288	CDS	351	smpB		COG0691	SsrA-binding protein
M6257_00289	CDS	267				hypothetical protein
M6257_00290	CDS	159				hypothetical protein
M6257_00291	CDS	213				hypothetical protein
M6257_00292	CDS	447				hypothetical protein
M6257_00293	CDS	711				hypothetical protein
M6257_00294	CDS	234				hypothetical protein
M6257_00295	tRNA	89				tRNA-Ser(gct)
M6257_00296	CDS	267				hypothetical protein
M6257_00297	CDS	162				hypothetical protein
M6257_00298	CDS	1584	fruA		COG1299	PTS system fructose-specific EIIB'BC component
M6257_00299	CDS	768	fruK	2.7.1.56		Putative 1-phosphofructokinase
M6257_00300	CDS	204				hypothetical protein
M6257_00301	CDS	891				hypothetical protein
M6257_00302	CDS	309				hypothetical protein
M6257_00303	CDS	207				hypothetical protein
M6257_00304	CDS	153				hypothetical protein
M6257_00305	CDS	495				hypothetical protein
M6257_00306	CDS	1056				hypothetical protein
M6257_00307	CDS	201				hypothetical protein
M6257_00308	CDS	684	bceA		COG1136	Bacitracin export ATP-binding protein BceA
M6257_00309	CDS	852	tkt_1	2.2.1.1		Transketolase
M6257_00310	CDS	1041	tkt_2	2.2.1.1		Transketolase
M6257_00311	CDS	210				hypothetical protein
M6257_00312	CDS	186				hypothetical protein
M6257_00313	CDS	1416				hypothetical protein
M6257_00314	CDS	231				hypothetical protein
M6257_00315	CDS	213				hypothetical protein
M6257_00316	CDS	276				hypothetical protein
M6257_00317	CDS	237				hypothetical protein
M6257_00318	CDS	345				hypothetical protein
M6257_00319	CDS	171				hypothetical protein
M6257_00320	CDS	357	mgpA_1			Adhesin P1
M6257_00321	CDS	177				hypothetical protein
M6257_00322	CDS	204				hypothetical protein
M6257_00323	CDS	267				hypothetical protein
M6257_00324	CDS	309	ptsG_1	2.7.1.199	COG1263	PTS system glucose-specific EIICBA component
M6257_00325	CDS	258				hypothetical protein
M6257_00326	CDS	207	ptsG_2	2.7.1.199		PTS system glucose-specific EIICBA component
M6257_00327	CDS	93				hypothetical protein
M6257_00328	CDS	402	ptsG_3	2.7.1.199	COG1263	PTS system glucose-specific EIICBA component
M6257_00329	CDS	582	ptsG_4	2.7.1.199		PTS system glucose-specific EIICBA component
M6257_00330	CDS	93				hypothetical protein
M6257_00331	CDS	216				hypothetical protein
M6257_00332	CDS	279				hypothetical protein
M6257_00333	CDS	396	yoaB_1	7.2.2.10	COG0474	Calcium-transporting ATPase 1
M6257_00334	CDS	273	yoaB_2	7.2.2.10	COG0474	Calcium-transporting ATPase 1
M6257_00335	CDS	495		7.2.2.10		Calcium-transporting ATPase 1
M6257_00336	CDS	441	pacL	7.2.2.10	COG0474	Calcium-transporting ATPase
M6257_00337	CDS	228				hypothetical protein
M6257_00338	CDS	1248	secA		COG0653	Protein translocase subunit SecA
M6257_00339	CDS	915	secA1			Protein translocase subunit SecA 1
M6257_00340	CDS	249				hypothetical protein
M6257_00341	CDS	1971	uvrB			UvrABC system protein B
M6257_00342	CDS	207				hypothetical protein
M6257_00343	CDS	2397				hypothetical protein
M6257_00344	CDS	294				hypothetical protein
M6257_00345	CDS	417				hypothetical protein
M6257_00346	CDS	201				hypothetical protein
M6257_00347	CDS	744			COG0601	Putative peptide transport permease protein
M6257_00348	CDS	171				hypothetical protein
M6257_00349	CDS	486				hypothetical protein
M6257_00350	CDS	114				hypothetical protein
M6257_00351	CDS	345				hypothetical protein
M6257_00352	CDS	918	oppD_1		COG0444	Oligopeptide transport ATP-binding protein OppD
M6257_00353	CDS	192	oppD_2		COG0444	Oligopeptide transport ATP-binding protein OppD
M6257_00354	CDS	1350				hypothetical protein
M6257_00355	CDS	1107	btuD_2	7.6.2.8		Vitamin B12 import ATP-binding protein BtuD
M6257_00356	CDS	414	rplK		COG0080	50S ribosomal protein L11
M6257_00357	CDS	318	rplA_1		COG0081	50S ribosomal protein L1
M6257_00358	CDS	327	rplA_2			50S ribosomal protein L1
M6257_00359	CDS	570	pth	3.1.1.29		Peptidyl-tRNA hydrolase
M6257_00360	CDS	213	tilS	6.3.4.19		tRNA(Ile)-lysidine synthase
M6257_00361	CDS	99				hypothetical protein
M6257_00362	CDS	345				hypothetical protein
M6257_00363	CDS	936	hprK	2.7.11.-		HPr kinase/phosphorylase
M6257_00364	CDS	807	lgt	2.5.1.145	COG0682	Phosphatidylglycerol--prolipoprotein diacylglyceryl transferase
M6257_00365	CDS	183				hypothetical protein
M6257_00366	CDS	420	rpsL		COG0048	30S ribosomal protein S12
M6257_00367	CDS	468	rpsG			30S ribosomal protein S7
M6257_00368	CDS	216	fusA_1		COG0480	Elongation factor G
M6257_00369	CDS	126	fusA_2		COG0480	Elongation factor G
M6257_00370	CDS	1659	fusA_3		COG0480	Elongation factor G
M6257_00371	CDS	471				hypothetical protein
M6257_00372	CDS	132				hypothetical protein
M6257_00373	CDS	315				hypothetical protein
M6257_00374	CDS	453	rplI		COG0359	50S ribosomal protein L9
M6257_00375	CDS	630				hypothetical protein
M6257_00376	CDS	708	dnaB	3.6.4.12	COG0305	Replicative DNA helicase
M6257_00377	CDS	348				hypothetical protein
M6257_00378	CDS	129				hypothetical protein
M6257_00379	CDS	174				hypothetical protein
M6257_00380	CDS	1632				hypothetical protein
M6257_00381	CDS	270				hypothetical protein
M6257_00382	CDS	276		3.2.2.27		Uracil-DNA glycosylase
M6257_00383	CDS	738				hypothetical protein
M6257_00384	CDS	135				hypothetical protein
M6257_00385	CDS	474	GATC	6.3.5.-		Glutamyl-tRNA(Gln) amidotransferase subunit C, chloroplastic/mitochondrial
M6257_00386	CDS	810	gatA_1	6.3.5.7	COG0154	Glutamyl-tRNA(Gln) amidotransferase subunit A
M6257_00387	CDS	552	gatA_2	6.3.5.7	COG0154	Glutamyl-tRNA(Gln) amidotransferase subunit A
M6257_00388	CDS	1434	gatB	6.3.5.-	COG0064	Aspartyl/glutamyl-tRNA(Asn/Gln) amidotransferase subunit B
M6257_00389	CDS	450				hypothetical protein
M6257_00390	CDS	948	trxB	1.8.1.9	COG0492	Thioredoxin reductase
M6257_00391	CDS	606	whiA			cell division protein WhiA
M6257_00392	CDS	234				hypothetical protein
M6257_00393	CDS	162				hypothetical protein
M6257_00394	CDS	1287	rnr_1	3.1.13.1	COG0557	Ribonuclease R
M6257_00395	CDS	414	rnr_2	3.1.13.1	COG0557	Ribonuclease R
M6257_00396	CDS	117				hypothetical protein
M6257_00397	CDS	252	cdaS	2.7.7.85		Diadenylate cyclase CdaS
M6257_00398	CDS	213				hypothetical protein
M6257_00399	CDS	570	gmk	2.7.4.8	COG0194	Guanylate kinase
M6257_00400	CDS	216				hypothetical protein
M6257_00401	CDS	315				hypothetical protein
M6257_00402	CDS	924	prkC	2.7.11.1		Serine/threonine-protein kinase PrkC
M6257_00403	CDS	96				hypothetical protein
M6257_00404	CDS	141	rsgA_1	3.6.1.-		Small ribosomal subunit biogenesis GTPase RsgA
M6257_00405	CDS	528	rsgA_2	3.6.1.-	COG1162	Small ribosomal subunit biogenesis GTPase RsgA
M6257_00406	CDS	756	pgi_1	5.3.1.9	COG0166	Glucose-6-phosphate isomerase
M6257_00407	CDS	375	pgi_2	5.3.1.9	COG0166	Glucose-6-phosphate isomerase
M6257_00408	CDS	630	rpe	5.1.3.1	COG0036	Ribulose-phosphate 3-epimerase
M6257_00409	CDS	234				hypothetical protein
M6257_00410	CDS	936	asnS_1	6.1.1.22	COG0017	Asparagine--tRNA ligase
M6257_00411	CDS	135	asnS_2	6.1.1.22	COG0017	Asparagine--tRNA ligase
M6257_00412	CDS	303				hypothetical protein
M6257_00413	CDS	147				hypothetical protein
M6257_00414	CDS	474				Protein MG115 
M6257_00415	CDS	534				hypothetical protein
M6257_00416	CDS	126				hypothetical protein
M6257_00417	CDS	204				hypothetical protein
M6257_00418	CDS	354				hypothetical protein
M6257_00419	CDS	741	galE	5.1.3.2	COG1087	UDP-glucose 4-epimerase
M6257_00420	CDS	1143	btuD_3	7.6.2.8		Vitamin B12 import ATP-binding protein BtuD
M6257_00421	CDS	381				hypothetical protein
M6257_00422	CDS	441				hypothetical protein
M6257_00423	CDS	135				hypothetical protein
M6257_00424	CDS	429				hypothetical protein
M6257_00425	CDS	183				hypothetical protein
M6257_00426	CDS	198				hypothetical protein
M6257_00427	CDS	423				hypothetical protein
M6257_00428	CDS	162	topA_1	5.6.2.1		DNA topoisomerase 1
M6257_00429	CDS	1440	topA_2	5.6.2.1		DNA topoisomerase 1
M6257_00430	CDS	312	topA_3	5.6.2.1		DNA topoisomerase 1
M6257_00431	CDS	993	rny_1	3.1.-.-		Ribonuclease Y
M6257_00432	CDS	303				hypothetical protein
M6257_00433	CDS	690				hypothetical protein
M6257_00434	CDS	156				hypothetical protein
M6257_00435	CDS	1044	trpS	6.1.1.2		Tryptophan--tRNA ligase
M6257_00436	CDS	438	spxA			Regulatory protein Spx
M6257_00437	CDS	780	nadK	2.7.1.23		NAD kinase
M6257_00438	CDS	336				hypothetical protein
M6257_00439	CDS	1293	rny_2	3.1.-.-		Ribonuclease Y
M6257_00440	CDS	111				hypothetical protein
M6257_00441	CDS	252				hypothetical protein
M6257_00442	CDS	282				hypothetical protein
M6257_00443	CDS	426	hit		COG0537	Protein hit
M6257_00444	CDS	225				hypothetical protein
M6257_00445	CDS	303	ybaB			Nucleoid-associated protein YbaB
M6257_00446	CDS	630				hypothetical protein
M6257_00447	CDS	429	lysS_1	6.1.1.6		Lysine--tRNA ligase
M6257_00448	CDS	399	lysS_2	6.1.1.6	COG1190	Lysine--tRNA ligase
M6257_00449	CDS	534	lysS_3	6.1.1.6		Lysine--tRNA ligase
M6257_00450	CDS	840	fcf2	5.4.99.59		dTDP-fucopyranose mutase
M6257_00451	CDS	189				hypothetical protein
M6257_00452	CDS	1797	lepA	3.6.5.-		Elongation factor 4
M6257_00453	CDS	1659	rnjA	3.1.-.-	COG0595	Ribonuclease J1
M6257_00454	CDS	198				hypothetical protein
M6257_00455	CDS	225				Mgp-operon protein 3
M6257_00456	rRNA	1514				16S ribosomal RNA
M6257_00457	rRNA	2907				23S ribosomal RNA
M6257_00458	rRNA	74				5S ribosomal RNA (partial)
M6257_00459	CDS	252				hypothetical protein
M6257_00460	CDS	291				hypothetical protein
M6257_00461	CDS	852				hypothetical protein
M6257_00462	CDS	321				hypothetical protein
M6257_00463	CDS	693				hypothetical protein
M6257_00464	CDS	135				hypothetical protein
M6257_00465	CDS	579				hypothetical protein
M6257_00466	CDS	684	nusA_1			Transcription termination/antitermination protein NusA
M6257_00467	CDS	390	nusA_2			Transcription termination/antitermination protein NusA
M6257_00468	CDS	399	nusA_3			Transcription termination/antitermination protein NusA
M6257_00469	CDS	273				hypothetical protein
M6257_00470	CDS	1860	infB			Translation initiation factor IF-2
M6257_00471	CDS	339	rbfA			Ribosome-binding factor A
M6257_00472	CDS	426				hypothetical protein
M6257_00473	CDS	108				hypothetical protein
M6257_00474	CDS	159				hypothetical protein
M6257_00475	CDS	810	ribF		COG0196	Bifunctional riboflavin kinase/FMN adenylyltransferase
M6257_00476	CDS	126				hypothetical protein
M6257_00477	CDS	201				hypothetical protein
M6257_00478	CDS	396				hypothetical protein
M6257_00479	CDS	177				hypothetical protein
M6257_00480	CDS	654				hypothetical protein
M6257_00481	CDS	252				hypothetical protein
M6257_00482	CDS	153				hypothetical protein
M6257_00483	CDS	255				hypothetical protein
M6257_00484	CDS	465				hypothetical protein
M6257_00485	CDS	720				hypothetical protein
M6257_00486	CDS	93				hypothetical protein
M6257_00487	CDS	156				hypothetical protein
M6257_00488	CDS	321	rpsJ			30S ribosomal protein S10
M6257_00489	CDS	378	rplC		COG0087	50S ribosomal protein L3
M6257_00490	CDS	378				hypothetical protein
M6257_00491	CDS	636	rplD		COG0088	50S ribosomal protein L4
M6257_00492	CDS	321	rplW			50S ribosomal protein L23
M6257_00493	CDS	858	rplB			50S ribosomal protein L2
M6257_00494	CDS	264	rpsS			30S ribosomal protein S19
M6257_00495	CDS	435				hypothetical protein
M6257_00496	CDS	651				hypothetical protein
M6257_00497	CDS	195	rplP_1			50S ribosomal protein L16
M6257_00498	CDS	174	rplP_2		COG0197	50S ribosomal protein L16
M6257_00499	CDS	195				hypothetical protein
M6257_00500	CDS	225	rpsQ			30S ribosomal protein S17
M6257_00501	CDS	369	rplN			50S ribosomal protein L14
M6257_00502	CDS	327	rplX		COG0198	50S ribosomal protein L24
M6257_00503	CDS	291	rplE			50S ribosomal protein L5
M6257_00504	CDS	183	rpsN1		COG0199	30S ribosomal protein S14
M6257_00505	CDS	426	rpsH		COG0096	30S ribosomal protein S8
M6257_00506	CDS	462	rplF		COG0097	50S ribosomal protein L6
M6257_00507	CDS	390	rplR		COG0256	50S ribosomal protein L18
M6257_00508	CDS	636				hypothetical protein
M6257_00509	CDS	453	rplO			50S ribosomal protein L15
M6257_00510	CDS	1428	secY			Protein translocase subunit SecY
M6257_00511	CDS	645	adk	2.7.4.3		Adenylate kinase
M6257_00512	CDS	747	map	3.4.11.18	COG0024	Methionine aminopeptidase 1
M6257_00513	CDS	213	infA			Translation initiation factor IF-1
M6257_00514	CDS	258	rpsM			30S ribosomal protein S13
M6257_00515	CDS	180	rpsK		COG0100	30S ribosomal protein S11
M6257_00516	CDS	330	rpoA_1	2.7.7.6		DNA-directed RNA polymerase subunit alpha
M6257_00517	CDS	582	rpoA_2	2.7.7.6	COG0202	DNA-directed RNA polymerase subunit alpha
M6257_00518	CDS	327	rplQ		COG0203	50S ribosomal protein L17
M6257_00519	CDS	813	ecfA1_1	7.-.-.-	COG1122	Energy-coupling factor transporter ATP-binding protein EcfA1
M6257_00520	CDS	915	ecfA2	3.6.3.-		Energy-coupling factor transporter ATP-binding protein EcfA2
M6257_00521	CDS	336	ecfT_1			Energy-coupling factor transporter transmembrane protein EcfT
M6257_00522	CDS	462				hypothetical protein
M6257_00523	CDS	417	ecfT_2			Energy-coupling factor transporter transmembrane protein EcfT
M6257_00524	CDS	645	truA	5.4.99.12	COG0101	tRNA pseudouridine synthase A
M6257_00525	CDS	645				hypothetical protein
M6257_00526	CDS	357				hypothetical protein
M6257_00527	CDS	645	pepF1	3.4.24.-		Oligoendopeptidase F, plasmid
M6257_00528	CDS	750				hypothetical protein
M6257_00529	CDS	195				hypothetical protein
M6257_00530	CDS	627				hypothetical protein
M6257_00531	CDS	165				hypothetical protein
M6257_00532	CDS	1185				hypothetical protein
M6257_00533	CDS	345				hypothetical protein
M6257_00534	CDS	126				hypothetical protein
M6257_00535	CDS	402				hypothetical protein
M6257_00536	CDS	177				hypothetical protein
M6257_00537	CDS	300				hypothetical protein
M6257_00538	CDS	159				hypothetical protein
M6257_00539	CDS	177				hypothetical protein
M6257_00540	CDS	273				putative lipoprotein MG186 
M6257_00541	CDS	330				Putative ABC transporter ATP-binding protein MG187 
M6257_00542	CDS	294				Putative ABC transporter ATP-binding protein MG187 
M6257_00543	CDS	705				Putative ABC transporter ATP-binding protein MG187 
M6257_00544	CDS	219				Putative ABC transporter ATP-binding protein MG187 
M6257_00545	CDS	282				hypothetical protein
M6257_00546	CDS	564	araP		COG1175	L-arabinose transport system permease protein AraP
M6257_00547	CDS	156				hypothetical protein
M6257_00548	CDS	201				hypothetical protein
M6257_00549	CDS	159				hypothetical protein
M6257_00550	CDS	768	nrnA_1	3.1.-.-		Bifunctional oligoribonuclease and PAP phosphatase NrnA
M6257_00551	CDS	522	mgpA_2			Adhesin P1
M6257_00552	CDS	153	mgpA_3			Adhesin P1
M6257_00553	CDS	339	mgpA_4			Adhesin P1
M6257_00554	CDS	273	mgpA_5			Adhesin P1
M6257_00555	CDS	156				hypothetical protein
M6257_00556	CDS	144	mgpA_6			Adhesin P1
M6257_00557	CDS	111				hypothetical protein
M6257_00558	CDS	462	mgpA_7			Adhesin P1
M6257_00559	CDS	1002				hypothetical protein
M6257_00560	CDS	375				hypothetical protein
M6257_00561	CDS	174				hypothetical protein
M6257_00562	CDS	459				Mgp-operon protein 3
M6257_00563	CDS	384				Mgp-operon protein 3
M6257_00564	CDS	1245				Mgp-operon protein 3
M6257_00565	CDS	237				hypothetical protein
M6257_00566	CDS	393				hypothetical protein
M6257_00567	CDS	177				hypothetical protein
M6257_00568	CDS	561	pheS_1	6.1.1.20		Phenylalanine--tRNA ligase alpha subunit
M6257_00569	CDS	153	pheS_2	6.1.1.20		Phenylalanine--tRNA ligase alpha subunit
M6257_00570	CDS	474	pheT_1	6.1.1.20		Phenylalanine--tRNA ligase beta subunit
M6257_00571	CDS	228				hypothetical protein
M6257_00572	CDS	645	pheT_2	6.1.1.20		Phenylalanine--tRNA ligase beta subunit
M6257_00573	CDS	384				hypothetical protein
M6257_00574	CDS	402				hypothetical protein
M6257_00575	CDS	150				hypothetical protein
M6257_00576	CDS	546	infC			Translation initiation factor IF-3
M6257_00577	CDS	180	rpmI			50S ribosomal protein L35
M6257_00578	CDS	375	rplT			50S ribosomal protein L20
M6257_00579	CDS	705	rnhC	3.1.26.4	COG1039	Ribonuclease HIII
M6257_00580	CDS	567				DnaJ-like protein MG200
M6257_00581	CDS	966				DnaJ-like protein MG200
M6257_00582	CDS	453	grpE_1			Protein GrpE
M6257_00583	CDS	201	grpE_2			Protein GrpE
M6257_00584	CDS	369				hypothetical protein
M6257_00585	tRNA	74				tRNA-Thr(ggt)
M6257_00586	CDS	1746	parE_1	5.6.2.2	COG0187	DNA topoisomerase 4 subunit B
M6257_00587	CDS	147	parE_2	5.6.2.2	COG0187	DNA topoisomerase 4 subunit B
M6257_00588	CDS	288	gyrA_2	5.6.2.2	COG0188	Type 2 topoisomerase subunit A
M6257_00589	CDS	2013	parC	5.6.2.2	COG0188	DNA topoisomerase 4 subunit A
M6257_00590	CDS	231	hrcA_1			Heat-inducible transcription repressor HrcA
M6257_00591	CDS	795	hrcA_2		COG1420	Heat-inducible transcription repressor HrcA
M6257_00592	CDS	1461	uvrC		COG0322	UvrABC system protein C
M6257_00593	CDS	159		3.1.4.-		Putative metallophosphoesterase MG207 
M6257_00594	CDS	345		3.1.4.-		Putative metallophosphoesterase MG207 
M6257_00595	CDS	591				hypothetical protein
M6257_00596	CDS	927	rluD	5.4.99.23	COG0564	Ribosomal large subunit pseudouridine synthase D
M6257_00597	CDS	339	lspA	3.4.23.36		Lipoprotein signal peptidase
M6257_00598	CDS	246				hypothetical protein
M6257_00599	CDS	189				hypothetical protein
M6257_00600	CDS	399				hypothetical protein
M6257_00601	CDS	117				hypothetical protein
M6257_00602	CDS	195				hypothetical protein
M6257_00603	CDS	588				hypothetical protein
M6257_00604	CDS	156				hypothetical protein
M6257_00605	CDS	189				hypothetical protein
M6257_00606	CDS	885	scpA			Segregation and condensation protein A
M6257_00607	CDS	624	scpB		COG1386	Segregation and condensation protein B
M6257_00608	CDS	420	pfkA_1	2.7.1.11	COG0205	ATP-dependent 6-phosphofructokinase isozyme 1
M6257_00609	CDS	468	pfkA_2	2.7.1.11		ATP-dependent 6-phosphofructokinase
M6257_00610	CDS	864	pyk_1	2.7.1.40		Pyruvate kinase
M6257_00611	CDS	294	pyk_2	2.7.1.40		Pyruvate kinase
M6257_00612	tRNA	77				tRNA-Cys(gca)
M6257_00613	tRNA	77				tRNA-Pro(tgg)
M6257_00614	tRNA	77				tRNA-Met(cat)
M6257_00615	tRNA	77				tRNA-Met(cat)
M6257_00616	tRNA	92				tRNA-Ser(tga)
M6257_00617	tRNA	77				tRNA-Met(cat)
M6257_00618	tRNA	74				tRNA-Asp(gtc)
M6257_00619	tRNA	76				tRNA-Phe(gaa)
M6257_00620	CDS	1002				hypothetical protein
M6257_00621	CDS	93				hypothetical protein
M6257_00622	CDS	3153	hmw2_1			Cytadherence high molecular weight protein 2
M6257_00623	CDS	942	hmw2_2			Cytadherence high molecular weight protein 2
M6257_00624	CDS	477	hmw2_3			Cytadherence high molecular weight protein 2
M6257_00625	CDS	696				putative protein MG218.1
M6257_00626	CDS	312				putative protein MG218.1
M6257_00627	CDS	414				hypothetical protein
M6257_00628	CDS	204				hypothetical protein
M6257_00629	tRNA	77				tRNA-Arg(gcg)
M6257_00630	CDS	465	mraZ			Transcriptional regulator MraZ
M6257_00631	CDS	930	rsmH	2.1.1.199	COG0275	Ribosomal RNA small subunit methyltransferase H
M6257_00632	CDS	1236				hypothetical protein
M6257_00633	CDS	891	ftsZ			Cell division protein FtsZ
M6257_00634	CDS	171				hypothetical protein
M6257_00635	CDS	288				hypothetical protein
M6257_00636	CDS	174				hypothetical protein
M6257_00637	CDS	2205				hypothetical protein
M6257_00638	CDS	165				hypothetical protein
M6257_00639	CDS	183	thyA2	2.1.1.45	COG0207	Thymidylate synthase 2
M6257_00640	CDS	372	thyA	2.1.1.45	COG0207	Thymidylate synthase
M6257_00641	CDS	231	dhfR	1.5.1.3	COG0262	Dihydrofolate reductase
M6257_00642	CDS	192				hypothetical protein
M6257_00643	CDS	132				hypothetical protein
M6257_00644	CDS	672	nrdF	1.17.4.1	COG0208	Ribonucleoside-diphosphate reductase 2 subunit beta
M6257_00645	CDS	462	nrdI		COG1780	Protein NrdI
M6257_00646	CDS	1629	nrdE2	1.17.4.1	COG0209	Ribonucleoside-diphosphate reductase subunit alpha 2
M6257_00647	CDS	459	nrdE	1.17.4.1	COG0209	Ribonucleoside-diphosphate reductase subunit alpha
M6257_00648	CDS	303	rplU		COG0261	50S ribosomal protein L21
M6257_00649	CDS	300				hypothetical protein
M6257_00650	CDS	315	rpmA		COG0211	50S ribosomal protein L27
M6257_00651	CDS	846	nfo	3.1.21.2	COG0648	putative endonuclease 4
M6257_00652	CDS	471				hypothetical protein
M6257_00653	CDS	885				putative protein MG237 
M6257_00654	CDS	1224	tig	5.2.1.8	COG0544	Trigger factor
M6257_00655	CDS	978	lon1_1	3.4.21.53	COG0466	Lon protease 1
M6257_00656	CDS	1266	lon1_2	3.4.21.53	COG0466	Lon protease 1
M6257_00657	CDS	219				hypothetical protein
M6257_00658	CDS	402				hypothetical protein
M6257_00659	CDS	345	nadD	2.7.7.18	COG1057	putative nicotinate-nucleotide adenylyltransferase
M6257_00660	CDS	459				hypothetical protein
M6257_00661	CDS	105				hypothetical protein
M6257_00662	CDS	486				hypothetical protein
M6257_00663	CDS	489				hypothetical protein
M6257_00664	CDS	681				hypothetical protein
M6257_00665	CDS	219				hypothetical protein
M6257_00666	CDS	117				hypothetical protein
M6257_00667	CDS	165				hypothetical protein
M6257_00668	CDS	294				hypothetical protein
M6257_00669	CDS	372				hypothetical protein
M6257_00670	CDS	765	pcrA_1	3.6.4.12		ATP-dependent DNA helicase PcrA
M6257_00671	CDS	360				hypothetical protein
M6257_00672	CDS	558	pcrA_2	3.6.4.12		ATP-dependent DNA helicase PcrA
M6257_00673	CDS	498		6.3.3.2		5-formyltetrahydrofolate cyclo-ligase
M6257_00674	CDS	156		3.1.-.-		Putative phosphatase/phosphodiesterase MPN_349
M6257_00675	CDS	645		3.1.-.-		Putative phosphatase/phosphodiesterase MPN_349
M6257_00676	CDS	186				hypothetical protein
M6257_00677	CDS	237	plsY	2.3.1.275		Glycerol-3-phosphate acyltransferase
M6257_00678	CDS	657				hypothetical protein
M6257_00679	CDS	516	sigA		COG0568	RNA polymerase sigma factor SigA
M6257_00680	CDS	405	rpoD			RNA polymerase sigma factor RpoD
M6257_00681	CDS	366				hypothetical protein
M6257_00682	CDS	135				hypothetical protein
M6257_00683	CDS	126				hypothetical protein
M6257_00684	CDS	201				hypothetical protein
M6257_00685	CDS	630	dnaG_1	2.7.7.-	COG0358	DNA primase
M6257_00686	CDS	243	dnaG_2	2.7.7.-	COG0358	DNA primase
M6257_00687	CDS	174	glyQS_1	6.1.1.14		Glycine--tRNA ligase
M6257_00688	CDS	309	glyQS_2	6.1.1.14		Glycine--tRNA ligase
M6257_00689	CDS	438	glyQS_3	6.1.1.14	COG0423	Glycine--tRNA ligase
M6257_00690	CDS	228	glyQS_4	6.1.1.14	COG0423	Glycine--tRNA ligase
M6257_00691	CDS	306		2.1.1.-		Putative TrmH family tRNA/rRNA methyltransferase
M6257_00692	CDS	168				hypothetical protein
M6257_00693	CDS	261	cysS_1	6.1.1.16	COG0215	Cysteine--tRNA ligase
M6257_00694	CDS	540	cysS_2	6.1.1.16	COG0215	Cysteine--tRNA ligase
M6257_00695	CDS	1197	ligA_1	6.5.1.2	COG0272	DNA ligase
M6257_00696	CDS	714	ligA_2	6.5.1.2	COG0272	DNA ligase
M6257_00697	tRNA	74				tRNA-Gly(gcc)
M6257_00698	CDS	294				hypothetical protein
M6257_00699	CDS	741				hypothetical protein
M6257_00700	tRNA	75				tRNA-Arg(cct)
M6257_00701	tRNA	74				tRNA-Trp(cca)
M6257_00702	CDS	141				hypothetical protein
M6257_00703	CDS	294				hypothetical protein
M6257_00704	CDS	441	prfA_1			Peptide chain release factor 1
M6257_00705	CDS	606	prfA_2		COG0216	Peptide chain release factor 1
M6257_00706	CDS	126				hypothetical protein
M6257_00707	CDS	276	prmC	2.1.1.297		Release factor glutamine methyltransferase
M6257_00708	CDS	432				hypothetical protein
M6257_00709	CDS	636				hypothetical protein
M6257_00710	CDS	1146				hypothetical protein
M6257_00711	CDS	357				hypothetical protein
M6257_00712	CDS	342				hypothetical protein
M6257_00713	CDS	177				hypothetical protein
M6257_00714	CDS	570				hypothetical protein
M6257_00715	tRNA	77				tRNA-Arg(tcg)
M6257_00716	CDS	231				putative protein MPN_377
M6257_00717	CDS	363	dnaE2_1	2.7.7.7		Error-prone DNA polymerase
M6257_00718	CDS	1113	dnaE2_2	2.7.7.7		Error-prone DNA polymerase
M6257_00719	CDS	444	dnaE	2.7.7.7	COG0587	DNA polymerase III subunit alpha
M6257_00720	CDS	174				hypothetical protein
M6257_00721	CDS	756	polA	2.7.7.7		DNA polymerase I
M6257_00722	CDS	855	mutM	3.2.2.23	COG0266	Formamidopyrimidine-DNA glycosylase
M6257_00723	CDS	147				hypothetical protein
M6257_00724	CDS	198				hypothetical protein
M6257_00725	CDS	279	coaE	2.7.1.24	COG0237	Dephospho-CoA kinase
M6257_00726	CDS	219				hypothetical protein
M6257_00727	CDS	837	yitU	3.1.3.104	COG0561	5-amino-6-(5-phospho-D-ribitylamino)uracil phosphatase YitU
M6257_00728	CDS	522	leuS_1	6.1.1.4		Leucine--tRNA ligase
M6257_00729	CDS	204	leuS_2	6.1.1.4		Leucine--tRNA ligase
M6257_00730	CDS	489	leuS_3	6.1.1.4	COG0495	Leucine--tRNA ligase
M6257_00731	CDS	186	leuS_4	6.1.1.4		Leucine--tRNA ligase
M6257_00732	CDS	123				hypothetical protein
M6257_00733	CDS	201				hypothetical protein
M6257_00734	CDS	378				hypothetical protein
M6257_00735	CDS	1023				hypothetical protein
M6257_00736	CDS	387				hypothetical protein
M6257_00737	CDS	522	lplA	6.3.1.20	COG0095	Lipoate-protein ligase A
M6257_00738	CDS	1014	pdhD_1	1.8.1.4		Dihydrolipoyl dehydrogenase
M6257_00739	CDS	237	pdhD_2	1.8.1.4		Dihydrolipoyl dehydrogenase
M6257_00740	CDS	1155	pdhC	2.3.1.12		Dihydrolipoyllysine-residue acetyltransferase component of pyruvate dehydrogenase complex
M6257_00741	CDS	225	pdhB_1	1.2.4.1		Pyruvate dehydrogenase E1 component subunit beta
M6257_00742	CDS	732	pdhB_2	1.2.4.1		Pyruvate dehydrogenase E1 component subunit beta
M6257_00743	CDS	372	pdhA_1	1.2.4.1		Pyruvate dehydrogenase E1 component subunit alpha
M6257_00744	CDS	111	pdhA_2	1.2.4.1		Pyruvate dehydrogenase E1 component subunit alpha
M6257_00745	CDS	153	pdhA_3	1.2.4.1		Pyruvate dehydrogenase E1 component subunit alpha
M6257_00746	CDS	171	pdhA_4	1.2.4.1		Pyruvate dehydrogenase E1 component subunit alpha
M6257_00747	CDS	1083		1.6.99.3		putative NADH oxidase
M6257_00748	CDS	345	nox	1.6.99.3	COG0446	NADH oxidase
M6257_00749	CDS	543	apt	2.4.2.7	COG0503	Adenine phosphoribosyltransferase
M6257_00750	CDS	687				hypothetical protein
M6257_00751	CDS	435				hypothetical protein
M6257_00752	CDS	456				hypothetical protein
M6257_00753	CDS	309				hypothetical protein
M6257_00754	CDS	1389				hypothetical protein
M6257_00755	CDS	258				hypothetical protein
M6257_00756	CDS	144				hypothetical protein
M6257_00757	CDS	195				hypothetical protein
M6257_00758	CDS	657				hypothetical protein
M6257_00759	CDS	798				hypothetical protein
M6257_00760	CDS	831				putative protein MG281
M6257_00761	CDS	657				putative protein MG281
M6257_00762	tRNA	74				tRNA-Gly(tcc)
M6257_00763	tRNA	86				tRNA-Leu(taa)
M6257_00764	tRNA	75				tRNA-Lys(ttt)
M6257_00765	tRNA	75				tRNA-Gln(ttg)
M6257_00766	tRNA	87				tRNA-Tyr(gta)
M6257_00767	CDS	486	greA		COG0782	Transcription elongation factor GreA
M6257_00768	CDS	135				hypothetical protein
M6257_00769	CDS	327				hypothetical protein
M6257_00770	CDS	822	proS	6.1.1.15	COG0442	Proline--tRNA ligase
M6257_00771	CDS	141				hypothetical protein
M6257_00772	CDS	234				hypothetical protein
M6257_00773	CDS	138				hypothetical protein
M6257_00774	CDS	210				hypothetical protein
M6257_00775	CDS	159				hypothetical protein
M6257_00776	CDS	513				hypothetical protein
M6257_00777	tRNA	75				tRNA-SeC(tca)
M6257_00778	CDS	342				hypothetical protein
M6257_00779	CDS	342	hmw1			Cytadherence high molecular weight protein 1
M6257_00780	CDS	714				hypothetical protein
M6257_00781	CDS	114				hypothetical protein
M6257_00782	CDS	189				hypothetical protein
M6257_00783	CDS	435				hypothetical protein
M6257_00784	CDS	594				hypothetical protein
M6257_00785	CDS	465				hypothetical protein
M6257_00786	CDS	330				hypothetical protein
M6257_00787	CDS	372				hypothetical protein
M6257_00788	CDS	471				hypothetical protein
M6257_00789	CDS	1143				hypothetical protein
M6257_00790	CDS	237				hypothetical protein
M6257_00791	CDS	210				hypothetical protein
M6257_00792	CDS	204				hypothetical protein
M6257_00793	CDS	537				hypothetical protein
M6257_00794	CDS	252				hypothetical protein
M6257_00795	CDS	453				hypothetical protein
M6257_00796	tRNA	91				tRNA-Ser(gga)
M6257_00797	tRNA	89				tRNA-Ser(cga)
M6257_00798	CDS	405				putative lipoprotein MG321 
M6257_00799	CDS	1023				putative lipoprotein MG321 
M6257_00800	tRNA	85				tRNA-Leu(tag)
M6257_00801	tRNA	76				tRNA-Lys(ctt)
M6257_00802	tRNA	76				tRNA-Thr(tgt)
M6257_00803	tRNA	76				tRNA-Val(tac)
M6257_00804	tRNA	75				tRNA-Thr(cgt)
M6257_00805	tRNA	77				tRNA-Glu(ttc)
M6257_00806	tRNA	75				tRNA-Asn(gtt)
M6257_00807	CDS	1311	ktrB		COG0168	Ktr system potassium uptake protein B
M6257_00808	CDS	684	ktrA		COG0569	Ktr system potassium uptake protein A
M6257_00809	tmRNA	388	ssrA			transfer-messenger RNA, SsrA
M6257_00810	CDS	159				hypothetical protein
M6257_00811	CDS	270				hypothetical protein
M6257_00812	CDS	648	ypdF	3.4.11.-	COG0006	Aminopeptidase YpdF
M6257_00813	CDS	168				hypothetical protein
M6257_00814	CDS	102				hypothetical protein
M6257_00815	CDS	162	rpmGA			50S ribosomal protein L33 1
M6257_00816	CDS	495				hypothetical protein
M6257_00817	CDS	393				hypothetical protein
M6257_00818	CDS	807	menH	4.2.99.20		2-succinyl-6-hydroxy-2,4-cyclohexadiene-1-carboxylate synthase
M6257_00819	CDS	471				hypothetical protein
M6257_00820	CDS	1386				hypothetical protein
M6257_00821	CDS	1347	der		COG1160	GTPase Der
M6257_00822	CDS	447	cmk	2.7.4.25	COG0283	Cytidylate kinase
M6257_00823	CDS	210				hypothetical protein
M6257_00824	CDS	198				hypothetical protein
M6257_00825	CDS	102				hypothetical protein
M6257_00826	CDS	720			COG0217	putative transcriptional regulatory protein
M6257_00827	CDS	138				hypothetical protein
M6257_00828	CDS	165	azoR	1.7.1.17		FMN-dependent NADH-azoreductase
M6257_00829	CDS	123				hypothetical protein
M6257_00830	CDS	234	valS_1	6.1.1.9		Valine--tRNA ligase
M6257_00831	CDS	162	valS_2	6.1.1.9		Valine--tRNA ligase
M6257_00832	CDS	189	valS_3	6.1.1.9	COG0525	Valine--tRNA ligase
M6257_00833	CDS	576	engB			GTP-binding protein EngB
M6257_00834	CDS	222				hypothetical protein
M6257_00835	CDS	513		2.4.1.-	COG0463	Processive diacylglycerol beta-glycosyltransferase
M6257_00836	CDS	207		2.4.1.-	COG0463	Processive diacylglycerol beta-glycosyltransferase
M6257_00837	CDS	384	csdA	2.8.1.7	COG0520	Cysteine desulfurase CsdA
M6257_00838	CDS	456	sufS	4.4.1.16		Cysteine desulfurase
M6257_00839	CDS	417				hypothetical protein
M6257_00840	CDS	177				hypothetical protein
M6257_00841	CDS	357				hypothetical protein
M6257_00842	CDS	258				hypothetical protein
M6257_00843	CDS	159				hypothetical protein
M6257_00844	CDS	198				hypothetical protein
M6257_00845	CDS	519				hypothetical protein
M6257_00846	CDS	306				hypothetical protein
M6257_00847	CDS	141				hypothetical protein
M6257_00848	CDS	165				hypothetical protein
M6257_00849	CDS	144				hypothetical protein
M6257_00850	CDS	204				hypothetical protein
M6257_00851	CDS	1023	recA			Protein RecA
M6257_00852	CDS	177				hypothetical protein
M6257_00853	CDS	300				hypothetical protein
M6257_00854	CDS	183				hypothetical protein
M6257_00855	CDS	333				hypothetical protein
M6257_00856	CDS	1524	rpoC_1	2.7.7.6	COG0086	DNA-directed RNA polymerase subunit beta'
M6257_00857	CDS	2046	rpoC_2	2.7.7.6	COG0086	DNA-directed RNA polymerase subunit beta'
M6257_00858	CDS	99				hypothetical protein
M6257_00859	CDS	270	rpoB_1	2.7.7.6	COG0085	DNA-directed RNA polymerase subunit beta
M6257_00860	CDS	1077	rpoB_2	2.7.7.6	COG0085	DNA-directed RNA polymerase subunit beta
M6257_00861	CDS	2697	rpoB_3	2.7.7.6		DNA-directed RNA polymerase subunit beta
M6257_00862	CDS	507				hypothetical protein
M6257_00863	CDS	183				hypothetical protein
M6257_00864	CDS	396				hypothetical protein
M6257_00865	CDS	240				hypothetical protein
M6257_00866	CDS	285				hypothetical protein
M6257_00867	CDS	210				hypothetical protein
M6257_00868	CDS	180				hypothetical protein
M6257_00869	CDS	216				hypothetical protein
M6257_00870	CDS	138				hypothetical protein
M6257_00871	CDS	246	ileS_1	6.1.1.5		Isoleucine--tRNA ligase
M6257_00872	CDS	273	ileS_2	6.1.1.5		Isoleucine--tRNA ligase
M6257_00873	CDS	366	ileS_3	6.1.1.5		Isoleucine--tRNA ligase
M6257_00874	CDS	168	trmL	2.1.1.207	COG0219	tRNA (cytidine(34)-2'-O)-methyltransferase
M6257_00875	CDS	114				hypothetical protein
M6257_00876	CDS	342	trmB	2.1.1.33	COG0220	tRNA (guanine-N(7)-)-methyltransferase
M6257_00877	CDS	156				hypothetical protein
M6257_00878	tRNA	76				tRNA-His(gtg)
M6257_00879	CDS	522				hypothetical protein
M6257_00880	CDS	246				hypothetical protein
M6257_00881	tRNA	88				tRNA-Leu(gag)
M6257_00882	CDS	117				hypothetical protein
M6257_00883	CDS	243				hypothetical protein
M6257_00884	CDS	342				hypothetical protein
M6257_00885	CDS	216				hypothetical protein
M6257_00886	CDS	261				hypothetical protein
M6257_00887	tRNA	82				tRNA-Leu(caa)
M6257_00888	CDS	210				hypothetical protein
M6257_00889	CDS	162	ppa_1	3.6.1.1	COG0221	Inorganic pyrophosphatase
M6257_00890	CDS	219	ppa_2	3.6.1.1	COG0221	Inorganic pyrophosphatase
M6257_00891	CDS	309	recU	3.1.22.4	COG3331	Holliday junction resolvase RecU
M6257_00892	CDS	315				hypothetical protein
M6257_00893	CDS	414				putative protein MG354
M6257_00894	CDS	885	clpB_1		COG0542	Chaperone protein ClpB
M6257_00895	CDS	273	clpB_2			Chaperone protein ClpB
M6257_00896	CDS	639	clpB_3			Chaperone protein ClpB
M6257_00897	CDS	360				hypothetical protein
M6257_00898	CDS	513	ackA_1	2.7.2.1	COG0282	Acetate kinase
M6257_00899	CDS	498	ackA_2	2.7.2.1	COG0282	Acetate kinase
M6257_00900	CDS	210				hypothetical protein
M6257_00901	CDS	228				hypothetical protein
M6257_00902	CDS	501	ruvA	3.6.4.12		Holliday junction ATP-dependent DNA helicase RuvA
M6257_00903	CDS	924	ruvB	3.6.4.12	COG2255	Holliday junction ATP-dependent DNA helicase RuvB
M6257_00904	CDS	288				hypothetical protein
M6257_00905	CDS	564	dinB	2.7.7.7	COG0389	DNA polymerase IV
M6257_00906	CDS	489	rplJ			50S ribosomal protein L10
M6257_00907	CDS	369	rplL			50S ribosomal protein L7/L12
M6257_00908	CDS	174	rpmF			50S ribosomal protein L32
M6257_00909	CDS	267				hypothetical protein
M6257_00910	CDS	156				hypothetical protein
M6257_00911	CDS	357				hypothetical protein
M6257_00912	CDS	132				hypothetical protein
M6257_00913	CDS	366	fmt	2.1.2.9		Methionyl-tRNA formyltransferase
M6257_00914	CDS	942				hypothetical protein
M6257_00915	CDS	282				hypothetical protein
M6257_00916	CDS	123				hypothetical protein
M6257_00917	CDS	297	rnc	3.1.26.3		Ribonuclease 3
M6257_00918	CDS	987	plsX	2.3.1.274		Phosphate acyltransferase
M6257_00919	CDS	1155				putative protein
M6257_00920	CDS	513				putative protein
M6257_00921	CDS	270				hypothetical protein
M6257_00922	CDS	594	rluC	5.4.99.24	COG0564	Ribosomal large subunit pseudouridine synthase C
M6257_00923	CDS	120				hypothetical protein
M6257_00924	CDS	255				hypothetical protein
M6257_00925	CDS	99				hypothetical protein
M6257_00926	CDS	378	nrnA_2	3.1.-.-	COG0618	Bifunctional oligoribonuclease and PAP phosphatase NrnA
M6257_00927	CDS	1158	thiI	2.8.1.4	COG0301	putative tRNA sulfurtransferase
M6257_00928	CDS	162				hypothetical protein
M6257_00929	CDS	360				hypothetical protein
M6257_00930	CDS	168				hypothetical protein
M6257_00931	CDS	357				hypothetical protein
M6257_00932	CDS	129				hypothetical protein
M6257_00933	CDS	585	thrS_1	6.1.1.3		Threonine--tRNA ligase
M6257_00934	CDS	477	thrS_2	6.1.1.3		Threonine--tRNA ligase
M6257_00935	CDS	183	thrS_3	6.1.1.3		Threonine--tRNA ligase
M6257_00936	CDS	318				hypothetical protein
M6257_00937	CDS	150				putative protein MG376 
M6257_00938	CDS	159				putative protein MG377 
M6257_00939	CDS	381				putative protein MG377 
M6257_00940	CDS	441	argS_1	6.1.1.19	COG0018	Arginine--tRNA ligase
M6257_00941	CDS	177				hypothetical protein
M6257_00942	CDS	453	argS_2	6.1.1.19	COG0018	Arginine--tRNA ligase
M6257_00943	CDS	180				hypothetical protein
M6257_00944	CDS	1305	mnmG_1			tRNA uridine 5-carboxymethylaminomethyl modification enzyme MnmG
M6257_00945	CDS	534	mnmG_2			tRNA uridine 5-carboxymethylaminomethyl modification enzyme MnmG
M6257_00946	CDS	579	rsmG	2.1.1.170		Ribosomal RNA small subunit methyltransferase G
M6257_00947	CDS	345				hypothetical protein
M6257_00948	tRNA	76				tRNA-Arg(tct)
M6257_00949	CDS	204	udk	2.7.1.48	COG0572	Uridine kinase
M6257_00950	CDS	156				hypothetical protein
M6257_00951	CDS	444	nadE	6.3.1.5	COG0171	NH(3)-dependent NAD(+) synthetase
M6257_00952	CDS	981	obg	3.6.5.-	COG0536	GTPase Obg
M6257_00953	CDS	177				hypothetical protein
M6257_00954	CDS	447				hypothetical protein
M6257_00955	CDS	108				hypothetical protein
M6257_00956	CDS	270				hypothetical protein
M6257_00957	CDS	204				Mgp-operon protein 3
M6257_00958	CDS	270				Mgp-operon protein 3
M6257_00959	CDS	264				hypothetical protein
M6257_00960	CDS	144				hypothetical protein
M6257_00961	CDS	273				hypothetical protein
M6257_00962	CDS	384				hypothetical protein
M6257_00963	CDS	453				High affinity transport system protein p37
M6257_00964	CDS	213				High affinity transport system protein p37
M6257_00965	CDS	192				High affinity transport system protein p37
M6257_00966	CDS	333	fetA	3.6.3.-	COG4619	putative iron export ATP-binding protein FetA
M6257_00967	CDS	183				hypothetical protein
M6257_00968	CDS	198				hypothetical protein
M6257_00969	CDS	159				hypothetical protein
M6257_00970	CDS	495				hypothetical protein
M6257_00971	CDS	258				hypothetical protein
M6257_00972	CDS	417	yrrK	3.1.-.-	COG0816	Putative pre-16S rRNA nuclease
M6257_00973	CDS	504				hypothetical protein
M6257_00974	CDS	288	alaS_1	6.1.1.7	COG0013	Alanine--tRNA ligase
M6257_00975	CDS	399				hypothetical protein
M6257_00976	CDS	435	alaS_2	6.1.1.7	COG0013	Alanine--tRNA ligase
M6257_00977	CDS	183	alaS_3	6.1.1.7	COG0013	Alanine--tRNA ligase
M6257_00978	CDS	576	glpQ	3.1.4.46	COG0584	Glycerophosphodiester phosphodiesterase
M6257_00979	CDS	183				hypothetical protein
M6257_00980	CDS	432				hypothetical protein
M6257_00981	CDS	219				hypothetical protein
M6257_00982	CDS	309				hypothetical protein
M6257_00983	CDS	237	mnmA_1	2.8.1.13		tRNA-specific 2-thiouridylase MnmA
M6257_00984	CDS	306	mnmA_2	2.8.1.13		tRNA-specific 2-thiouridylase MnmA
M6257_00985	CDS	273	mnmA_3	2.8.1.13	COG0482	tRNA-specific 2-thiouridylase MnmA
M6257_00986	CDS	390				putative protein MG296 
M6257_00987	CDS	333	ftsY_1		COG0552	Signal recognition particle receptor FtsY
M6257_00988	CDS	558	ftsY_2		COG0552	Signal recognition particle receptor FtsY
M6257_00989	CDS	837	smc_1		COG1196	Chromosome partition protein Smc
M6257_00990	CDS	1335	smc_2			Chromosome partition protein Smc
M6257_00991	CDS	339				hypothetical protein
M6257_00992	CDS	450	smc_3		COG1196	Chromosome partition protein Smc
M6257_00993	CDS	654				hypothetical protein
M6257_00994	CDS	111	pgk_1	2.7.2.3		Phosphoglycerate kinase
M6257_00995	CDS	993	pgk_2	2.7.2.3	COG0126	Phosphoglycerate kinase
M6257_00996	CDS	1014	gapA	1.2.1.12		Glyceraldehyde-3-phosphate dehydrogenase
M6257_00997	CDS	333	ykoC			Putative HMP/thiamine permease protein YkoC
M6257_00998	CDS	144				hypothetical protein
M6257_00999	CDS	1074	btuD_4	7.6.2.8		Vitamin B12 import ATP-binding protein BtuD
M6257_01000	CDS	813	ecfA1_2	7.-.-.-	COG1122	Energy-coupling factor transporter ATP-binding protein EcfA1
M6257_01001	CDS	1728	dnaK		COG0443	Chaperone protein DnaK
M6257_01002	CDS	264				hypothetical protein
M6257_01003	CDS	273				hypothetical protein
M6257_01004	CDS	1062				hypothetical protein
M6257_01005	CDS	708				hypothetical protein
M6257_01006	CDS	432				hypothetical protein
M6257_01007	CDS	225				hypothetical protein
M6257_01008	CDS	420				hypothetical protein
M6257_01009	CDS	177				hypothetical protein
M6257_01010	CDS	417	cshB	3.6.4.13	COG0513	DEAD-box ATP-dependent RNA helicase CshB
M6257_01011	CDS	810				hypothetical protein
M6257_01012	CDS	132				hypothetical protein
M6257_01013	CDS	1311				hypothetical protein
M6257_01014	CDS	363				hypothetical protein
M6257_01015	CDS	216				hypothetical protein
M6257_01016	CDS	414				hypothetical protein
M6257_01017	CDS	597	rpsD			30S ribosomal protein S4
M6257_01018	CDS	2136				hypothetical protein
