locus_tag	ftype	length_bp	gene	EC_number	COG	product
M6604_00001	CDS	1185				hypothetical protein
M6604_00002	CDS	165				hypothetical protein
M6604_00003	CDS	627				hypothetical protein
M6604_00004	CDS	195				hypothetical protein
M6604_00005	CDS	750				hypothetical protein
M6604_00006	CDS	645	pepF1	3.4.24.-		Oligoendopeptidase F, plasmid
M6604_00007	CDS	357				hypothetical protein
M6604_00008	CDS	645				hypothetical protein
M6604_00009	CDS	645	truA	5.4.99.12	COG0101	tRNA pseudouridine synthase A
M6604_00010	CDS	417	ecfT_1			Energy-coupling factor transporter transmembrane protein EcfT
M6604_00011	CDS	462				hypothetical protein
M6604_00012	CDS	336	ecfT_2			Energy-coupling factor transporter transmembrane protein EcfT
M6604_00013	CDS	915	ecfA2	3.6.3.-		Energy-coupling factor transporter ATP-binding protein EcfA2
M6604_00014	CDS	813	ecfA1_1	7.-.-.-	COG1122	Energy-coupling factor transporter ATP-binding protein EcfA1
M6604_00015	CDS	327	rplQ		COG0203	50S ribosomal protein L17
M6604_00016	CDS	582	rpoA_1	2.7.7.6	COG0202	DNA-directed RNA polymerase subunit alpha
M6604_00017	CDS	330	rpoA_2	2.7.7.6		DNA-directed RNA polymerase subunit alpha
M6604_00018	CDS	180	rpsK		COG0100	30S ribosomal protein S11
M6604_00019	CDS	258	rpsM			30S ribosomal protein S13
M6604_00020	CDS	213	infA			Translation initiation factor IF-1
M6604_00021	CDS	747	map	3.4.11.18	COG0024	Methionine aminopeptidase 1
M6604_00022	CDS	645	adk	2.7.4.3		Adenylate kinase
M6604_00023	CDS	1428	secY			Protein translocase subunit SecY
M6604_00024	CDS	453	rplO			50S ribosomal protein L15
M6604_00025	CDS	636				hypothetical protein
M6604_00026	CDS	390	rplR		COG0256	50S ribosomal protein L18
M6604_00027	CDS	462	rplF		COG0097	50S ribosomal protein L6
M6604_00028	CDS	426	rpsH		COG0096	30S ribosomal protein S8
M6604_00029	CDS	183	rpsN1		COG0199	30S ribosomal protein S14
M6604_00030	CDS	291	rplE			50S ribosomal protein L5
M6604_00031	CDS	327	rplX		COG0198	50S ribosomal protein L24
M6604_00032	CDS	369	rplN			50S ribosomal protein L14
M6604_00033	CDS	225	rpsQ			30S ribosomal protein S17
M6604_00034	CDS	195				hypothetical protein
M6604_00035	CDS	174	rplP_1		COG0197	50S ribosomal protein L16
M6604_00036	CDS	195	rplP_2			50S ribosomal protein L16
M6604_00037	CDS	651				hypothetical protein
M6604_00038	CDS	435				hypothetical protein
M6604_00039	CDS	264	rpsS			30S ribosomal protein S19
M6604_00040	CDS	858	rplB			50S ribosomal protein L2
M6604_00041	CDS	321	rplW			50S ribosomal protein L23
M6604_00042	CDS	636	rplD		COG0088	50S ribosomal protein L4
M6604_00043	CDS	378				hypothetical protein
M6604_00044	CDS	378	rplC		COG0087	50S ribosomal protein L3
M6604_00045	CDS	321	rpsJ			30S ribosomal protein S10
M6604_00046	CDS	156				hypothetical protein
M6604_00047	CDS	93				hypothetical protein
M6604_00048	CDS	720				hypothetical protein
M6604_00049	CDS	465				hypothetical protein
M6604_00050	CDS	255				hypothetical protein
M6604_00051	CDS	153				hypothetical protein
M6604_00052	CDS	252				hypothetical protein
M6604_00053	CDS	654				hypothetical protein
M6604_00054	CDS	177				hypothetical protein
M6604_00055	CDS	396				hypothetical protein
M6604_00056	CDS	201				hypothetical protein
M6604_00057	CDS	126				hypothetical protein
M6604_00058	CDS	810	ribF		COG0196	Bifunctional riboflavin kinase/FMN adenylyltransferase
M6604_00059	CDS	159				hypothetical protein
M6604_00060	CDS	108				hypothetical protein
M6604_00061	CDS	426				hypothetical protein
M6604_00062	CDS	339	rbfA			Ribosome-binding factor A
M6604_00063	CDS	1860	infB			Translation initiation factor IF-2
M6604_00064	CDS	273				hypothetical protein
M6604_00065	CDS	399	nusA_1			Transcription termination/antitermination protein NusA
M6604_00066	CDS	390	nusA_2			Transcription termination/antitermination protein NusA
M6604_00067	CDS	609	nusA_3			Transcription termination/antitermination protein NusA
M6604_00068	CDS	579				hypothetical protein
M6604_00069	CDS	135				hypothetical protein
M6604_00070	CDS	693				hypothetical protein
M6604_00071	CDS	321				hypothetical protein
M6604_00072	CDS	852				hypothetical protein
M6604_00073	CDS	291				hypothetical protein
M6604_00074	CDS	243				hypothetical protein
M6604_00075	CDS	171				hypothetical protein
M6604_00076	CDS	201				hypothetical protein
M6604_00077	CDS	216	mgpA_1			Adhesin P1
M6604_00078	CDS	336				hypothetical protein
M6604_00079	CDS	1659	rnjA	3.1.-.-	COG0595	Ribonuclease J1
M6604_00080	CDS	1797	lepA	3.6.5.-		Elongation factor 4
M6604_00081	CDS	159				hypothetical protein
M6604_00082	CDS	840	fcf2	5.4.99.59		dTDP-fucopyranose mutase
M6604_00083	CDS	534	lysS_1	6.1.1.6		Lysine--tRNA ligase
M6604_00084	CDS	399	lysS_2	6.1.1.6	COG1190	Lysine--tRNA ligase
M6604_00085	CDS	429	lysS_3	6.1.1.6	COG1190	Lysine--tRNA ligase
M6604_00086	CDS	630				hypothetical protein
M6604_00087	CDS	192				hypothetical protein
M6604_00088	CDS	303	ybaB			Nucleoid-associated protein YbaB
M6604_00089	CDS	225				hypothetical protein
M6604_00090	CDS	426	hit		COG0537	Protein hit
M6604_00091	CDS	282				hypothetical protein
M6604_00092	CDS	321				hypothetical protein
M6604_00093	CDS	111				hypothetical protein
M6604_00094	CDS	1281	rny_1	3.1.-.-		Ribonuclease Y
M6604_00095	CDS	336				hypothetical protein
M6604_00096	CDS	780	nadK	2.7.1.23		NAD kinase
M6604_00097	CDS	438	spxA			Regulatory protein Spx
M6604_00098	CDS	1044	trpS	6.1.1.2		Tryptophan--tRNA ligase
M6604_00099	CDS	156				hypothetical protein
M6604_00100	CDS	690				hypothetical protein
M6604_00101	CDS	303				hypothetical protein
M6604_00102	CDS	993	rny_2	3.1.-.-		Ribonuclease Y
M6604_00103	CDS	312	topA_1	5.6.2.1		DNA topoisomerase 1
M6604_00104	CDS	1440	topA_2	5.6.2.1		DNA topoisomerase 1
M6604_00105	CDS	162	topA_3	5.6.2.1		DNA topoisomerase 1
M6604_00106	CDS	423				hypothetical protein
M6604_00107	CDS	198				hypothetical protein
M6604_00108	CDS	183				hypothetical protein
M6604_00109	CDS	429				hypothetical protein
M6604_00110	CDS	135				hypothetical protein
M6604_00111	CDS	441				hypothetical protein
M6604_00112	CDS	381				hypothetical protein
M6604_00113	CDS	1143	btuD_1	7.6.2.8		Vitamin B12 import ATP-binding protein BtuD
M6604_00114	CDS	237				hypothetical protein
M6604_00115	CDS	741	galE	5.1.3.2	COG1087	UDP-glucose 4-epimerase
M6604_00116	CDS	354				hypothetical protein
M6604_00117	CDS	204				hypothetical protein
M6604_00118	CDS	126				hypothetical protein
M6604_00119	CDS	534				hypothetical protein
M6604_00120	CDS	474				Protein MG115 
M6604_00121	CDS	147				hypothetical protein
M6604_00122	CDS	303				hypothetical protein
M6604_00123	CDS	135	asnS_1	6.1.1.22	COG0017	Asparagine--tRNA ligase
M6604_00124	CDS	936	asnS_2	6.1.1.22	COG0017	Asparagine--tRNA ligase
M6604_00125	CDS	234				hypothetical protein
M6604_00126	CDS	630	rpe	5.1.3.1	COG0036	Ribulose-phosphate 3-epimerase
M6604_00127	CDS	375	pgi_1	5.3.1.9	COG0166	Glucose-6-phosphate isomerase
M6604_00128	CDS	756	pgi_2	5.3.1.9	COG0166	Glucose-6-phosphate isomerase
M6604_00129	CDS	528	rsgA_1	3.6.1.-	COG1162	Small ribosomal subunit biogenesis GTPase RsgA
M6604_00130	CDS	141	rsgA_2	3.6.1.-		Small ribosomal subunit biogenesis GTPase RsgA
M6604_00131	CDS	96				hypothetical protein
M6604_00132	CDS	924	prkC	2.7.11.1		Serine/threonine-protein kinase PrkC
M6604_00133	CDS	315				hypothetical protein
M6604_00134	CDS	216				hypothetical protein
M6604_00135	CDS	570	gmk	2.7.4.8	COG0194	Guanylate kinase
M6604_00136	CDS	213				hypothetical protein
M6604_00137	CDS	252	cdaS	2.7.7.85		Diadenylate cyclase CdaS
M6604_00138	CDS	117				hypothetical protein
M6604_00139	CDS	414	rnr_1	3.1.13.1	COG0557	Ribonuclease R
M6604_00140	CDS	1287	rnr_2	3.1.13.1	COG0557	Ribonuclease R
M6604_00141	CDS	162				hypothetical protein
M6604_00142	CDS	234				hypothetical protein
M6604_00143	CDS	606	whiA			cell division protein WhiA
M6604_00144	CDS	948	trxB	1.8.1.9	COG0492	Thioredoxin reductase
M6604_00145	CDS	450				hypothetical protein
M6604_00146	CDS	1434	gatB	6.3.5.-	COG0064	Aspartyl/glutamyl-tRNA(Asn/Gln) amidotransferase subunit B
M6604_00147	CDS	552	gatA_1	6.3.5.7	COG0154	Glutamyl-tRNA(Gln) amidotransferase subunit A
M6604_00148	CDS	810	gatA_2	6.3.5.7	COG0154	Glutamyl-tRNA(Gln) amidotransferase subunit A
M6604_00149	CDS	459	GATC	6.3.5.-		Glutamyl-tRNA(Gln) amidotransferase subunit C, chloroplastic/mitochondrial
M6604_00150	CDS	135				hypothetical protein
M6604_00151	CDS	738				hypothetical protein
M6604_00152	CDS	228		3.2.2.27		Uracil-DNA glycosylase
M6604_00153	CDS	270				hypothetical protein
M6604_00154	CDS	1632				hypothetical protein
M6604_00155	CDS	174				hypothetical protein
M6604_00156	CDS	129				hypothetical protein
M6604_00157	CDS	348				hypothetical protein
M6604_00158	CDS	708	dnaB	3.6.4.12	COG0305	Replicative DNA helicase
M6604_00159	CDS	630				hypothetical protein
M6604_00160	CDS	453	rplI		COG0359	50S ribosomal protein L9
M6604_00161	CDS	315				hypothetical protein
M6604_00162	CDS	291				hypothetical protein
M6604_00163	CDS	150				hypothetical protein
M6604_00164	CDS	471				hypothetical protein
M6604_00165	CDS	1659	fusA_1		COG0480	Elongation factor G
M6604_00166	CDS	126	fusA_2		COG0480	Elongation factor G
M6604_00167	CDS	216	fusA_3		COG0480	Elongation factor G
M6604_00168	CDS	468	rpsG			30S ribosomal protein S7
M6604_00169	CDS	420	rpsL		COG0048	30S ribosomal protein S12
M6604_00170	CDS	165				hypothetical protein
M6604_00171	CDS	807	lgt	2.5.1.145	COG0682	Phosphatidylglycerol--prolipoprotein diacylglyceryl transferase
M6604_00172	CDS	936	hprK	2.7.11.-		HPr kinase/phosphorylase
M6604_00173	CDS	345				hypothetical protein
M6604_00174	CDS	99				hypothetical protein
M6604_00175	CDS	213	tilS	6.3.4.19		tRNA(Ile)-lysidine synthase
M6604_00176	CDS	570	pth	3.1.1.29		Peptidyl-tRNA hydrolase
M6604_00177	CDS	327	rplA_1			50S ribosomal protein L1
M6604_00178	CDS	318	rplA_2		COG0081	50S ribosomal protein L1
M6604_00179	CDS	414	rplK		COG0080	50S ribosomal protein L11
M6604_00180	CDS	1107	btuD_2	7.6.2.8		Vitamin B12 import ATP-binding protein BtuD
M6604_00181	CDS	1350				hypothetical protein
M6604_00182	CDS	1113	oppD		COG0444	Oligopeptide transport ATP-binding protein OppD
M6604_00183	CDS	345				hypothetical protein
M6604_00184	CDS	114				hypothetical protein
M6604_00185	CDS	486				hypothetical protein
M6604_00186	CDS	171				hypothetical protein
M6604_00187	CDS	744			COG0601	Putative peptide transport permease protein
M6604_00188	CDS	201				hypothetical protein
M6604_00189	CDS	417				hypothetical protein
M6604_00190	CDS	312				hypothetical protein
M6604_00191	CDS	2397				hypothetical protein
M6604_00192	CDS	1014	uvrB_1			UvrABC system protein B
M6604_00193	CDS	909	uvrB_2			UvrABC system protein B
M6604_00194	CDS	249				hypothetical protein
M6604_00195	CDS	915	secA1			Protein translocase subunit SecA 1
M6604_00196	CDS	1248	secA		COG0653	Protein translocase subunit SecA
M6604_00197	CDS	228				hypothetical protein
M6604_00198	CDS	441	pacL	7.2.2.10	COG0474	Calcium-transporting ATPase
M6604_00199	CDS	495		7.2.2.10		Calcium-transporting ATPase 1
M6604_00200	CDS	273	yoaB_1	7.2.2.10	COG0474	Calcium-transporting ATPase 1
M6604_00201	CDS	396	yoaB_2	7.2.2.10	COG0474	Calcium-transporting ATPase 1
M6604_00202	CDS	279				hypothetical protein
M6604_00203	CDS	216				hypothetical protein
M6604_00204	CDS	93				hypothetical protein
M6604_00205	CDS	582	ptsG_1	2.7.1.199		PTS system glucose-specific EIICBA component
M6604_00206	CDS	402	ptsG_2	2.7.1.199	COG1263	PTS system glucose-specific EIICBA component
M6604_00207	CDS	93				hypothetical protein
M6604_00208	CDS	207	ptsG_3	2.7.1.199		PTS system glucose-specific EIICBA component
M6604_00209	CDS	258				hypothetical protein
M6604_00210	CDS	309	ptsG_4	2.7.1.199	COG1263	PTS system glucose-specific EIICBA component
M6604_00211	CDS	186				hypothetical protein
M6604_00212	CDS	174				hypothetical protein
M6604_00213	CDS	225				hypothetical protein
M6604_00214	CDS	273				hypothetical protein
M6604_00215	CDS	162				hypothetical protein
M6604_00216	CDS	354				hypothetical protein
M6604_00217	CDS	237				hypothetical protein
M6604_00218	CDS	276				hypothetical protein
M6604_00219	CDS	213				hypothetical protein
M6604_00220	CDS	225				hypothetical protein
M6604_00221	CDS	1425				hypothetical protein
M6604_00222	CDS	186				hypothetical protein
M6604_00223	CDS	210				hypothetical protein
M6604_00224	CDS	1041	tkt_1	2.2.1.1		Transketolase
M6604_00225	CDS	852	tkt_2	2.2.1.1		Transketolase
M6604_00226	CDS	684	bceA		COG1136	Bacitracin export ATP-binding protein BceA
M6604_00227	CDS	201				hypothetical protein
M6604_00228	CDS	1056				hypothetical protein
M6604_00229	CDS	495				hypothetical protein
M6604_00230	CDS	153				hypothetical protein
M6604_00231	CDS	207				hypothetical protein
M6604_00232	CDS	309				hypothetical protein
M6604_00233	CDS	891				hypothetical protein
M6604_00234	CDS	768	fruK	2.7.1.56		Putative 1-phosphofructokinase
M6604_00235	CDS	1749	fruA		COG1299	PTS system fructose-specific EIIABC component
M6604_00236	CDS	267				hypothetical protein
M6604_00237	tRNA	89				tRNA-Ser(gct)
M6604_00238	CDS	234				hypothetical protein
M6604_00239	CDS	711				hypothetical protein
M6604_00240	CDS	114				hypothetical protein
M6604_00241	CDS	447				hypothetical protein
M6604_00242	CDS	213				hypothetical protein
M6604_00243	CDS	159				hypothetical protein
M6604_00244	CDS	267				hypothetical protein
M6604_00245	CDS	351	smpB		COG0691	SsrA-binding protein
M6604_00246	CDS	1092	prs	2.7.6.1	COG0462	Ribose-phosphate pyrophosphokinase
M6604_00247	CDS	384	rnmV	3.1.26.8	COG1658	Ribonuclease M5
M6604_00248	CDS	600	rsmI	2.1.1.198	COG0313	Ribosomal RNA small subunit methyltransferase I
M6604_00249	CDS	102				hypothetical protein
M6604_00250	CDS	243				hypothetical protein
M6604_00251	CDS	216				hypothetical protein
M6604_00252	CDS	324	nusG_1			Transcription termination/antitermination protein NusG
M6604_00253	CDS	522	nusG_2			Transcription termination/antitermination protein NusG
M6604_00254	CDS	219				hypothetical protein
M6604_00255	CDS	327		5.4.2.8	COG1109	putative phosphomannomutase
M6604_00256	CDS	948	pgcA	5.4.2.2		Phosphoglucomutase
M6604_00257	CDS	393	cdd	3.5.4.5	COG0295	Cytidine deaminase
M6604_00258	CDS	165				hypothetical protein
M6604_00259	CDS	924	pdp	2.4.2.2	COG0213	Pyrimidine-nucleoside phosphorylase
M6604_00260	CDS	672	deoC1	4.1.2.4		Deoxyribose-phosphate aldolase 1
M6604_00261	CDS	363	deoD_1	2.4.2.1		Purine nucleoside phosphorylase DeoD-type
M6604_00262	CDS	408	deoD_2	2.4.2.1	COG0813	Purine nucleoside phosphorylase DeoD-type
M6604_00263	CDS	336	ffh_1		COG0541	Signal recognition particle protein
M6604_00264	CDS	723	ffh_2		COG0541	Signal recognition particle protein
M6604_00265	CDS	120	srp54			Signal recognition particle 54 kDa protein
M6604_00266	CDS	258				hypothetical protein
M6604_00267	CDS	516	metK_1	2.5.1.6		S-adenosylmethionine synthase
M6604_00268	CDS	231	metK_2	2.5.1.6		S-adenosylmethionine synthase
M6604_00269	CDS	162	OSGEPL1	2.3.1.234		tRNA N6-adenosine threonylcarbamoyltransferase, mitochondrial
M6604_00270	CDS	615	tsaD	2.3.1.234	COG0533	tRNA N6-adenosine threonylcarbamoyltransferase
M6604_00271	CDS	834				hypothetical protein
M6604_00272	CDS	285				hypothetical protein
M6604_00273	CDS	366				hypothetical protein
M6604_00274	CDS	405				hypothetical protein
M6604_00275	CDS	495				hypothetical protein
M6604_00276	CDS	129				hypothetical protein
M6604_00277	CDS	330	cysA	7.3.2.3	COG1118	Sulfate/thiosulfate import ATP-binding protein CysA
M6604_00278	CDS	153				hypothetical protein
M6604_00279	CDS	324	potA	7.6.2.11	COG3842	Spermidine/putrescine import ATP-binding protein PotA
M6604_00280	CDS	267	ptsH			Phosphocarrier protein HPr
M6604_00281	CDS	246				hypothetical protein
M6604_00282	CDS	597				hypothetical protein
M6604_00283	CDS	276				hypothetical protein
M6604_00284	CDS	219				putative protein MG039 
M6604_00285	CDS	135				putative protein MG039 
M6604_00286	CDS	375				putative protein MG039 
M6604_00287	CDS	138	glpK_1	2.7.1.30	COG0554	Glycerol kinase
M6604_00288	CDS	90				hypothetical protein
M6604_00289	CDS	261				hypothetical protein
M6604_00290	CDS	153	glpK_2	2.7.1.30		Glycerol kinase
M6604_00291	CDS	180	glpK_3	2.7.1.30	COG0554	Glycerol kinase
M6604_00292	CDS	351				hypothetical protein
M6604_00293	CDS	96				hypothetical protein
M6604_00294	CDS	666				hypothetical protein
M6604_00295	CDS	165				hypothetical protein
M6604_00296	CDS	225	aspS1	6.1.1.12	COG0173	Aspartate--tRNA(Asp) ligase
M6604_00297	CDS	537	aspS	6.1.1.12		Aspartate--tRNA(Asp/Asn) ligase
M6604_00298	CDS	249	hisS_1	6.1.1.21		Histidine--tRNA ligase
M6604_00299	CDS	147				hypothetical protein
M6604_00300	CDS	528	hisS_2	6.1.1.21		Histidine--tRNA ligase
M6604_00301	CDS	123				hypothetical protein
M6604_00302	CDS	153				hypothetical protein
M6604_00303	CDS	243				hypothetical protein
M6604_00304	CDS	129				hypothetical protein
M6604_00305	CDS	981				hypothetical protein
M6604_00306	CDS	201	polC_1	2.7.7.7		DNA polymerase III PolC-type
M6604_00307	CDS	294	polC_2	2.7.7.7		DNA polymerase III PolC-type
M6604_00308	CDS	90	polC_3	2.7.7.7		DNA polymerase III PolC-type
M6604_00309	CDS	468	polC_4	2.7.7.7		DNA polymerase III PolC-type
M6604_00310	CDS	675	polC_5	2.7.7.7		DNA polymerase III PolC-type
M6604_00311	CDS	171	polC_6	2.7.7.7		DNA polymerase III PolC-type
M6604_00312	CDS	435	polC_7	2.7.7.7		DNA polymerase III PolC-type
M6604_00313	CDS	255	polC_8	2.7.7.7		DNA polymerase III PolC-type
M6604_00314	CDS	204	polC_9	2.7.7.7		DNA polymerase III PolC-type
M6604_00315	CDS	462	polC_10	2.7.7.7		DNA polymerase III PolC-type
M6604_00316	CDS	621	upp	2.4.2.9	COG0035	Uracil phosphoribosyltransferase
M6604_00317	CDS	594				hypothetical protein
M6604_00318	CDS	171				hypothetical protein
M6604_00319	CDS	219			COG0781	putative protein MG027
M6604_00320	CDS	168			COG0781	putative protein MG027
M6604_00321	CDS	573	efp			Elongation factor P
M6604_00322	CDS	120				hypothetical protein
M6604_00323	CDS	654				hypothetical protein
M6604_00324	CDS	108	OLA1			Obg-like ATPase 1
M6604_00325	CDS	888	ychF		COG0012	Ribosome-binding ATPase YchF
M6604_00326	CDS	297	fba_1	4.1.2.13	COG0191	Fructose-bisphosphate aldolase
M6604_00327	CDS	531	fba_2	4.1.2.13		Fructose-bisphosphate aldolase
M6604_00328	CDS	213	rpoE			DNA-directed RNA polymerase subunit delta
M6604_00329	CDS	93				hypothetical protein
M6604_00330	CDS	237	metG_1	6.1.1.10		Methionine--tRNA ligase
M6604_00331	CDS	396	metG_2	6.1.1.10		Methionine--tRNA ligase
M6604_00332	CDS	243	metG_3	6.1.1.10		Methionine--tRNA ligase
M6604_00333	CDS	255				hypothetical protein
M6604_00334	CDS	168				hypothetical protein
M6604_00335	CDS	201	pip	3.4.11.5	COG0596	Proline iminopeptidase
M6604_00336	CDS	1170	dnaJ_1			Chaperone protein DnaJ
M6604_00337	CDS	552				hypothetical protein
M6604_00338	CDS	114				hypothetical protein
M6604_00339	CDS	435				hypothetical protein
M6604_00340	CDS	912				hypothetical protein
M6604_00341	CDS	372				hypothetical protein
M6604_00342	CDS	357			COG1132	putative ABC transporter ATP-binding protein
M6604_00343	CDS	615			COG1132	putative ABC transporter ATP-binding protein
M6604_00344	CDS	273				hypothetical protein
M6604_00345	CDS	426			COG1132	putative ABC transporter ATP-binding protein
M6604_00346	CDS	432				hypothetical protein
M6604_00347	CDS	756				hypothetical protein
M6604_00348	tRNA	77				tRNA-Ile(gat)
M6604_00349	tRNA	76				tRNA-Ala(tgc)
M6604_00350	CDS	636	folD		COG0190	Bifunctional protein FolD protein
M6604_00351	CDS	216				hypothetical protein
M6604_00352	CDS	489	rimK	6.3.2.-	COG0189	Ribosomal protein S6--L-glutamate ligase
M6604_00353	CDS	309				hypothetical protein
M6604_00354	CDS	228				hypothetical protein
M6604_00355	CDS	177				hypothetical protein
M6604_00356	CDS	642	ycfH	3.1.-.-	COG0084	putative metal-dependent hydrolase YcfH
M6604_00357	CDS	1137	mnmE	3.6.-.-		tRNA modification GTPase MnmE
M6604_00358	CDS	288				hypothetical protein
M6604_00359	CDS	168				hypothetical protein
M6604_00360	CDS	633	tmk	2.7.4.9	COG0125	Thymidylate kinase
M6604_00361	CDS	252	serS_1	6.1.1.11	COG0172	Serine--tRNA ligase
M6604_00362	CDS	189	serS_2	6.1.1.11		Serine--tRNA ligase
M6604_00363	CDS	564	serS_3	6.1.1.11	COG0172	Serine--tRNA ligase
M6604_00364	CDS	2511	gyrA_1	5.6.2.2		DNA gyrase subunit A
M6604_00365	CDS	153	gyrB_1	5.6.2.2		DNA gyrase subunit B
M6604_00366	CDS	1029	gyrB_2	5.6.2.2		DNA gyrase subunit B
M6604_00367	CDS	195	gyrB_3	5.6.2.2		DNA gyrase subunit B
M6604_00368	CDS	246	gyrB_4	5.6.2.2		DNA gyrase subunit B
M6604_00369	CDS	135	gyrB_5	5.6.2.2		DNA gyrase subunit B
M6604_00370	CDS	156				hypothetical protein
M6604_00371	CDS	246	dnaJ_2			Chaperone protein DnaJ
M6604_00372	CDS	1143	dnaN		COG0592	Beta sliding clamp
M6604_00373	CDS	810			COG1192	putative protein
M6604_00374	CDS	246				putative protein MPN_687
M6604_00375	CDS	1314	dnaA			Chromosomal replication initiator protein DnaA
M6604_00376	CDS	849	btuD_3	7.6.2.8		Vitamin B12 import ATP-binding protein BtuD
M6604_00377	CDS	876				putative ABC transporter permease MG468 
M6604_00378	CDS	261				hypothetical protein
M6604_00379	CDS	204				putative ABC transporter permease MG468 
M6604_00380	CDS	150				hypothetical protein
M6604_00381	CDS	171				putative ABC transporter permease MG468 
M6604_00382	CDS	774				putative ABC transporter permease MG468 
M6604_00383	CDS	1722				putative ABC transporter permease MG468 
M6604_00384	CDS	354				putative ABC transporter permease MG468 
M6604_00385	CDS	396	macB	3.6.3.-		Macrolide export ATP-binding/permease protein MacB
M6604_00386	CDS	147	rpmH		COG0230	50S ribosomal protein L34
M6604_00387	CDS	429	yidC			Membrane protein insertase YidC
M6604_00388	CDS	315				hypothetical protein
M6604_00389	CDS	780	rsmA	2.1.1.182	COG0030	Ribosomal RNA small subunit methyltransferase A
M6604_00390	CDS	498	gltX_1	6.1.1.17		Glutamate--tRNA ligase
M6604_00391	CDS	243	gltX_2	6.1.1.17		Glutamate--tRNA ligase
M6604_00392	CDS	222				hypothetical protein
M6604_00393	CDS	159	gltX_3	6.1.1.17		Glutamate--tRNA ligase
M6604_00394	CDS	759				hypothetical protein
M6604_00395	CDS	270				hypothetical protein
M6604_00396	CDS	939	ldh	1.1.1.27		L-lactate dehydrogenase
M6604_00397	CDS	309				hypothetical protein
M6604_00398	CDS	528	hpt	2.4.2.8		Hypoxanthine-guanine phosphoribosyltransferase
M6604_00399	CDS	159				hypothetical protein
M6604_00400	CDS	159				hypothetical protein
M6604_00401	CDS	1428	ftsH	3.4.24.-	COG0465	ATP-dependent zinc metalloprotease FtsH
M6604_00402	CDS	222				hypothetical protein
M6604_00403	CDS	279				hypothetical protein
M6604_00404	CDS	717				hypothetical protein
M6604_00405	CDS	333				hypothetical protein
M6604_00406	CDS	225	tyrS1	6.1.1.1	COG0162	Tyrosine--tRNA ligase 1
M6604_00407	CDS	351	tyrS	6.1.1.1	COG0162	Tyrosine--tRNA ligase
M6604_00408	CDS	468	ohrB		COG1764	Organic hydroperoxide resistance protein OhrB
M6604_00409	CDS	879	gtaB	2.7.7.9		UTP--glucose-1-phosphate uridylyltransferase
M6604_00410	CDS	378				hypothetical protein
M6604_00411	CDS	150				hypothetical protein
M6604_00412	CDS	1185	tuf			Elongation factor Tu
M6604_00413	CDS	309				hypothetical protein
M6604_00414	CDS	270				hypothetical protein
M6604_00415	CDS	126				hypothetical protein
M6604_00416	CDS	402				hypothetical protein
M6604_00417	CDS	204	msrAB		COG0225	Peptide methionine sulfoxide reductase MsrA/MsrB
M6604_00418	CDS	186	msrB	1.8.4.12		Peptide methionine sulfoxide reductase MsrB
M6604_00419	CDS	429				hypothetical protein
M6604_00420	CDS	744				hypothetical protein
M6604_00421	CDS	180				hypothetical protein
M6604_00422	CDS	138				hypothetical protein
M6604_00423	CDS	156	rpsP		COG0228	30S ribosomal protein S16
M6604_00424	CDS	114				hypothetical protein
M6604_00425	CDS	543	trmD	2.1.1.228		tRNA (guanine-N(1)-)-methyltransferase
M6604_00426	CDS	360	rplS		COG0335	50S ribosomal protein L19
M6604_00427	CDS	498				hypothetical protein
M6604_00428	CDS	393				hypothetical protein
M6604_00429	CDS	813	rbgA		COG1161	Ribosome biogenesis GTPase A
M6604_00430	CDS	195				hypothetical protein
M6604_00431	CDS	195				hypothetical protein
M6604_00432	CDS	573				hypothetical protein
M6604_00433	CDS	210				hypothetical protein
M6604_00434	CDS	354				hypothetical protein
M6604_00435	CDS	552			COG0732	Putative type-1 restriction enzyme specificity protein MG438
M6604_00436	CDS	516			COG0732	Putative type-1 restriction enzyme specificity protein MG438
M6604_00437	CDS	171				hypothetical protein
M6604_00438	CDS	90				hypothetical protein
M6604_00439	CDS	306				hypothetical protein
M6604_00440	CDS	429	frr			Ribosome-recycling factor
M6604_00441	CDS	732	pyrH	2.7.4.22	COG0528	Uridylate kinase
M6604_00442	CDS	393	tsf		COG0264	Elongation factor Ts
M6604_00443	CDS	117	TSFM			Elongation factor Ts, mitochondrial
M6604_00444	CDS	333				hypothetical protein
M6604_00445	CDS	276				hypothetical protein
M6604_00446	CDS	213				hypothetical protein
M6604_00447	CDS	489	tpiA	5.3.1.1		Triosephosphate isomerase
M6604_00448	CDS	1524	gpmI	5.4.2.12		2,3-bisphosphoglycerate-independent phosphoglycerate mutase
M6604_00449	CDS	720	ptsI_1	2.7.3.9		Phosphoenolpyruvate-protein phosphotransferase
M6604_00450	CDS	189				hypothetical protein
M6604_00451	CDS	498	ptsI_2	2.7.3.9		Phosphoenolpyruvate-protein phosphotransferase
M6604_00452	CDS	231	ptsI_3	2.7.3.9	COG1080	Phosphoenolpyruvate-protein phosphotransferase
M6604_00453	CDS	297				hypothetical protein
M6604_00454	CDS	291		1.11.1.-	COG1765	Hydroperoxide reductase
M6604_00455	CDS	195				hypothetical protein
M6604_00456	CDS	948	rhpA	3.6.4.13		DEAD-box ATP-dependent RNA helicase RhpA
M6604_00457	CDS	339	cshA	3.6.4.13	COG0513	DEAD-box ATP-dependent RNA helicase CshA
M6604_00458	CDS	261	rpsO			30S ribosomal protein S15
M6604_00459	CDS	162	rnjB_1	3.1.-.-	COG0595	Ribonuclease J2
M6604_00460	CDS	1446	rnjB_2	3.1.-.-	COG0595	Ribonuclease J2
M6604_00461	CDS	165				hypothetical protein
M6604_00462	CDS	192				hypothetical protein
M6604_00463	CDS	438				hypothetical protein
M6604_00464	CDS	153				hypothetical protein
M6604_00465	CDS	354				hypothetical protein
M6604_00466	CDS	270				hypothetical protein
M6604_00467	CDS	264				hypothetical protein
M6604_00468	CDS	519	uvrA_1			UvrABC system protein A
M6604_00469	CDS	1635	uvrA_2			UvrABC system protein A
M6604_00470	CDS	198	dnaX	2.7.7.7	COG2812	DNA polymerase III subunit tau
M6604_00471	CDS	1107				hypothetical protein
M6604_00472	CDS	117				hypothetical protein
M6604_00473	CDS	231	rplM_1		COG0102	50S ribosomal protein L13
M6604_00474	CDS	186	rplM_2		COG0102	50S ribosomal protein L13
M6604_00475	CDS	399	rpsI		COG0103	30S ribosomal protein S9
M6604_00476	CDS	645				hypothetical protein
M6604_00477	CDS	501				hypothetical protein
M6604_00478	CDS	495				hypothetical protein
M6604_00479	CDS	252				hypothetical protein
M6604_00480	CDS	294				hypothetical protein
M6604_00481	CDS	639				hypothetical protein
M6604_00482	CDS	744				hypothetical protein
M6604_00483	CDS	306				hypothetical protein
M6604_00484	CDS	387				hypothetical protein
M6604_00485	CDS	201				hypothetical protein
M6604_00486	CDS	651				hypothetical protein
M6604_00487	CDS	177				hypothetical protein
M6604_00488	CDS	630				hypothetical protein
M6604_00489	CDS	234				hypothetical protein
M6604_00490	CDS	156	pstB3_1	7.3.2.1	COG1117	Phosphate import ATP-binding protein PstB 3
M6604_00491	CDS	345	pstB3_2	7.3.2.1	COG1117	Phosphate import ATP-binding protein PstB 3
M6604_00492	CDS	678				hypothetical protein
M6604_00493	CDS	744	eno_1	4.2.1.11		Enolase
M6604_00494	CDS	375	eno_2	4.2.1.11	COG0148	Enolase
M6604_00495	CDS	273				hypothetical protein
M6604_00496	CDS	180				hypothetical protein
M6604_00497	CDS	291				hypothetical protein
M6604_00498	CDS	102				hypothetical protein
M6604_00499	CDS	129				hypothetical protein
M6604_00500	CDS	309	atpH			ATP synthase subunit c
M6604_00501	CDS	246	atpF			ATP synthase subunit b
M6604_00502	CDS	531	atpD_1			ATP synthase subunit delta
M6604_00503	CDS	747	atpA_1	7.1.2.2	COG0056	ATP synthase subunit alpha
M6604_00504	CDS	789	atpA_2	7.2.2.1		ATP synthase subunit alpha, sodium ion specific
M6604_00505	CDS	348	atpG_1		COG0224	ATP synthase gamma chain
M6604_00506	CDS	396	atpG_2		COG0224	ATP synthase gamma chain, sodium ion specific
M6604_00507	CDS	1431	atpD_2	7.2.2.1	COG0055	ATP synthase subunit beta, sodium ion specific
M6604_00508	CDS	402	atpC			ATP synthase epsilon chain
M6604_00509	CDS	312				hypothetical protein
M6604_00510	CDS	351				hypothetical protein
M6604_00511	CDS	768				hypothetical protein
M6604_00512	CDS	459	rpiB	5.3.1.6	COG0698	Ribose-5-phosphate isomerase B
M6604_00513	CDS	132				hypothetical protein
M6604_00514	CDS	348				hypothetical protein
M6604_00515	CDS	708				hypothetical protein
M6604_00516	CDS	870	glyA_1	2.1.2.1	COG0112	Serine hydroxymethyltransferase
M6604_00517	CDS	327	glyA_2	2.1.2.1	COG0112	Serine hydroxymethyltransferase
M6604_00518	CDS	333	groS			10 kDa chaperonin
M6604_00519	CDS	1632	groL			60 kDa chaperonin
M6604_00520	CDS	1056	pepA_1	3.4.11.10		cytosol aminopeptidase
M6604_00521	CDS	234	pepA_2	3.4.11.10		cytosol aminopeptidase
M6604_00522	CDS	294				hypothetical protein
M6604_00523	CDS	681				hypothetical protein
M6604_00524	CDS	348				hypothetical protein
M6604_00525	CDS	111				hypothetical protein
M6604_00526	CDS	195				hypothetical protein
M6604_00527	CDS	324	ybeY	3.1.-.-		Endoribonuclease YbeY
M6604_00528	CDS	480	era_1			GTPase Era
M6604_00529	CDS	204	era_2			GTPase Era
M6604_00530	CDS	495				Protein P200
M6604_00531	CDS	285				hypothetical protein
M6604_00532	CDS	168				hypothetical protein
M6604_00533	CDS	2406				hypothetical protein
M6604_00534	CDS	270				hypothetical protein
M6604_00535	CDS	108				hypothetical protein
M6604_00536	CDS	447				hypothetical protein
M6604_00537	CDS	177				hypothetical protein
M6604_00538	CDS	981	obg	3.6.5.-	COG0536	GTPase Obg
M6604_00539	CDS	444	nadE	6.3.1.5	COG0171	NH(3)-dependent NAD(+) synthetase
M6604_00540	CDS	156				hypothetical protein
M6604_00541	CDS	204	udk	2.7.1.48	COG0572	Uridine kinase
M6604_00542	tRNA	76				tRNA-Arg(tct)
M6604_00543	CDS	345				hypothetical protein
M6604_00544	CDS	447	rsmG	2.1.1.-	COG0357	Ribosomal RNA small subunit methyltransferase G
M6604_00545	CDS	534	mnmG_1			tRNA uridine 5-carboxymethylaminomethyl modification enzyme MnmG
M6604_00546	CDS	1305	mnmG_2			tRNA uridine 5-carboxymethylaminomethyl modification enzyme MnmG
M6604_00547	CDS	180				hypothetical protein
M6604_00548	CDS	453	argS_1	6.1.1.19	COG0018	Arginine--tRNA ligase
M6604_00549	CDS	177				hypothetical protein
M6604_00550	CDS	441	argS_2	6.1.1.19	COG0018	Arginine--tRNA ligase
M6604_00551	CDS	381				putative protein MG377 
M6604_00552	CDS	159				putative protein MG377 
M6604_00553	CDS	150				putative protein MG376 
M6604_00554	CDS	318				hypothetical protein
M6604_00555	CDS	183	thrS_1	6.1.1.3		Threonine--tRNA ligase
M6604_00556	CDS	477	thrS_2	6.1.1.3		Threonine--tRNA ligase
M6604_00557	CDS	585	thrS_3	6.1.1.3		Threonine--tRNA ligase
M6604_00558	CDS	129				hypothetical protein
M6604_00559	CDS	357				hypothetical protein
M6604_00560	CDS	168				hypothetical protein
M6604_00561	CDS	360				hypothetical protein
M6604_00562	CDS	162				hypothetical protein
M6604_00563	CDS	1158	thiI	2.8.1.4	COG0301	putative tRNA sulfurtransferase
M6604_00564	CDS	378	nrnA_1	3.1.-.-	COG0618	Bifunctional oligoribonuclease and PAP phosphatase NrnA
M6604_00565	CDS	99				hypothetical protein
M6604_00566	CDS	255				hypothetical protein
M6604_00567	CDS	120				hypothetical protein
M6604_00568	CDS	594	rluC	5.4.99.24	COG0564	Ribosomal large subunit pseudouridine synthase C
M6604_00569	CDS	270				hypothetical protein
M6604_00570	CDS	513				putative protein
M6604_00571	CDS	1155				putative protein
M6604_00572	CDS	987	plsX	2.3.1.274		Phosphate acyltransferase
M6604_00573	CDS	213				hypothetical protein
M6604_00574	CDS	123				hypothetical protein
M6604_00575	CDS	282				hypothetical protein
M6604_00576	CDS	942				hypothetical protein
M6604_00577	CDS	366	fmt	2.1.2.9		Methionyl-tRNA formyltransferase
M6604_00578	CDS	132				hypothetical protein
M6604_00579	CDS	357				hypothetical protein
M6604_00580	CDS	156				hypothetical protein
M6604_00581	CDS	267				hypothetical protein
M6604_00582	CDS	174	rpmF			50S ribosomal protein L32
M6604_00583	CDS	369	rplL			50S ribosomal protein L7/L12
M6604_00584	CDS	489	rplJ			50S ribosomal protein L10
M6604_00585	CDS	564	dinB	2.7.7.7	COG0389	DNA polymerase IV
M6604_00586	CDS	288				hypothetical protein
M6604_00587	CDS	924	ruvB	3.6.4.12	COG2255	Holliday junction ATP-dependent DNA helicase RuvB
M6604_00588	CDS	501	ruvA	3.6.4.12		Holliday junction ATP-dependent DNA helicase RuvA
M6604_00589	CDS	228				hypothetical protein
M6604_00590	CDS	210				hypothetical protein
M6604_00591	CDS	498	ackA_1	2.7.2.1	COG0282	Acetate kinase
M6604_00592	CDS	513	ackA_2	2.7.2.1	COG0282	Acetate kinase
M6604_00593	CDS	360				hypothetical protein
M6604_00594	CDS	639	clpB_1			Chaperone protein ClpB
M6604_00595	CDS	273	clpB_2			Chaperone protein ClpB
M6604_00596	CDS	885	clpB_3		COG0542	Chaperone protein ClpB
M6604_00597	CDS	414				putative protein MG354
M6604_00598	CDS	315				hypothetical protein
M6604_00599	CDS	309	recU	3.1.22.4	COG3331	Holliday junction resolvase RecU
M6604_00600	CDS	219	ppa_1	3.6.1.1	COG0221	Inorganic pyrophosphatase
M6604_00601	CDS	162	ppa_2	3.6.1.1	COG0221	Inorganic pyrophosphatase
M6604_00602	CDS	210				hypothetical protein
M6604_00603	tRNA	82				tRNA-Leu(caa)
M6604_00604	CDS	261				hypothetical protein
M6604_00605	CDS	216				hypothetical protein
M6604_00606	CDS	339				hypothetical protein
M6604_00607	CDS	243				hypothetical protein
M6604_00608	CDS	117				hypothetical protein
M6604_00609	tRNA	88				tRNA-Leu(gag)
M6604_00610	CDS	246				hypothetical protein
M6604_00611	CDS	522				hypothetical protein
M6604_00612	tRNA	76				tRNA-His(gtg)
M6604_00613	CDS	156				hypothetical protein
M6604_00614	CDS	342	trmB	2.1.1.33	COG0220	tRNA (guanine-N(7)-)-methyltransferase
M6604_00615	CDS	114				hypothetical protein
M6604_00616	CDS	168	trmL	2.1.1.207	COG0219	tRNA (cytidine(34)-2'-O)-methyltransferase
M6604_00617	CDS	366	ileS_1	6.1.1.5		Isoleucine--tRNA ligase
M6604_00618	CDS	273	ileS_2	6.1.1.5		Isoleucine--tRNA ligase
M6604_00619	CDS	246	ileS_3	6.1.1.5		Isoleucine--tRNA ligase
M6604_00620	CDS	138				hypothetical protein
M6604_00621	CDS	216				hypothetical protein
M6604_00622	CDS	210				hypothetical protein
M6604_00623	CDS	285				hypothetical protein
M6604_00624	CDS	240				hypothetical protein
M6604_00625	CDS	396				hypothetical protein
M6604_00626	CDS	183				hypothetical protein
M6604_00627	CDS	507				hypothetical protein
M6604_00628	CDS	2697	rpoB_1	2.7.7.6		DNA-directed RNA polymerase subunit beta
M6604_00629	CDS	1077	rpoB_2	2.7.7.6	COG0085	DNA-directed RNA polymerase subunit beta
M6604_00630	CDS	270	rpoB_3	2.7.7.6	COG0085	DNA-directed RNA polymerase subunit beta
M6604_00631	CDS	99				hypothetical protein
M6604_00632	CDS	2046	rpoC_1	2.7.7.6	COG0086	DNA-directed RNA polymerase subunit beta'
M6604_00633	CDS	1524	rpoC_2	2.7.7.6	COG0086	DNA-directed RNA polymerase subunit beta'
M6604_00634	CDS	192	mgpA_2			Adhesin P1
M6604_00635	CDS	360				hypothetical protein
M6604_00636	CDS	291				hypothetical protein
M6604_00637	CDS	261				Mgp-operon protein 3
M6604_00638	CDS	126				hypothetical protein
M6604_00639	CDS	177				hypothetical protein
M6604_00640	CDS	1023	recA			Protein RecA
M6604_00641	CDS	204				hypothetical protein
M6604_00642	CDS	144				hypothetical protein
M6604_00643	CDS	165				hypothetical protein
M6604_00644	CDS	141				hypothetical protein
M6604_00645	CDS	306				hypothetical protein
M6604_00646	CDS	519				hypothetical protein
M6604_00647	CDS	198				hypothetical protein
M6604_00648	CDS	159				hypothetical protein
M6604_00649	CDS	258				hypothetical protein
M6604_00650	CDS	357				hypothetical protein
M6604_00651	CDS	177				hypothetical protein
M6604_00652	CDS	417				hypothetical protein
M6604_00653	CDS	456	sufS	4.4.1.16		Cysteine desulfurase
M6604_00654	CDS	384	csdA	2.8.1.7	COG0520	Cysteine desulfurase CsdA
M6604_00655	CDS	207		2.4.1.-	COG0463	Processive diacylglycerol beta-glycosyltransferase
M6604_00656	CDS	513		2.4.1.-	COG0463	Processive diacylglycerol beta-glycosyltransferase
M6604_00657	CDS	222				hypothetical protein
M6604_00658	CDS	576	engB			GTP-binding protein EngB
M6604_00659	CDS	189	valS_1	6.1.1.9	COG0525	Valine--tRNA ligase
M6604_00660	CDS	162	valS_2	6.1.1.9		Valine--tRNA ligase
M6604_00661	CDS	135				hypothetical protein
M6604_00662	CDS	234	valS_3	6.1.1.9		Valine--tRNA ligase
M6604_00663	CDS	123				hypothetical protein
M6604_00664	CDS	165	azoR	1.7.1.17		FMN-dependent NADH-azoreductase
M6604_00665	CDS	138				hypothetical protein
M6604_00666	CDS	720			COG0217	putative transcriptional regulatory protein
M6604_00667	CDS	102				hypothetical protein
M6604_00668	CDS	198				hypothetical protein
M6604_00669	CDS	210				hypothetical protein
M6604_00670	CDS	447	cmk	2.7.4.25	COG0283	Cytidylate kinase
M6604_00671	CDS	1347	der		COG1160	GTPase Der
M6604_00672	CDS	1386				hypothetical protein
M6604_00673	CDS	471				hypothetical protein
M6604_00674	CDS	807	menH	4.2.99.20		2-succinyl-6-hydroxy-2,4-cyclohexadiene-1-carboxylate synthase
M6604_00675	CDS	393				hypothetical protein
M6604_00676	CDS	495				hypothetical protein
M6604_00677	CDS	162	rpmGA			50S ribosomal protein L33 1
M6604_00678	CDS	102				hypothetical protein
M6604_00679	CDS	168				hypothetical protein
M6604_00680	CDS	648	ypdF	3.4.11.-	COG0006	Aminopeptidase YpdF
M6604_00681	CDS	270				hypothetical protein
M6604_00682	CDS	159				hypothetical protein
M6604_00683	tmRNA	388	ssrA			transfer-messenger RNA, SsrA
M6604_00684	CDS	684	ktrA		COG0569	Ktr system potassium uptake protein A
M6604_00685	CDS	1311	ktrB		COG0168	Ktr system potassium uptake protein B
M6604_00686	tRNA	75				tRNA-Asn(gtt)
M6604_00687	tRNA	77				tRNA-Glu(ttc)
M6604_00688	tRNA	75				tRNA-Thr(cgt)
M6604_00689	tRNA	76				tRNA-Val(tac)
M6604_00690	tRNA	76				tRNA-Thr(tgt)
M6604_00691	tRNA	76				tRNA-Lys(ctt)
M6604_00692	tRNA	85				tRNA-Leu(tag)
M6604_00693	CDS	1023				putative lipoprotein MG321 
M6604_00694	CDS	405				putative lipoprotein MG321 
M6604_00695	tRNA	89				tRNA-Ser(cga)
M6604_00696	tRNA	91				tRNA-Ser(gga)
M6604_00697	CDS	453				hypothetical protein
M6604_00698	CDS	252				hypothetical protein
M6604_00699	CDS	537				hypothetical protein
M6604_00700	CDS	204				hypothetical protein
M6604_00701	CDS	210				hypothetical protein
M6604_00702	CDS	261				hypothetical protein
M6604_00703	CDS	1143				hypothetical protein
M6604_00704	CDS	603				hypothetical protein
M6604_00705	CDS	372				hypothetical protein
M6604_00706	CDS	330				hypothetical protein
M6604_00707	CDS	465				hypothetical protein
M6604_00708	CDS	594				hypothetical protein
M6604_00709	CDS	435				hypothetical protein
M6604_00710	CDS	189				hypothetical protein
M6604_00711	CDS	114				hypothetical protein
M6604_00712	CDS	714				hypothetical protein
M6604_00713	CDS	342	hmw1			Cytadherence high molecular weight protein 1
M6604_00714	CDS	2136				hypothetical protein
M6604_00715	CDS	597	rpsD			30S ribosomal protein S4
M6604_00716	CDS	414				hypothetical protein
M6604_00717	CDS	216				hypothetical protein
M6604_00718	CDS	363				hypothetical protein
M6604_00719	CDS	1305				hypothetical protein
M6604_00720	CDS	132				hypothetical protein
M6604_00721	CDS	810				hypothetical protein
M6604_00722	CDS	417	cshB	3.6.4.13	COG0513	DEAD-box ATP-dependent RNA helicase CshB
M6604_00723	CDS	177				hypothetical protein
M6604_00724	CDS	420				hypothetical protein
M6604_00725	CDS	225				hypothetical protein
M6604_00726	CDS	432				hypothetical protein
M6604_00727	CDS	708				hypothetical protein
M6604_00728	CDS	1050				hypothetical protein
M6604_00729	CDS	273				hypothetical protein
M6604_00730	CDS	264				hypothetical protein
M6604_00731	CDS	1728	dnaK		COG0443	Chaperone protein DnaK
M6604_00732	CDS	813	ecfA1_2	7.-.-.-	COG1122	Energy-coupling factor transporter ATP-binding protein EcfA1
M6604_00733	CDS	1074	btuD_4	7.6.2.8		Vitamin B12 import ATP-binding protein BtuD
M6604_00734	CDS	144				hypothetical protein
M6604_00735	CDS	333	ykoC			Putative HMP/thiamine permease protein YkoC
M6604_00736	CDS	1014	gapA	1.2.1.12		Glyceraldehyde-3-phosphate dehydrogenase
M6604_00737	CDS	993	pgk_1	2.7.2.3	COG0126	Phosphoglycerate kinase
M6604_00738	CDS	111	pgk_2	2.7.2.3		Phosphoglycerate kinase
M6604_00739	CDS	654				hypothetical protein
M6604_00740	CDS	450	smc_1		COG1196	Chromosome partition protein Smc
M6604_00741	CDS	339				hypothetical protein
M6604_00742	CDS	1335	smc_2			Chromosome partition protein Smc
M6604_00743	CDS	837	smc_3		COG1196	Chromosome partition protein Smc
M6604_00744	CDS	558	ftsY_1		COG0552	Signal recognition particle receptor FtsY
M6604_00745	CDS	333	ftsY_2		COG0552	Signal recognition particle receptor FtsY
M6604_00746	CDS	390				putative protein MG296 
M6604_00747	CDS	273	mnmA_1	2.8.1.13	COG0482	tRNA-specific 2-thiouridylase MnmA
M6604_00748	CDS	306	mnmA_2	2.8.1.13		tRNA-specific 2-thiouridylase MnmA
M6604_00749	CDS	237	mnmA_3	2.8.1.13		tRNA-specific 2-thiouridylase MnmA
M6604_00750	CDS	309				hypothetical protein
M6604_00751	CDS	219				hypothetical protein
M6604_00752	CDS	432				hypothetical protein
M6604_00753	CDS	183				hypothetical protein
M6604_00754	CDS	576	glpQ	3.1.4.46	COG0584	Glycerophosphodiester phosphodiesterase
M6604_00755	CDS	183	alaS_1	6.1.1.7	COG0013	Alanine--tRNA ligase
M6604_00756	CDS	435	alaS_2	6.1.1.7	COG0013	Alanine--tRNA ligase
M6604_00757	CDS	399				hypothetical protein
M6604_00758	CDS	288	alaS_3	6.1.1.7	COG0013	Alanine--tRNA ligase
M6604_00759	CDS	504				hypothetical protein
M6604_00760	CDS	417	yrrK	3.1.-.-	COG0816	Putative pre-16S rRNA nuclease
M6604_00761	CDS	258				hypothetical protein
M6604_00762	CDS	495				hypothetical protein
M6604_00763	CDS	159				hypothetical protein
M6604_00764	CDS	198				hypothetical protein
M6604_00765	CDS	183				hypothetical protein
M6604_00766	CDS	333	fetA	3.6.3.-	COG4619	putative iron export ATP-binding protein FetA
M6604_00767	CDS	192				High affinity transport system protein p37
M6604_00768	CDS	213				High affinity transport system protein p37
M6604_00769	CDS	453				High affinity transport system protein p37
M6604_00770	CDS	291				hypothetical protein
M6604_00771	CDS	462				hypothetical protein
M6604_00772	CDS	264				hypothetical protein
M6604_00773	CDS	135				hypothetical protein
M6604_00774	CDS	249				hypothetical protein
M6604_00775	CDS	276				hypothetical protein
M6604_00776	tRNA	75				tRNA-SeC(tca)
M6604_00777	CDS	513				hypothetical protein
M6604_00778	CDS	159				hypothetical protein
M6604_00779	CDS	210				hypothetical protein
M6604_00780	CDS	138				hypothetical protein
M6604_00781	CDS	234				hypothetical protein
M6604_00782	CDS	141				hypothetical protein
M6604_00783	CDS	822	proS	6.1.1.15	COG0442	Proline--tRNA ligase
M6604_00784	CDS	327				hypothetical protein
M6604_00785	CDS	135				hypothetical protein
M6604_00786	CDS	486	greA		COG0782	Transcription elongation factor GreA
M6604_00787	tRNA	87				tRNA-Tyr(gta)
M6604_00788	tRNA	75				tRNA-Gln(ttg)
M6604_00789	tRNA	75				tRNA-Lys(ttt)
M6604_00790	tRNA	86				tRNA-Leu(taa)
M6604_00791	tRNA	74				tRNA-Gly(tcc)
M6604_00792	CDS	657				putative protein MG281
M6604_00793	CDS	831				putative protein MG281
M6604_00794	CDS	798				hypothetical protein
M6604_00795	CDS	657				hypothetical protein
M6604_00796	CDS	195				hypothetical protein
M6604_00797	CDS	144				hypothetical protein
M6604_00798	CDS	258				hypothetical protein
M6604_00799	CDS	1389				hypothetical protein
M6604_00800	CDS	309				hypothetical protein
M6604_00801	CDS	456				hypothetical protein
M6604_00802	CDS	435				hypothetical protein
M6604_00803	CDS	687				hypothetical protein
M6604_00804	CDS	543	apt	2.4.2.7	COG0503	Adenine phosphoribosyltransferase
M6604_00805	CDS	345	nox	1.6.99.3	COG0446	NADH oxidase
M6604_00806	CDS	1083		1.6.99.3		putative NADH oxidase
M6604_00807	CDS	171	pdhA_1	1.2.4.1		Pyruvate dehydrogenase E1 component subunit alpha
M6604_00808	CDS	153	pdhA_2	1.2.4.1		Pyruvate dehydrogenase E1 component subunit alpha
M6604_00809	CDS	111	pdhA_3	1.2.4.1		Pyruvate dehydrogenase E1 component subunit alpha
M6604_00810	CDS	372	pdhA_4	1.2.4.1		Pyruvate dehydrogenase E1 component subunit alpha
M6604_00811	CDS	732	pdhB_1	1.2.4.1		Pyruvate dehydrogenase E1 component subunit beta
M6604_00812	CDS	225	pdhB_2	1.2.4.1		Pyruvate dehydrogenase E1 component subunit beta
M6604_00813	CDS	1155	pdhC	2.3.1.12		Dihydrolipoyllysine-residue acetyltransferase component of pyruvate dehydrogenase complex
M6604_00814	CDS	237	pdhD_1	1.8.1.4		Dihydrolipoyl dehydrogenase
M6604_00815	CDS	1014	pdhD_2	1.8.1.4		Dihydrolipoyl dehydrogenase
M6604_00816	CDS	522	lplA	6.3.1.20	COG0095	Lipoate-protein ligase A
M6604_00817	CDS	111				hypothetical protein
M6604_00818	CDS	387				hypothetical protein
M6604_00819	CDS	1023				hypothetical protein
M6604_00820	CDS	378				hypothetical protein
M6604_00821	CDS	201				hypothetical protein
M6604_00822	CDS	123				hypothetical protein
M6604_00823	CDS	186	leuS_1	6.1.1.4		Leucine--tRNA ligase
M6604_00824	CDS	489	leuS_2	6.1.1.4	COG0495	Leucine--tRNA ligase
M6604_00825	CDS	204	leuS_3	6.1.1.4		Leucine--tRNA ligase
M6604_00826	CDS	522	leuS_4	6.1.1.4		Leucine--tRNA ligase
M6604_00827	CDS	837	yitU	3.1.3.104	COG0561	5-amino-6-(5-phospho-D-ribitylamino)uracil phosphatase YitU
M6604_00828	CDS	219				hypothetical protein
M6604_00829	CDS	279	coaE	2.7.1.24	COG0237	Dephospho-CoA kinase
M6604_00830	CDS	198				hypothetical protein
M6604_00831	CDS	147				hypothetical protein
M6604_00832	CDS	855	mutM	3.2.2.23	COG0266	Formamidopyrimidine-DNA glycosylase
M6604_00833	CDS	756	polA	2.7.7.7		DNA polymerase I
M6604_00834	CDS	174				hypothetical protein
M6604_00835	CDS	444	dnaE	2.7.7.7	COG0587	DNA polymerase III subunit alpha
M6604_00836	CDS	1113	dnaE2_1	2.7.7.7		Error-prone DNA polymerase
M6604_00837	CDS	363	dnaE2_2	2.7.7.7		Error-prone DNA polymerase
M6604_00838	CDS	231				putative protein MPN_377
M6604_00839	tRNA	77				tRNA-Arg(tcg)
M6604_00840	CDS	267				hypothetical protein
M6604_00841	CDS	375				hypothetical protein
M6604_00842	CDS	177				hypothetical protein
M6604_00843	CDS	237	mgpA_3			Adhesin P1
M6604_00844	CDS	360				hypothetical protein
M6604_00845	CDS	1146				hypothetical protein
M6604_00846	CDS	636				hypothetical protein
M6604_00847	CDS	432				hypothetical protein
M6604_00848	CDS	276	prmC	2.1.1.297		Release factor glutamine methyltransferase
M6604_00849	CDS	126				hypothetical protein
M6604_00850	CDS	606	prfA_1		COG0216	Peptide chain release factor 1
M6604_00851	CDS	441	prfA_2			Peptide chain release factor 1
M6604_00852	CDS	294				hypothetical protein
M6604_00853	CDS	141				hypothetical protein
M6604_00854	CDS	180				hypothetical protein
M6604_00855	tRNA	74				tRNA-Trp(cca)
M6604_00856	tRNA	75				tRNA-Arg(cct)
M6604_00857	CDS	741				hypothetical protein
M6604_00858	CDS	294				hypothetical protein
M6604_00859	tRNA	74				tRNA-Gly(gcc)
M6604_00860	CDS	714	ligA_1	6.5.1.2	COG0272	DNA ligase
M6604_00861	CDS	1197	ligA_2	6.5.1.2	COG0272	DNA ligase
M6604_00862	CDS	540	cysS_1	6.1.1.16	COG0215	Cysteine--tRNA ligase
M6604_00863	CDS	261	cysS_2	6.1.1.16	COG0215	Cysteine--tRNA ligase
M6604_00864	CDS	168				hypothetical protein
M6604_00865	CDS	306		2.1.1.-		Putative TrmH family tRNA/rRNA methyltransferase
M6604_00866	CDS	228	glyQS_1	6.1.1.14	COG0423	Glycine--tRNA ligase
M6604_00867	CDS	438	glyQS_2	6.1.1.14	COG0423	Glycine--tRNA ligase
M6604_00868	CDS	309	glyQS_3	6.1.1.14		Glycine--tRNA ligase
M6604_00869	CDS	174	glyQS_4	6.1.1.14		Glycine--tRNA ligase
M6604_00870	CDS	243	dnaG_1	2.7.7.-	COG0358	DNA primase
M6604_00871	CDS	234				hypothetical protein
M6604_00872	CDS	630	dnaG_2	2.7.7.-	COG0358	DNA primase
M6604_00873	CDS	201				hypothetical protein
M6604_00874	CDS	126				hypothetical protein
M6604_00875	CDS	135				hypothetical protein
M6604_00876	CDS	366				hypothetical protein
M6604_00877	CDS	405	rpoD			RNA polymerase sigma factor RpoD
M6604_00878	CDS	516	sigA		COG0568	RNA polymerase sigma factor SigA
M6604_00879	CDS	657				hypothetical protein
M6604_00880	CDS	237	plsY	2.3.1.275		Glycerol-3-phosphate acyltransferase
M6604_00881	CDS	186				hypothetical protein
M6604_00882	CDS	645		3.1.-.-		Putative phosphatase/phosphodiesterase MPN_349
M6604_00883	CDS	156		3.1.-.-		Putative phosphatase/phosphodiesterase MPN_349
M6604_00884	CDS	498		6.3.3.2		5-formyltetrahydrofolate cyclo-ligase
M6604_00885	CDS	558	pcrA_1	3.6.4.12		ATP-dependent DNA helicase PcrA
M6604_00886	CDS	360				hypothetical protein
M6604_00887	CDS	765	pcrA_2	3.6.4.12		ATP-dependent DNA helicase PcrA
M6604_00888	CDS	372				hypothetical protein
M6604_00889	CDS	294				hypothetical protein
M6604_00890	CDS	165				hypothetical protein
M6604_00891	CDS	117				hypothetical protein
M6604_00892	CDS	219				hypothetical protein
M6604_00893	CDS	681				hypothetical protein
M6604_00894	CDS	489				hypothetical protein
M6604_00895	CDS	486				hypothetical protein
M6604_00896	CDS	105				hypothetical protein
M6604_00897	CDS	459				hypothetical protein
M6604_00898	CDS	345	nadD	2.7.7.18	COG1057	putative nicotinate-nucleotide adenylyltransferase
M6604_00899	CDS	402				hypothetical protein
M6604_00900	CDS	219				hypothetical protein
M6604_00901	CDS	1266	lon1_1	3.4.21.53	COG0466	Lon protease 1
M6604_00902	CDS	978	lon1_2	3.4.21.53	COG0466	Lon protease 1
M6604_00903	CDS	1224	tig	5.2.1.8	COG0544	Trigger factor
M6604_00904	CDS	885				putative protein MG237 
M6604_00905	CDS	423				hypothetical protein
M6604_00906	CDS	846	nfo	3.1.21.2	COG0648	putative endonuclease 4
M6604_00907	CDS	315	rpmA		COG0211	50S ribosomal protein L27
M6604_00908	CDS	300				hypothetical protein
M6604_00909	CDS	303	rplU		COG0261	50S ribosomal protein L21
M6604_00910	CDS	459	nrdE	1.17.4.1	COG0209	Ribonucleoside-diphosphate reductase subunit alpha
M6604_00911	CDS	1629	nrdE2	1.17.4.1	COG0209	Ribonucleoside-diphosphate reductase subunit alpha 2
M6604_00912	CDS	462	nrdI		COG1780	Protein NrdI
M6604_00913	CDS	672	nrdF	1.17.4.1	COG0208	Ribonucleoside-diphosphate reductase 2 subunit beta
M6604_00914	CDS	132				hypothetical protein
M6604_00915	CDS	192				hypothetical protein
M6604_00916	CDS	231	dhfR	1.5.1.3	COG0262	Dihydrofolate reductase
M6604_00917	CDS	372	thyA	2.1.1.45	COG0207	Thymidylate synthase
M6604_00918	CDS	183	thyA2	2.1.1.45	COG0207	Thymidylate synthase 2
M6604_00919	CDS	288				hypothetical protein
M6604_00920	rRNA	74				5S ribosomal RNA (partial)
M6604_00921	rRNA	2909				23S ribosomal RNA
M6604_00922	rRNA	1514				16S ribosomal RNA
M6604_00923	CDS	141				hypothetical protein
M6604_00924	CDS	366				hypothetical protein
M6604_00925	CDS	153				hypothetical protein
M6604_00926	CDS	1278				hypothetical protein
M6604_00927	CDS	978				hypothetical protein
M6604_00928	CDS	174				hypothetical protein
M6604_00929	CDS	123				hypothetical protein
M6604_00930	CDS	171				hypothetical protein
M6604_00931	CDS	891	ftsZ			Cell division protein FtsZ
M6604_00932	CDS	1236				hypothetical protein
M6604_00933	CDS	930	rsmH	2.1.1.199	COG0275	Ribosomal RNA small subunit methyltransferase H
M6604_00934	CDS	465	mraZ			Transcriptional regulator MraZ
M6604_00935	tRNA	77				tRNA-Arg(gcg)
M6604_00936	CDS	204				hypothetical protein
M6604_00937	CDS	477				hypothetical protein
M6604_00938	CDS	309				putative protein MG218.1
M6604_00939	CDS	696				putative protein MG218.1
M6604_00940	CDS	477	hmw2_1			Cytadherence high molecular weight protein 2
M6604_00941	CDS	675	hmw2_2			Cytadherence high molecular weight protein 2
M6604_00942	CDS	3153	hmw2_3			Cytadherence high molecular weight protein 2
M6604_00943	CDS	93				hypothetical protein
M6604_00944	CDS	1080				hypothetical protein
M6604_00945	tRNA	76				tRNA-Phe(gaa)
M6604_00946	tRNA	74				tRNA-Asp(gtc)
M6604_00947	tRNA	77				tRNA-Met(cat)
M6604_00948	tRNA	92				tRNA-Ser(tga)
M6604_00949	tRNA	77				tRNA-Met(cat)
M6604_00950	tRNA	77				tRNA-Met(cat)
M6604_00951	tRNA	77				tRNA-Pro(tgg)
M6604_00952	tRNA	77				tRNA-Cys(gca)
M6604_00953	CDS	294	pyk_1	2.7.1.40		Pyruvate kinase
M6604_00954	CDS	864	pyk_2	2.7.1.40		Pyruvate kinase
M6604_00955	CDS	468	pfkA_1	2.7.1.11		ATP-dependent 6-phosphofructokinase
M6604_00956	CDS	420	pfkA_2	2.7.1.11	COG0205	ATP-dependent 6-phosphofructokinase isozyme 1
M6604_00957	CDS	624	scpB		COG1386	Segregation and condensation protein B
M6604_00958	CDS	885	scpA			Segregation and condensation protein A
M6604_00959	CDS	189				hypothetical protein
M6604_00960	CDS	588				hypothetical protein
M6604_00961	CDS	195				hypothetical protein
M6604_00962	CDS	117				hypothetical protein
M6604_00963	CDS	399				hypothetical protein
M6604_00964	CDS	189				hypothetical protein
M6604_00965	CDS	246				hypothetical protein
M6604_00966	CDS	339	lspA	3.4.23.36		Lipoprotein signal peptidase
M6604_00967	CDS	927	rluD	5.4.99.23	COG0564	Ribosomal large subunit pseudouridine synthase D
M6604_00968	CDS	591				hypothetical protein
M6604_00969	CDS	345		3.1.4.-		Putative metallophosphoesterase MG207 
M6604_00970	CDS	159		3.1.4.-		Putative metallophosphoesterase MG207 
M6604_00971	CDS	1461	uvrC		COG0322	UvrABC system protein C
M6604_00972	CDS	795	hrcA_1		COG1420	Heat-inducible transcription repressor HrcA
M6604_00973	CDS	231	hrcA_2			Heat-inducible transcription repressor HrcA
M6604_00974	CDS	2013	parC	5.6.2.2	COG0188	DNA topoisomerase 4 subunit A
M6604_00975	CDS	288	gyrA_2	5.6.2.2	COG0188	Type 2 topoisomerase subunit A
M6604_00976	CDS	147	parE_1	5.6.2.2	COG0187	DNA topoisomerase 4 subunit B
M6604_00977	CDS	1746	parE_2	5.6.2.2	COG0187	DNA topoisomerase 4 subunit B
M6604_00978	tRNA	74				tRNA-Thr(ggt)
M6604_00979	CDS	369				hypothetical protein
M6604_00980	CDS	201	grpE_1			Protein GrpE
M6604_00981	CDS	453	grpE_2			Protein GrpE
M6604_00982	CDS	966				DnaJ-like protein MG200
M6604_00983	CDS	567				DnaJ-like protein MG200
M6604_00984	CDS	708	rnhC	3.1.26.4	COG1039	Ribonuclease HIII
M6604_00985	CDS	375	rplT			50S ribosomal protein L20
M6604_00986	CDS	180	rpmI			50S ribosomal protein L35
M6604_00987	CDS	546	infC			Translation initiation factor IF-3
M6604_00988	CDS	150				hypothetical protein
M6604_00989	CDS	402				hypothetical protein
M6604_00990	CDS	384				hypothetical protein
M6604_00991	CDS	645	pheT_1	6.1.1.20		Phenylalanine--tRNA ligase beta subunit
M6604_00992	CDS	228				hypothetical protein
M6604_00993	CDS	474	pheT_2	6.1.1.20		Phenylalanine--tRNA ligase beta subunit
M6604_00994	CDS	153	pheS_1	6.1.1.20		Phenylalanine--tRNA ligase alpha subunit
M6604_00995	CDS	561	pheS_2	6.1.1.20		Phenylalanine--tRNA ligase alpha subunit
M6604_00996	CDS	324				hypothetical protein
M6604_00997	CDS	171				hypothetical protein
M6604_00998	CDS	237				hypothetical protein
M6604_00999	CDS	171				hypothetical protein
M6604_01000	CDS	351				hypothetical protein
M6604_01001	CDS	1278				Mgp-operon protein 3
M6604_01002	CDS	384				Mgp-operon protein 3
M6604_01003	CDS	372				hypothetical protein
M6604_01004	CDS	159				hypothetical protein
M6604_01005	CDS	177				hypothetical protein
M6604_01006	CDS	252				putative lipoprotein MG186 
M6604_01007	CDS	330				Putative ABC transporter ATP-binding protein MG187 
M6604_01008	CDS	294				Putative ABC transporter ATP-binding protein MG187 
M6604_01009	CDS	705				Putative ABC transporter ATP-binding protein MG187 
M6604_01010	CDS	219				Putative ABC transporter ATP-binding protein MG187 
M6604_01011	CDS	282				hypothetical protein
M6604_01012	CDS	564	araP		COG1175	L-arabinose transport system permease protein AraP
M6604_01013	CDS	156				hypothetical protein
M6604_01014	CDS	201				hypothetical protein
M6604_01015	CDS	195				hypothetical protein
M6604_01016	CDS	768	nrnA_2	3.1.-.-		Bifunctional oligoribonuclease and PAP phosphatase NrnA
M6604_01017	CDS	531	mgpA_4			Adhesin P1
M6604_01018	CDS	153	mgpA_5			Adhesin P1
M6604_01019	CDS	342	mgpA_6			Adhesin P1
M6604_01020	CDS	273	mgpA_7			Adhesin P1
M6604_01021	CDS	159				hypothetical protein
M6604_01022	CDS	144	mgpA_8			Adhesin P1
M6604_01023	CDS	162				hypothetical protein
M6604_01024	CDS	321	mgpA_9			Adhesin P1
M6604_01025	CDS	1002				hypothetical protein
M6604_01026	CDS	288				hypothetical protein
M6604_01027	CDS	156				hypothetical protein
M6604_01028	CDS	372				hypothetical protein
