locus_tag	ftype	length_bp	gene	EC_number	COG	product
M6280_00001	CDS	1524	rpoC_1	2.7.7.6	COG0086	DNA-directed RNA polymerase subunit beta'
M6280_00002	CDS	2046	rpoC_2	2.7.7.6	COG0086	DNA-directed RNA polymerase subunit beta'
M6280_00003	CDS	99				hypothetical protein
M6280_00004	CDS	270	rpoB_1	2.7.7.6	COG0085	DNA-directed RNA polymerase subunit beta
M6280_00005	CDS	1077	rpoB_2	2.7.7.6	COG0085	DNA-directed RNA polymerase subunit beta
M6280_00006	CDS	2697	rpoB_3	2.7.7.6		DNA-directed RNA polymerase subunit beta
M6280_00007	CDS	507				hypothetical protein
M6280_00008	CDS	183				hypothetical protein
M6280_00009	CDS	396				hypothetical protein
M6280_00010	CDS	240				hypothetical protein
M6280_00011	CDS	285				hypothetical protein
M6280_00012	CDS	210				hypothetical protein
M6280_00013	CDS	180				hypothetical protein
M6280_00014	CDS	216				hypothetical protein
M6280_00015	CDS	138				hypothetical protein
M6280_00016	CDS	246	ileS_1	6.1.1.5		Isoleucine--tRNA ligase
M6280_00017	CDS	273	ileS_2	6.1.1.5		Isoleucine--tRNA ligase
M6280_00018	CDS	366	ileS_3	6.1.1.5		Isoleucine--tRNA ligase
M6280_00019	CDS	168	trmL	2.1.1.207	COG0219	tRNA (cytidine(34)-2'-O)-methyltransferase
M6280_00020	CDS	114				hypothetical protein
M6280_00021	CDS	342	trmB	2.1.1.33	COG0220	tRNA (guanine-N(7)-)-methyltransferase
M6280_00022	CDS	156				hypothetical protein
M6280_00023	tRNA	76				tRNA-His(gtg)
M6280_00024	CDS	522				hypothetical protein
M6280_00025	CDS	246				hypothetical protein
M6280_00026	tRNA	88				tRNA-Leu(gag)
M6280_00027	CDS	117				hypothetical protein
M6280_00028	CDS	243				hypothetical protein
M6280_00029	CDS	342				hypothetical protein
M6280_00030	CDS	216				hypothetical protein
M6280_00031	CDS	261				hypothetical protein
M6280_00032	tRNA	82				tRNA-Leu(caa)
M6280_00033	CDS	210				hypothetical protein
M6280_00034	CDS	162	ppa_1	3.6.1.1	COG0221	Inorganic pyrophosphatase
M6280_00035	CDS	219	ppa_2	3.6.1.1	COG0221	Inorganic pyrophosphatase
M6280_00036	CDS	309	recU	3.1.22.4	COG3331	Holliday junction resolvase RecU
M6280_00037	CDS	315				hypothetical protein
M6280_00038	CDS	414				putative protein MG354
M6280_00039	CDS	885	clpB_1		COG0542	Chaperone protein ClpB
M6280_00040	CDS	273	clpB_2			Chaperone protein ClpB
M6280_00041	CDS	639	clpB_3			Chaperone protein ClpB
M6280_00042	CDS	360				hypothetical protein
M6280_00043	CDS	513	ackA_1	2.7.2.1	COG0282	Acetate kinase
M6280_00044	CDS	498	ackA_2	2.7.2.1	COG0282	Acetate kinase
M6280_00045	CDS	210				hypothetical protein
M6280_00046	CDS	228				hypothetical protein
M6280_00047	CDS	501	ruvA	3.6.4.12		Holliday junction ATP-dependent DNA helicase RuvA
M6280_00048	CDS	924	ruvB	3.6.4.12	COG2255	Holliday junction ATP-dependent DNA helicase RuvB
M6280_00049	CDS	288				hypothetical protein
M6280_00050	CDS	564	dinB	2.7.7.7	COG0389	DNA polymerase IV
M6280_00051	CDS	489	rplJ			50S ribosomal protein L10
M6280_00052	CDS	369	rplL			50S ribosomal protein L7/L12
M6280_00053	CDS	174	rpmF			50S ribosomal protein L32
M6280_00054	CDS	267				hypothetical protein
M6280_00055	CDS	156				hypothetical protein
M6280_00056	CDS	357				hypothetical protein
M6280_00057	CDS	132				hypothetical protein
M6280_00058	CDS	366	fmt	2.1.2.9		Methionyl-tRNA formyltransferase
M6280_00059	CDS	942				hypothetical protein
M6280_00060	CDS	282				hypothetical protein
M6280_00061	CDS	123				hypothetical protein
M6280_00062	CDS	297	rnc	3.1.26.3		Ribonuclease 3
M6280_00063	CDS	987	plsX	2.3.1.274		Phosphate acyltransferase
M6280_00064	CDS	1155				putative protein
M6280_00065	CDS	513				putative protein
M6280_00066	CDS	270				hypothetical protein
M6280_00067	CDS	594	rluC	5.4.99.24	COG0564	Ribosomal large subunit pseudouridine synthase C
M6280_00068	CDS	120				hypothetical protein
M6280_00069	CDS	255				hypothetical protein
M6280_00070	CDS	99				hypothetical protein
M6280_00071	CDS	378	nrnA_1	3.1.-.-	COG0618	Bifunctional oligoribonuclease and PAP phosphatase NrnA
M6280_00072	CDS	1158	thiI	2.8.1.4	COG0301	putative tRNA sulfurtransferase
M6280_00073	CDS	162				hypothetical protein
M6280_00074	CDS	360				hypothetical protein
M6280_00075	CDS	168				hypothetical protein
M6280_00076	CDS	357				hypothetical protein
M6280_00077	CDS	129				hypothetical protein
M6280_00078	CDS	585	thrS_1	6.1.1.3		Threonine--tRNA ligase
M6280_00079	CDS	477	thrS_2	6.1.1.3		Threonine--tRNA ligase
M6280_00080	CDS	183	thrS_3	6.1.1.3		Threonine--tRNA ligase
M6280_00081	CDS	318				hypothetical protein
M6280_00082	CDS	150				putative protein MG376 
M6280_00083	CDS	159				putative protein MG377 
M6280_00084	CDS	381				putative protein MG377 
M6280_00085	CDS	441	argS_1	6.1.1.19	COG0018	Arginine--tRNA ligase
M6280_00086	CDS	177				hypothetical protein
M6280_00087	CDS	453	argS_2	6.1.1.19	COG0018	Arginine--tRNA ligase
M6280_00088	CDS	180				hypothetical protein
M6280_00089	CDS	1305	mnmG_1			tRNA uridine 5-carboxymethylaminomethyl modification enzyme MnmG
M6280_00090	CDS	534	mnmG_2			tRNA uridine 5-carboxymethylaminomethyl modification enzyme MnmG
M6280_00091	CDS	579	rsmG	2.1.1.170		Ribosomal RNA small subunit methyltransferase G
M6280_00092	CDS	345				hypothetical protein
M6280_00093	tRNA	76				tRNA-Arg(tct)
M6280_00094	CDS	204	udk	2.7.1.48	COG0572	Uridine kinase
M6280_00095	CDS	156				hypothetical protein
M6280_00096	CDS	444	nadE	6.3.1.5	COG0171	NH(3)-dependent NAD(+) synthetase
M6280_00097	CDS	981	obg	3.6.5.-	COG0536	GTPase Obg
M6280_00098	CDS	177				hypothetical protein
M6280_00099	CDS	447				hypothetical protein
M6280_00100	CDS	108				hypothetical protein
M6280_00101	CDS	270				hypothetical protein
M6280_00102	CDS	2310				hypothetical protein
M6280_00103	CDS	198				hypothetical protein
M6280_00104	CDS	168				hypothetical protein
M6280_00105	CDS	285				hypothetical protein
M6280_00106	CDS	495				Protein P200
M6280_00107	CDS	204	era_1			GTPase Era
M6280_00108	CDS	480	era_2			GTPase Era
M6280_00109	CDS	324	ybeY	3.1.-.-		Endoribonuclease YbeY
M6280_00110	CDS	195				hypothetical protein
M6280_00111	CDS	111				hypothetical protein
M6280_00112	CDS	348				hypothetical protein
M6280_00113	CDS	681				hypothetical protein
M6280_00114	CDS	294				hypothetical protein
M6280_00115	CDS	234	pepA_1	3.4.11.10		cytosol aminopeptidase
M6280_00116	CDS	1056	pepA_2	3.4.11.10		cytosol aminopeptidase
M6280_00117	CDS	1632	groL			60 kDa chaperonin
M6280_00118	CDS	333	groS			10 kDa chaperonin
M6280_00119	CDS	327	glyA_1	2.1.2.1	COG0112	Serine hydroxymethyltransferase
M6280_00120	CDS	870	glyA_2	2.1.2.1	COG0112	Serine hydroxymethyltransferase
M6280_00121	CDS	777				hypothetical protein
M6280_00122	CDS	249				hypothetical protein
M6280_00123	CDS	354				hypothetical protein
M6280_00124	CDS	132				hypothetical protein
M6280_00125	CDS	459	rpiB	5.3.1.6	COG0698	Ribose-5-phosphate isomerase B
M6280_00126	CDS	768				hypothetical protein
M6280_00127	CDS	351				hypothetical protein
M6280_00128	CDS	312				hypothetical protein
M6280_00129	CDS	402	atpC			ATP synthase epsilon chain
M6280_00130	CDS	1431	atpD_1	7.2.2.1	COG0055	ATP synthase subunit beta, sodium ion specific
M6280_00131	CDS	396	atpG_1		COG0224	ATP synthase gamma chain, sodium ion specific
M6280_00132	CDS	348	atpG_2		COG0224	ATP synthase gamma chain
M6280_00133	CDS	789	atpA_1	7.2.2.1		ATP synthase subunit alpha, sodium ion specific
M6280_00134	CDS	747	atpA_2	7.1.2.2	COG0056	ATP synthase subunit alpha
M6280_00135	CDS	531	atpD_2			ATP synthase subunit delta
M6280_00136	CDS	246	atpF			ATP synthase subunit b
M6280_00137	CDS	309	atpH			ATP synthase subunit c
M6280_00138	CDS	108				hypothetical protein
M6280_00139	CDS	102				hypothetical protein
M6280_00140	CDS	291				hypothetical protein
M6280_00141	CDS	180				hypothetical protein
M6280_00142	CDS	273				hypothetical protein
M6280_00143	CDS	375	eno_1	4.2.1.11	COG0148	Enolase
M6280_00144	CDS	744	eno_2	4.2.1.11		Enolase
M6280_00145	CDS	678				hypothetical protein
M6280_00146	CDS	345	pstB3_1	7.3.2.1	COG1117	Phosphate import ATP-binding protein PstB 3
M6280_00147	CDS	156	pstB3_2	7.3.2.1	COG1117	Phosphate import ATP-binding protein PstB 3
M6280_00148	CDS	234				hypothetical protein
M6280_00149	CDS	630				hypothetical protein
M6280_00150	CDS	177				hypothetical protein
M6280_00151	CDS	651				hypothetical protein
M6280_00152	CDS	201				hypothetical protein
M6280_00153	CDS	387				hypothetical protein
M6280_00154	CDS	306				hypothetical protein
M6280_00155	CDS	744				hypothetical protein
M6280_00156	CDS	639				hypothetical protein
M6280_00157	CDS	294				hypothetical protein
M6280_00158	CDS	252				hypothetical protein
M6280_00159	CDS	495				hypothetical protein
M6280_00160	CDS	501				hypothetical protein
M6280_00161	CDS	645				hypothetical protein
M6280_00162	CDS	399	rpsI		COG0103	30S ribosomal protein S9
M6280_00163	CDS	186	rplM_1		COG0102	50S ribosomal protein L13
M6280_00164	CDS	231	rplM_2		COG0102	50S ribosomal protein L13
M6280_00165	CDS	117				hypothetical protein
M6280_00166	CDS	1107				hypothetical protein
M6280_00167	CDS	198	dnaX	2.7.7.7	COG2812	DNA polymerase III subunit tau
M6280_00168	CDS	1635	uvrA_1			UvrABC system protein A
M6280_00169	CDS	519	uvrA_2			UvrABC system protein A
M6280_00170	CDS	264				hypothetical protein
M6280_00171	CDS	270				hypothetical protein
M6280_00172	CDS	354				hypothetical protein
M6280_00173	CDS	153				hypothetical protein
M6280_00174	CDS	438				hypothetical protein
M6280_00175	CDS	192				hypothetical protein
M6280_00176	CDS	165				hypothetical protein
M6280_00177	CDS	1446	rnjB_1	3.1.-.-	COG0595	Ribonuclease J2
M6280_00178	CDS	162	rnjB_2	3.1.-.-	COG0595	Ribonuclease J2
M6280_00179	CDS	261	rpsO			30S ribosomal protein S15
M6280_00180	CDS	339	cshA	3.6.4.13	COG0513	DEAD-box ATP-dependent RNA helicase CshA
M6280_00181	CDS	948	rhpA	3.6.4.13		DEAD-box ATP-dependent RNA helicase RhpA
M6280_00182	CDS	195				hypothetical protein
M6280_00183	CDS	291		1.11.1.-	COG1765	Hydroperoxide reductase
M6280_00184	CDS	297				hypothetical protein
M6280_00185	CDS	231	ptsI_1	2.7.3.9	COG1080	Phosphoenolpyruvate-protein phosphotransferase
M6280_00186	CDS	498	ptsI_2	2.7.3.9		Phosphoenolpyruvate-protein phosphotransferase
M6280_00187	CDS	189				hypothetical protein
M6280_00188	CDS	720	ptsI_3	2.7.3.9		Phosphoenolpyruvate-protein phosphotransferase
M6280_00189	CDS	1524	gpmI	5.4.2.12		2,3-bisphosphoglycerate-independent phosphoglycerate mutase
M6280_00190	CDS	489	tpiA	5.3.1.1		Triosephosphate isomerase
M6280_00191	CDS	213				hypothetical protein
M6280_00192	CDS	276				hypothetical protein
M6280_00193	CDS	333				hypothetical protein
M6280_00194	CDS	117	TSFM			Elongation factor Ts, mitochondrial
M6280_00195	CDS	393	tsf		COG0264	Elongation factor Ts
M6280_00196	CDS	732	pyrH	2.7.4.22	COG0528	Uridylate kinase
M6280_00197	CDS	429	frr			Ribosome-recycling factor
M6280_00198	CDS	306				hypothetical protein
M6280_00199	CDS	90				hypothetical protein
M6280_00200	CDS	171				hypothetical protein
M6280_00201	CDS	516			COG0732	Putative type-1 restriction enzyme specificity protein MG438
M6280_00202	CDS	552			COG0732	Putative type-1 restriction enzyme specificity protein MG438
M6280_00203	CDS	354				hypothetical protein
M6280_00204	CDS	210				hypothetical protein
M6280_00205	CDS	573				hypothetical protein
M6280_00206	CDS	195				hypothetical protein
M6280_00207	CDS	813	rbgA		COG1161	Ribosome biogenesis GTPase A
M6280_00208	CDS	306				hypothetical protein
M6280_00209	CDS	498				hypothetical protein
M6280_00210	CDS	360	rplS		COG0335	50S ribosomal protein L19
M6280_00211	CDS	543	trmD	2.1.1.228		tRNA (guanine-N(1)-)-methyltransferase
M6280_00212	CDS	114				hypothetical protein
M6280_00213	CDS	156	rpsP		COG0228	30S ribosomal protein S16
M6280_00214	CDS	138				hypothetical protein
M6280_00215	CDS	930				hypothetical protein
M6280_00216	CDS	429				hypothetical protein
M6280_00217	CDS	186	msrB	1.8.4.12		Peptide methionine sulfoxide reductase MsrB
M6280_00218	CDS	204	msrAB		COG0225	Peptide methionine sulfoxide reductase MsrA/MsrB
M6280_00219	CDS	402				hypothetical protein
M6280_00220	CDS	126				hypothetical protein
M6280_00221	CDS	270				hypothetical protein
M6280_00222	CDS	309				hypothetical protein
M6280_00223	CDS	1185	tuf			Elongation factor Tu
M6280_00224	CDS	150				hypothetical protein
M6280_00225	CDS	378				hypothetical protein
M6280_00226	CDS	879	gtaB	2.7.7.9		UTP--glucose-1-phosphate uridylyltransferase
M6280_00227	CDS	468	ohrB		COG1764	Organic hydroperoxide resistance protein OhrB
M6280_00228	CDS	351	tyrS	6.1.1.1	COG0162	Tyrosine--tRNA ligase
M6280_00229	CDS	225	tyrS1	6.1.1.1	COG0162	Tyrosine--tRNA ligase 1
M6280_00230	CDS	333				hypothetical protein
M6280_00231	CDS	717				hypothetical protein
M6280_00232	CDS	279				hypothetical protein
M6280_00233	CDS	222				hypothetical protein
M6280_00234	CDS	1428	ftsH	3.4.24.-	COG0465	ATP-dependent zinc metalloprotease FtsH
M6280_00235	CDS	159				hypothetical protein
M6280_00236	CDS	159				hypothetical protein
M6280_00237	CDS	528	hpt	2.4.2.8		Hypoxanthine-guanine phosphoribosyltransferase
M6280_00238	CDS	309				hypothetical protein
M6280_00239	CDS	939	ldh	1.1.1.27		L-lactate dehydrogenase
M6280_00240	CDS	270				hypothetical protein
M6280_00241	CDS	759				hypothetical protein
M6280_00242	CDS	159	gltX_1	6.1.1.17		Glutamate--tRNA ligase
M6280_00243	CDS	222				hypothetical protein
M6280_00244	CDS	243	gltX_2	6.1.1.17		Glutamate--tRNA ligase
M6280_00245	CDS	498	gltX_3	6.1.1.17		Glutamate--tRNA ligase
M6280_00246	CDS	780	rsmA	2.1.1.182	COG0030	Ribosomal RNA small subunit methyltransferase A
M6280_00247	CDS	315				hypothetical protein
M6280_00248	CDS	429	yidC			Membrane protein insertase YidC
M6280_00249	CDS	147	rpmH		COG0230	50S ribosomal protein L34
M6280_00250	CDS	396	macB	3.6.3.-		Macrolide export ATP-binding/permease protein MacB
M6280_00251	CDS	354				putative ABC transporter permease MG468 
M6280_00252	CDS	1737				putative ABC transporter permease MG468 
M6280_00253	CDS	774				putative ABC transporter permease MG468 
M6280_00254	CDS	171				putative ABC transporter permease MG468 
M6280_00255	CDS	150				hypothetical protein
M6280_00256	CDS	204				putative ABC transporter permease MG468 
M6280_00257	CDS	876				putative ABC transporter permease MG468 
M6280_00258	CDS	849	btuD_1	7.6.2.8		Vitamin B12 import ATP-binding protein BtuD
M6280_00259	CDS	1314	dnaA			Chromosomal replication initiator protein DnaA
M6280_00260	CDS	246				putative protein MPN_687
M6280_00261	CDS	810			COG1192	putative protein
M6280_00262	CDS	1143	dnaN		COG0592	Beta sliding clamp
M6280_00263	CDS	246	dnaJ_1			Chaperone protein DnaJ
M6280_00264	CDS	156				hypothetical protein
M6280_00265	CDS	135	gyrB_1	5.6.2.2		DNA gyrase subunit B
M6280_00266	CDS	246	gyrB_2	5.6.2.2		DNA gyrase subunit B
M6280_00267	CDS	195	gyrB_3	5.6.2.2		DNA gyrase subunit B
M6280_00268	CDS	1029	gyrB_4	5.6.2.2		DNA gyrase subunit B
M6280_00269	CDS	153	gyrB_5	5.6.2.2		DNA gyrase subunit B
M6280_00270	CDS	2511	gyrA	5.6.2.2		DNA gyrase subunit A
M6280_00271	CDS	345	serS_1	6.1.1.11	COG0172	Serine--tRNA ligase
M6280_00272	CDS	240				hypothetical protein
M6280_00273	CDS	189	serS_2	6.1.1.11		Serine--tRNA ligase
M6280_00274	CDS	252	serS_3	6.1.1.11	COG0172	Serine--tRNA ligase
M6280_00275	CDS	633	tmk	2.7.4.9	COG0125	Thymidylate kinase
M6280_00276	CDS	168				hypothetical protein
M6280_00277	CDS	288				hypothetical protein
M6280_00278	CDS	1137	mnmE	3.6.-.-		tRNA modification GTPase MnmE
M6280_00279	CDS	642	ycfH	3.1.-.-	COG0084	putative metal-dependent hydrolase YcfH
M6280_00280	CDS	177				hypothetical protein
M6280_00281	CDS	228				hypothetical protein
M6280_00282	CDS	309				hypothetical protein
M6280_00283	CDS	489	rimK	6.3.2.-	COG0189	Ribosomal protein S6--L-glutamate ligase
M6280_00284	CDS	216				hypothetical protein
M6280_00285	CDS	636	folD		COG0190	Bifunctional protein FolD protein
M6280_00286	tRNA	76				tRNA-Ala(tgc)
M6280_00287	tRNA	77				tRNA-Ile(gat)
M6280_00288	CDS	756				hypothetical protein
M6280_00289	CDS	432				hypothetical protein
M6280_00290	CDS	426			COG1132	putative ABC transporter ATP-binding protein
M6280_00291	CDS	273				hypothetical protein
M6280_00292	CDS	615			COG1132	putative ABC transporter ATP-binding protein
M6280_00293	CDS	357			COG1132	putative ABC transporter ATP-binding protein
M6280_00294	CDS	372				hypothetical protein
M6280_00295	CDS	912				hypothetical protein
M6280_00296	CDS	435				hypothetical protein
M6280_00297	CDS	114				hypothetical protein
M6280_00298	CDS	552				hypothetical protein
M6280_00299	CDS	1170	dnaJ_2			Chaperone protein DnaJ
M6280_00300	CDS	201	pip	3.4.11.5	COG0596	Proline iminopeptidase
M6280_00301	CDS	168				hypothetical protein
M6280_00302	CDS	255				hypothetical protein
M6280_00303	CDS	243	metG_1	6.1.1.10		Methionine--tRNA ligase
M6280_00304	CDS	396	metG_2	6.1.1.10		Methionine--tRNA ligase
M6280_00305	CDS	237	metG_3	6.1.1.10		Methionine--tRNA ligase
M6280_00306	CDS	93				hypothetical protein
M6280_00307	CDS	213	rpoE			DNA-directed RNA polymerase subunit delta
M6280_00308	CDS	531	fba_1	4.1.2.13		Fructose-bisphosphate aldolase
M6280_00309	CDS	297	fba_2	4.1.2.13	COG0191	Fructose-bisphosphate aldolase
M6280_00310	CDS	888	ychF		COG0012	Ribosome-binding ATPase YchF
M6280_00311	CDS	108	OLA1			Obg-like ATPase 1
M6280_00312	CDS	222				hypothetical protein
M6280_00313	CDS	330				hypothetical protein
M6280_00314	CDS	120				hypothetical protein
M6280_00315	CDS	573	efp			Elongation factor P
M6280_00316	CDS	168			COG0781	putative protein MG027
M6280_00317	CDS	219			COG0781	putative protein MG027
M6280_00318	CDS	171				hypothetical protein
M6280_00319	CDS	594				hypothetical protein
M6280_00320	CDS	621	upp	2.4.2.9	COG0035	Uracil phosphoribosyltransferase
M6280_00321	CDS	462	polC_1	2.7.7.7		DNA polymerase III PolC-type
M6280_00322	CDS	204	polC_2	2.7.7.7		DNA polymerase III PolC-type
M6280_00323	CDS	255	polC_3	2.7.7.7		DNA polymerase III PolC-type
M6280_00324	CDS	435	polC_4	2.7.7.7		DNA polymerase III PolC-type
M6280_00325	CDS	171	polC_5	2.7.7.7		DNA polymerase III PolC-type
M6280_00326	CDS	675	polC_6	2.7.7.7		DNA polymerase III PolC-type
M6280_00327	CDS	468	polC_7	2.7.7.7		DNA polymerase III PolC-type
M6280_00328	CDS	90	polC_8	2.7.7.7		DNA polymerase III PolC-type
M6280_00329	CDS	294	polC_9	2.7.7.7		DNA polymerase III PolC-type
M6280_00330	CDS	201	polC_10	2.7.7.7		DNA polymerase III PolC-type
M6280_00331	CDS	981				hypothetical protein
M6280_00332	CDS	129				hypothetical protein
M6280_00333	CDS	243				hypothetical protein
M6280_00334	CDS	153				hypothetical protein
M6280_00335	CDS	123				hypothetical protein
M6280_00336	CDS	528	hisS_1	6.1.1.21		Histidine--tRNA ligase
M6280_00337	CDS	147				hypothetical protein
M6280_00338	CDS	249	hisS_2	6.1.1.21		Histidine--tRNA ligase
M6280_00339	CDS	537	aspS	6.1.1.12		Aspartate--tRNA(Asp/Asn) ligase
M6280_00340	CDS	225	aspS1	6.1.1.12	COG0173	Aspartate--tRNA(Asp) ligase
M6280_00341	CDS	162				hypothetical protein
M6280_00342	CDS	666				hypothetical protein
M6280_00343	CDS	96				hypothetical protein
M6280_00344	CDS	351				hypothetical protein
M6280_00345	CDS	180	glpK_1	2.7.1.30	COG0554	Glycerol kinase
M6280_00346	CDS	324	glpK_2	2.7.1.30		Glycerol kinase
M6280_00347	CDS	261				hypothetical protein
M6280_00348	CDS	90				hypothetical protein
M6280_00349	CDS	138	glpK_3	2.7.1.30	COG0554	Glycerol kinase
M6280_00350	CDS	375				putative protein MG039 
M6280_00351	CDS	135				putative protein MG039 
M6280_00352	CDS	219				putative protein MG039 
M6280_00353	CDS	276				hypothetical protein
M6280_00354	CDS	597				hypothetical protein
M6280_00355	CDS	246				hypothetical protein
M6280_00356	CDS	267	ptsH			Phosphocarrier protein HPr
M6280_00357	CDS	324	potA	7.6.2.11	COG3842	Spermidine/putrescine import ATP-binding protein PotA
M6280_00358	CDS	153				hypothetical protein
M6280_00359	CDS	330	cysA	7.3.2.3	COG1118	Sulfate/thiosulfate import ATP-binding protein CysA
M6280_00360	CDS	129				hypothetical protein
M6280_00361	CDS	495				hypothetical protein
M6280_00362	CDS	405				hypothetical protein
M6280_00363	CDS	378				hypothetical protein
M6280_00364	CDS	285				hypothetical protein
M6280_00365	CDS	834				hypothetical protein
M6280_00366	CDS	615	tsaD	2.3.1.234	COG0533	tRNA N6-adenosine threonylcarbamoyltransferase
M6280_00367	CDS	162	OSGEPL1	2.3.1.234		tRNA N6-adenosine threonylcarbamoyltransferase, mitochondrial
M6280_00368	CDS	231	metK_1	2.5.1.6		S-adenosylmethionine synthase
M6280_00369	CDS	516	metK_2	2.5.1.6		S-adenosylmethionine synthase
M6280_00370	CDS	258				hypothetical protein
M6280_00371	CDS	120	srp54			Signal recognition particle 54 kDa protein
M6280_00372	CDS	723	ffh_1		COG0541	Signal recognition particle protein
M6280_00373	CDS	336	ffh_2		COG0541	Signal recognition particle protein
M6280_00374	CDS	408	deoD_1	2.4.2.1	COG0813	Purine nucleoside phosphorylase DeoD-type
M6280_00375	CDS	363	deoD_2	2.4.2.1		Purine nucleoside phosphorylase DeoD-type
M6280_00376	CDS	672	deoC1	4.1.2.4		Deoxyribose-phosphate aldolase 1
M6280_00377	CDS	924	pdp	2.4.2.2	COG0213	Pyrimidine-nucleoside phosphorylase
M6280_00378	CDS	138				hypothetical protein
M6280_00379	CDS	393	cdd	3.5.4.5	COG0295	Cytidine deaminase
M6280_00380	CDS	948	pgcA	5.4.2.2		Phosphoglucomutase
M6280_00381	CDS	327		5.4.2.8	COG1109	putative phosphomannomutase
M6280_00382	CDS	219				hypothetical protein
M6280_00383	CDS	522	nusG_1			Transcription termination/antitermination protein NusG
M6280_00384	CDS	324	nusG_2			Transcription termination/antitermination protein NusG
M6280_00385	CDS	216				hypothetical protein
M6280_00386	CDS	243				hypothetical protein
M6280_00387	CDS	102				hypothetical protein
M6280_00388	CDS	600	rsmI	2.1.1.198	COG0313	Ribosomal RNA small subunit methyltransferase I
M6280_00389	CDS	384	rnmV	3.1.26.8	COG1658	Ribonuclease M5
M6280_00390	CDS	1092	prs	2.7.6.1	COG0462	Ribose-phosphate pyrophosphokinase
M6280_00391	CDS	351	smpB		COG0691	SsrA-binding protein
M6280_00392	CDS	216	tarS	2.4.1.355		Poly(ribitol-phosphate) beta-N-acetylglucosaminyltransferase TarS
M6280_00393	CDS	423				hypothetical protein
M6280_00394	CDS	447				hypothetical protein
M6280_00395	CDS	711				hypothetical protein
M6280_00396	CDS	234				hypothetical protein
M6280_00397	tRNA	89				tRNA-Ser(gct)
M6280_00398	CDS	267				hypothetical protein
M6280_00399	CDS	1749	fruA		COG1299	PTS system fructose-specific EIIABC component
M6280_00400	CDS	768	fruK	2.7.1.56		Putative 1-phosphofructokinase
M6280_00401	CDS	204				hypothetical protein
M6280_00402	CDS	891				hypothetical protein
M6280_00403	CDS	309				hypothetical protein
M6280_00404	CDS	207				hypothetical protein
M6280_00405	CDS	153				hypothetical protein
M6280_00406	CDS	495				hypothetical protein
M6280_00407	CDS	1056				hypothetical protein
M6280_00408	CDS	201				hypothetical protein
M6280_00409	CDS	684	bceA		COG1136	Bacitracin export ATP-binding protein BceA
M6280_00410	CDS	852	tkt_1	2.2.1.1		Transketolase
M6280_00411	CDS	1041	tkt_2	2.2.1.1		Transketolase
M6280_00412	CDS	210				hypothetical protein
M6280_00413	CDS	285				hypothetical protein
M6280_00414	CDS	1425				hypothetical protein
M6280_00415	CDS	231				hypothetical protein
M6280_00416	CDS	213				hypothetical protein
M6280_00417	CDS	276				hypothetical protein
M6280_00418	CDS	237				hypothetical protein
M6280_00419	CDS	333				hypothetical protein
M6280_00420	CDS	252				hypothetical protein
M6280_00421	CDS	246				hypothetical protein
M6280_00422	CDS	177				hypothetical protein
M6280_00423	CDS	366				hypothetical protein
M6280_00424	CDS	996				hypothetical protein
M6280_00425	CDS	144				hypothetical protein
M6280_00426	CDS	162				hypothetical protein
M6280_00427	CDS	153				hypothetical protein
M6280_00428	CDS	144	mgpA_1			Adhesin P1
M6280_00429	CDS	156				hypothetical protein
M6280_00430	CDS	273	mgpA_2			Adhesin P1
M6280_00431	CDS	342	mgpA_3			Adhesin P1
M6280_00432	CDS	150	mgpA_4			Adhesin P1
M6280_00433	CDS	510	mgpA_5			Adhesin P1
M6280_00434	CDS	768	nrnA_2	3.1.-.-		Bifunctional oligoribonuclease and PAP phosphatase NrnA
M6280_00435	CDS	198				hypothetical protein
M6280_00436	CDS	201				hypothetical protein
M6280_00437	CDS	156				hypothetical protein
M6280_00438	CDS	303				hypothetical protein
M6280_00439	CDS	564	araP		COG1175	L-arabinose transport system permease protein AraP
M6280_00440	CDS	282				hypothetical protein
M6280_00441	CDS	219				Putative ABC transporter ATP-binding protein MG187 
M6280_00442	CDS	705				Putative ABC transporter ATP-binding protein MG187 
M6280_00443	CDS	294				Putative ABC transporter ATP-binding protein MG187 
M6280_00444	CDS	330				Putative ABC transporter ATP-binding protein MG187 
M6280_00445	CDS	273				putative lipoprotein MG186 
M6280_00446	CDS	177				hypothetical protein
M6280_00447	CDS	159				hypothetical protein
M6280_00448	CDS	303				hypothetical protein
M6280_00449	CDS	177				hypothetical protein
M6280_00450	CDS	276				hypothetical protein
M6280_00451	CDS	360				hypothetical protein
M6280_00452	CDS	1185				hypothetical protein
M6280_00453	CDS	165				hypothetical protein
M6280_00454	CDS	627				hypothetical protein
M6280_00455	CDS	195				hypothetical protein
M6280_00456	CDS	750				hypothetical protein
M6280_00457	CDS	645	pepF1	3.4.24.-		Oligoendopeptidase F, plasmid
M6280_00458	CDS	357				hypothetical protein
M6280_00459	CDS	645				hypothetical protein
M6280_00460	CDS	645	truA	5.4.99.12	COG0101	tRNA pseudouridine synthase A
M6280_00461	CDS	417	ecfT_1			Energy-coupling factor transporter transmembrane protein EcfT
M6280_00462	CDS	462				hypothetical protein
M6280_00463	CDS	336	ecfT_2			Energy-coupling factor transporter transmembrane protein EcfT
M6280_00464	CDS	915	ecfA2	3.6.3.-		Energy-coupling factor transporter ATP-binding protein EcfA2
M6280_00465	CDS	813	ecfA1_1	7.-.-.-	COG1122	Energy-coupling factor transporter ATP-binding protein EcfA1
M6280_00466	CDS	327	rplQ		COG0203	50S ribosomal protein L17
M6280_00467	CDS	582	rpoA_1	2.7.7.6	COG0202	DNA-directed RNA polymerase subunit alpha
M6280_00468	CDS	330	rpoA_2	2.7.7.6		DNA-directed RNA polymerase subunit alpha
M6280_00469	CDS	180	rpsK		COG0100	30S ribosomal protein S11
M6280_00470	CDS	258	rpsM			30S ribosomal protein S13
M6280_00471	CDS	213	infA			Translation initiation factor IF-1
M6280_00472	CDS	747	map	3.4.11.18	COG0024	Methionine aminopeptidase 1
M6280_00473	CDS	645	adk	2.7.4.3		Adenylate kinase
M6280_00474	CDS	1428	secY			Protein translocase subunit SecY
M6280_00475	CDS	453	rplO			50S ribosomal protein L15
M6280_00476	CDS	636				hypothetical protein
M6280_00477	CDS	390	rplR		COG0256	50S ribosomal protein L18
M6280_00478	CDS	462	rplF		COG0097	50S ribosomal protein L6
M6280_00479	CDS	426	rpsH		COG0096	30S ribosomal protein S8
M6280_00480	CDS	183	rpsN1		COG0199	30S ribosomal protein S14
M6280_00481	CDS	291	rplE			50S ribosomal protein L5
M6280_00482	CDS	327	rplX		COG0198	50S ribosomal protein L24
M6280_00483	CDS	369	rplN			50S ribosomal protein L14
M6280_00484	CDS	225	rpsQ			30S ribosomal protein S17
M6280_00485	CDS	195				hypothetical protein
M6280_00486	CDS	174	rplP_1		COG0197	50S ribosomal protein L16
M6280_00487	CDS	195	rplP_2			50S ribosomal protein L16
M6280_00488	CDS	651				hypothetical protein
M6280_00489	CDS	435				hypothetical protein
M6280_00490	CDS	264	rpsS			30S ribosomal protein S19
M6280_00491	CDS	858	rplB			50S ribosomal protein L2
M6280_00492	CDS	321	rplW			50S ribosomal protein L23
M6280_00493	CDS	636	rplD		COG0088	50S ribosomal protein L4
M6280_00494	CDS	378				hypothetical protein
M6280_00495	CDS	378	rplC		COG0087	50S ribosomal protein L3
M6280_00496	CDS	321	rpsJ			30S ribosomal protein S10
M6280_00497	CDS	93				hypothetical protein
M6280_00498	CDS	708				hypothetical protein
M6280_00499	CDS	465				hypothetical protein
M6280_00500	CDS	255				hypothetical protein
M6280_00501	CDS	153				hypothetical protein
M6280_00502	CDS	252				hypothetical protein
M6280_00503	CDS	654				hypothetical protein
M6280_00504	CDS	177				hypothetical protein
M6280_00505	CDS	396				hypothetical protein
M6280_00506	CDS	201				hypothetical protein
M6280_00507	CDS	126				hypothetical protein
M6280_00508	CDS	810	ribF		COG0196	Bifunctional riboflavin kinase/FMN adenylyltransferase
M6280_00509	CDS	159				hypothetical protein
M6280_00510	CDS	108				hypothetical protein
M6280_00511	CDS	426				hypothetical protein
M6280_00512	CDS	339	rbfA			Ribosome-binding factor A
M6280_00513	CDS	216				hypothetical protein
M6280_00514	CDS	1599	infB			Translation initiation factor IF-2
M6280_00515	CDS	273				hypothetical protein
M6280_00516	CDS	399	nusA_1			Transcription termination/antitermination protein NusA
M6280_00517	CDS	390	nusA_2			Transcription termination/antitermination protein NusA
M6280_00518	CDS	609	nusA_3			Transcription termination/antitermination protein NusA
M6280_00519	CDS	579				hypothetical protein
M6280_00520	CDS	135				hypothetical protein
M6280_00521	CDS	693				hypothetical protein
M6280_00522	CDS	321				hypothetical protein
M6280_00523	CDS	852				hypothetical protein
M6280_00524	CDS	291				hypothetical protein
M6280_00525	CDS	360				hypothetical protein
M6280_00526	CDS	174				hypothetical protein
M6280_00527	CDS	210				hypothetical protein
M6280_00528	CDS	279				hypothetical protein
M6280_00529	CDS	138				hypothetical protein
M6280_00530	CDS	330				hypothetical protein
M6280_00531	CDS	1659	rnjA	3.1.-.-	COG0595	Ribonuclease J1
M6280_00532	CDS	1797	lepA	3.6.5.-		Elongation factor 4
M6280_00533	CDS	189				hypothetical protein
M6280_00534	CDS	816	fcf2	5.4.99.59		dTDP-fucopyranose mutase
M6280_00535	CDS	534	lysS_1	6.1.1.6		Lysine--tRNA ligase
M6280_00536	CDS	399	lysS_2	6.1.1.6	COG1190	Lysine--tRNA ligase
M6280_00537	CDS	429	lysS_3	6.1.1.6		Lysine--tRNA ligase
M6280_00538	CDS	630				hypothetical protein
M6280_00539	CDS	192				hypothetical protein
M6280_00540	CDS	303	ybaB			Nucleoid-associated protein YbaB
M6280_00541	CDS	117				hypothetical protein
M6280_00542	CDS	426	hit		COG0537	Protein hit
M6280_00543	CDS	282				hypothetical protein
M6280_00544	CDS	288				hypothetical protein
M6280_00545	CDS	111				hypothetical protein
M6280_00546	CDS	1293	rny_1	3.1.-.-		Ribonuclease Y
M6280_00547	CDS	336				hypothetical protein
M6280_00548	CDS	780	nadK	2.7.1.23		NAD kinase
M6280_00549	CDS	438	spxA			Regulatory protein Spx
M6280_00550	CDS	1044	trpS	6.1.1.2		Tryptophan--tRNA ligase
M6280_00551	CDS	156				hypothetical protein
M6280_00552	CDS	690				hypothetical protein
M6280_00553	CDS	303				hypothetical protein
M6280_00554	CDS	993	rny_2	3.1.-.-		Ribonuclease Y
M6280_00555	CDS	312	topA_1	5.6.2.1		DNA topoisomerase 1
M6280_00556	CDS	1440	topA_2	5.6.2.1		DNA topoisomerase 1
M6280_00557	CDS	162	topA_3	5.6.2.1		DNA topoisomerase 1
M6280_00558	CDS	423				hypothetical protein
M6280_00559	CDS	198				hypothetical protein
M6280_00560	CDS	183				hypothetical protein
M6280_00561	CDS	429				hypothetical protein
M6280_00562	CDS	135				hypothetical protein
M6280_00563	CDS	441				hypothetical protein
M6280_00564	CDS	381				hypothetical protein
M6280_00565	CDS	1164	btuD_2	7.6.2.8		Vitamin B12 import ATP-binding protein BtuD
M6280_00566	CDS	237				hypothetical protein
M6280_00567	CDS	741	galE	5.1.3.2	COG1087	UDP-glucose 4-epimerase
M6280_00568	CDS	354				hypothetical protein
M6280_00569	CDS	204				hypothetical protein
M6280_00570	CDS	126				hypothetical protein
M6280_00571	CDS	534				hypothetical protein
M6280_00572	CDS	474				Protein MG115 
M6280_00573	CDS	147				hypothetical protein
M6280_00574	CDS	303				hypothetical protein
M6280_00575	CDS	135	asnS_1	6.1.1.22	COG0017	Asparagine--tRNA ligase
M6280_00576	CDS	936	asnS_2	6.1.1.22	COG0017	Asparagine--tRNA ligase
M6280_00577	CDS	234				hypothetical protein
M6280_00578	CDS	630	rpe	5.1.3.1	COG0036	Ribulose-phosphate 3-epimerase
M6280_00579	CDS	375	pgi_1	5.3.1.9	COG0166	Glucose-6-phosphate isomerase
M6280_00580	CDS	756	pgi_2	5.3.1.9	COG0166	Glucose-6-phosphate isomerase
M6280_00581	CDS	528	rsgA_1	3.6.1.-	COG1162	Small ribosomal subunit biogenesis GTPase RsgA
M6280_00582	CDS	141	rsgA_2	3.6.1.-		Small ribosomal subunit biogenesis GTPase RsgA
M6280_00583	CDS	96				hypothetical protein
M6280_00584	CDS	924	prkC	2.7.11.1		Serine/threonine-protein kinase PrkC
M6280_00585	CDS	315				hypothetical protein
M6280_00586	CDS	216				hypothetical protein
M6280_00587	CDS	570	gmk	2.7.4.8	COG0194	Guanylate kinase
M6280_00588	CDS	213				hypothetical protein
M6280_00589	CDS	252	cdaS	2.7.7.85		Diadenylate cyclase CdaS
M6280_00590	CDS	117				hypothetical protein
M6280_00591	CDS	414	rnr_1	3.1.13.1	COG0557	Ribonuclease R
M6280_00592	CDS	1287	rnr_2	3.1.13.1	COG0557	Ribonuclease R
M6280_00593	CDS	162				hypothetical protein
M6280_00594	CDS	234				hypothetical protein
M6280_00595	CDS	606	whiA			cell division protein WhiA
M6280_00596	CDS	948	trxB	1.8.1.9	COG0492	Thioredoxin reductase
M6280_00597	CDS	450				hypothetical protein
M6280_00598	CDS	1434	gatB	6.3.5.-	COG0064	Aspartyl/glutamyl-tRNA(Asn/Gln) amidotransferase subunit B
M6280_00599	CDS	552	gatA_1	6.3.5.7	COG0154	Glutamyl-tRNA(Gln) amidotransferase subunit A
M6280_00600	CDS	810	gatA_2	6.3.5.7	COG0154	Glutamyl-tRNA(Gln) amidotransferase subunit A
M6280_00601	CDS	459	GATC	6.3.5.-		Glutamyl-tRNA(Gln) amidotransferase subunit C, chloroplastic/mitochondrial
M6280_00602	CDS	135				hypothetical protein
M6280_00603	CDS	738				hypothetical protein
M6280_00604	CDS	228		3.2.2.27		Uracil-DNA glycosylase
M6280_00605	CDS	270				hypothetical protein
M6280_00606	CDS	1632				hypothetical protein
M6280_00607	CDS	174				hypothetical protein
M6280_00608	CDS	129				hypothetical protein
M6280_00609	CDS	348				hypothetical protein
M6280_00610	CDS	708	dnaB	3.6.4.12	COG0305	Replicative DNA helicase
M6280_00611	CDS	630				hypothetical protein
M6280_00612	CDS	453	rplI		COG0359	50S ribosomal protein L9
M6280_00613	CDS	315				hypothetical protein
M6280_00614	CDS	291				hypothetical protein
M6280_00615	CDS	471				hypothetical protein
M6280_00616	CDS	1659	fusA_1		COG0480	Elongation factor G
M6280_00617	CDS	126	fusA_2		COG0480	Elongation factor G
M6280_00618	CDS	216	fusA_3		COG0480	Elongation factor G
M6280_00619	CDS	468	rpsG			30S ribosomal protein S7
M6280_00620	CDS	420	rpsL		COG0048	30S ribosomal protein S12
M6280_00621	CDS	165				hypothetical protein
M6280_00622	CDS	807	lgt	2.5.1.145		Phosphatidylglycerol--prolipoprotein diacylglyceryl transferase
M6280_00623	CDS	936	hprK	2.7.11.-		HPr kinase/phosphorylase
M6280_00624	CDS	345				hypothetical protein
M6280_00625	CDS	99				hypothetical protein
M6280_00626	CDS	213	tilS	6.3.4.19		tRNA(Ile)-lysidine synthase
M6280_00627	CDS	570	pth	3.1.1.29		Peptidyl-tRNA hydrolase
M6280_00628	CDS	327	rplA_1			50S ribosomal protein L1
M6280_00629	CDS	318	rplA_2		COG0081	50S ribosomal protein L1
M6280_00630	CDS	414	rplK		COG0080	50S ribosomal protein L11
M6280_00631	CDS	1107	btuD_3	7.6.2.8		Vitamin B12 import ATP-binding protein BtuD
M6280_00632	CDS	1350				hypothetical protein
M6280_00633	CDS	1113	oppD		COG0444	Oligopeptide transport ATP-binding protein OppD
M6280_00634	CDS	345				hypothetical protein
M6280_00635	CDS	114				hypothetical protein
M6280_00636	CDS	486				hypothetical protein
M6280_00637	CDS	171				hypothetical protein
M6280_00638	CDS	744			COG0601	Putative peptide transport permease protein
M6280_00639	CDS	201				hypothetical protein
M6280_00640	CDS	417				hypothetical protein
M6280_00641	CDS	312				hypothetical protein
M6280_00642	CDS	2397				hypothetical protein
M6280_00643	CDS	207				hypothetical protein
M6280_00644	CDS	1971	uvrB			UvrABC system protein B
M6280_00645	CDS	249				hypothetical protein
M6280_00646	CDS	915	secA1			Protein translocase subunit SecA 1
M6280_00647	CDS	1248	secA		COG0653	Protein translocase subunit SecA
M6280_00648	CDS	228				hypothetical protein
M6280_00649	CDS	441	pacL	7.2.2.10	COG0474	Calcium-transporting ATPase
M6280_00650	CDS	495		7.2.2.10		Calcium-transporting ATPase 1
M6280_00651	CDS	273	yoaB_1	7.2.2.10	COG0474	Calcium-transporting ATPase 1
M6280_00652	CDS	396	yoaB_2	7.2.2.10	COG0474	Calcium-transporting ATPase 1
M6280_00653	CDS	279				hypothetical protein
M6280_00654	CDS	216				hypothetical protein
M6280_00655	CDS	93				hypothetical protein
M6280_00656	CDS	582	ptsG_1	2.7.1.199		PTS system glucose-specific EIICBA component
M6280_00657	CDS	402	ptsG_2	2.7.1.199	COG1263	PTS system glucose-specific EIICBA component
M6280_00658	CDS	93				hypothetical protein
M6280_00659	CDS	207	ptsG_3	2.7.1.199		PTS system glucose-specific EIICBA component
M6280_00660	CDS	258				hypothetical protein
M6280_00661	CDS	309	ptsG_4	2.7.1.199	COG1263	PTS system glucose-specific EIICBA component
M6280_00662	CDS	183				hypothetical protein
M6280_00663	rRNA	74				5S ribosomal RNA (partial)
M6280_00664	rRNA	2907				23S ribosomal RNA
M6280_00665	rRNA	1514				16S ribosomal RNA
M6280_00666	CDS	1146				hypothetical protein
M6280_00667	CDS	636				hypothetical protein
M6280_00668	CDS	432				hypothetical protein
M6280_00669	CDS	276	prmC	2.1.1.297		Release factor glutamine methyltransferase
M6280_00670	CDS	126				hypothetical protein
M6280_00671	CDS	606	prfA_1		COG0216	Peptide chain release factor 1
M6280_00672	CDS	441	prfA_2			Peptide chain release factor 1
M6280_00673	CDS	294				hypothetical protein
M6280_00674	CDS	141				hypothetical protein
M6280_00675	CDS	249				hypothetical protein
M6280_00676	tRNA	75				tRNA-Arg(cct)
M6280_00677	CDS	741				hypothetical protein
M6280_00678	CDS	294				hypothetical protein
M6280_00679	tRNA	74				tRNA-Gly(gcc)
M6280_00680	CDS	714	ligA_1	6.5.1.2	COG0272	DNA ligase
M6280_00681	CDS	1197	ligA_2	6.5.1.2	COG0272	DNA ligase
M6280_00682	CDS	540	cysS_1	6.1.1.16	COG0215	Cysteine--tRNA ligase
M6280_00683	CDS	261	cysS_2	6.1.1.16	COG0215	Cysteine--tRNA ligase
M6280_00684	CDS	168				hypothetical protein
M6280_00685	CDS	306		2.1.1.-		Putative TrmH family tRNA/rRNA methyltransferase
M6280_00686	CDS	228	glyQS_1	6.1.1.14	COG0423	Glycine--tRNA ligase
M6280_00687	CDS	438	glyQS_2	6.1.1.14	COG0423	Glycine--tRNA ligase
M6280_00688	CDS	252	glyQS_3	6.1.1.14		Glycine--tRNA ligase
M6280_00689	CDS	174	glyQS_4	6.1.1.14		Glycine--tRNA ligase
M6280_00690	CDS	243	dnaG_1	2.7.7.-	COG0358	DNA primase
M6280_00691	CDS	630	dnaG_2	2.7.7.-	COG0358	DNA primase
M6280_00692	CDS	201				hypothetical protein
M6280_00693	CDS	126				hypothetical protein
M6280_00694	CDS	135				hypothetical protein
M6280_00695	CDS	366				hypothetical protein
M6280_00696	CDS	405	rpoD			RNA polymerase sigma factor RpoD
M6280_00697	CDS	516	sigA		COG0568	RNA polymerase sigma factor SigA
M6280_00698	CDS	657				hypothetical protein
M6280_00699	CDS	237	plsY	2.3.1.275		Glycerol-3-phosphate acyltransferase
M6280_00700	CDS	186				hypothetical protein
M6280_00701	CDS	645		3.1.-.-		Putative phosphatase/phosphodiesterase MPN_349
M6280_00702	CDS	156		3.1.-.-		Putative phosphatase/phosphodiesterase MPN_349
M6280_00703	CDS	498		6.3.3.2		5-formyltetrahydrofolate cyclo-ligase
M6280_00704	CDS	558	pcrA_1	3.6.4.12		ATP-dependent DNA helicase PcrA
M6280_00705	CDS	360				hypothetical protein
M6280_00706	CDS	765	pcrA_2	3.6.4.12		ATP-dependent DNA helicase PcrA
M6280_00707	CDS	372				hypothetical protein
M6280_00708	CDS	294				hypothetical protein
M6280_00709	CDS	165				hypothetical protein
M6280_00710	CDS	117				hypothetical protein
M6280_00711	CDS	219				hypothetical protein
M6280_00712	CDS	681				hypothetical protein
M6280_00713	CDS	489				hypothetical protein
M6280_00714	CDS	486				hypothetical protein
M6280_00715	CDS	105				hypothetical protein
M6280_00716	CDS	459				hypothetical protein
M6280_00717	CDS	345	nadD	2.7.7.18	COG1057	putative nicotinate-nucleotide adenylyltransferase
M6280_00718	CDS	402				hypothetical protein
M6280_00719	CDS	219				hypothetical protein
M6280_00720	CDS	1266	lon1_1	3.4.21.53	COG0466	Lon protease 1
M6280_00721	CDS	978	lon1_2	3.4.21.53	COG0466	Lon protease 1
M6280_00722	CDS	1224	tig	5.2.1.8	COG0544	Trigger factor
M6280_00723	CDS	885				putative protein MG237 
M6280_00724	CDS	423				hypothetical protein
M6280_00725	CDS	846	nfo	3.1.21.2	COG0648	putative endonuclease 4
M6280_00726	CDS	315	rpmA		COG0211	50S ribosomal protein L27
M6280_00727	CDS	300				hypothetical protein
M6280_00728	CDS	303	rplU		COG0261	50S ribosomal protein L21
M6280_00729	CDS	459	nrdE	1.17.4.1	COG0209	Ribonucleoside-diphosphate reductase subunit alpha
M6280_00730	CDS	1629	nrdE2	1.17.4.1	COG0209	Ribonucleoside-diphosphate reductase subunit alpha 2
M6280_00731	CDS	462	nrdI		COG1780	Protein NrdI
M6280_00732	CDS	672	nrdF	1.17.4.1	COG0208	Ribonucleoside-diphosphate reductase 2 subunit beta
M6280_00733	CDS	132				hypothetical protein
M6280_00734	CDS	192				hypothetical protein
M6280_00735	CDS	231	dhfR	1.5.1.3	COG0262	Dihydrofolate reductase
M6280_00736	CDS	372	thyA	2.1.1.45	COG0207	Thymidylate synthase
M6280_00737	CDS	183	thyA2	2.1.1.45	COG0207	Thymidylate synthase 2
M6280_00738	CDS	165				hypothetical protein
M6280_00739	CDS	1278				hypothetical protein
M6280_00740	CDS	966				hypothetical protein
M6280_00741	CDS	174				hypothetical protein
M6280_00742	CDS	288				hypothetical protein
M6280_00743	CDS	171				hypothetical protein
M6280_00744	CDS	891	ftsZ			Cell division protein FtsZ
M6280_00745	CDS	1236				hypothetical protein
M6280_00746	CDS	930	rsmH	2.1.1.199	COG0275	Ribosomal RNA small subunit methyltransferase H
M6280_00747	CDS	465	mraZ			Transcriptional regulator MraZ
M6280_00748	tRNA	77				tRNA-Arg(gcg)
M6280_00749	CDS	204				hypothetical protein
M6280_00750	CDS	444				hypothetical protein
M6280_00751	CDS	309				putative protein MG218.1
M6280_00752	CDS	696				putative protein MG218.1
M6280_00753	CDS	477	hmw2_1			Cytadherence high molecular weight protein 2
M6280_00754	CDS	675	hmw2_2			Cytadherence high molecular weight protein 2
M6280_00755	CDS	3153	hmw2_3			Cytadherence high molecular weight protein 2
M6280_00756	CDS	93				hypothetical protein
M6280_00757	CDS	1149				hypothetical protein
M6280_00758	tRNA	76				tRNA-Phe(gaa)
M6280_00759	tRNA	74				tRNA-Asp(gtc)
M6280_00760	tRNA	77				tRNA-Met(cat)
M6280_00761	tRNA	92				tRNA-Ser(tga)
M6280_00762	tRNA	77				tRNA-Met(cat)
M6280_00763	tRNA	77				tRNA-Met(cat)
M6280_00764	tRNA	77				tRNA-Pro(tgg)
M6280_00765	tRNA	77				tRNA-Cys(gca)
M6280_00766	CDS	294	pyk_1	2.7.1.40		Pyruvate kinase
M6280_00767	CDS	864	pyk_2	2.7.1.40		Pyruvate kinase
M6280_00768	CDS	468	pfkA_1	2.7.1.11		ATP-dependent 6-phosphofructokinase
M6280_00769	CDS	420	pfkA_2	2.7.1.11	COG0205	ATP-dependent 6-phosphofructokinase isozyme 1
M6280_00770	CDS	624	scpB		COG1386	Segregation and condensation protein B
M6280_00771	CDS	885	scpA			Segregation and condensation protein A
M6280_00772	CDS	189				hypothetical protein
M6280_00773	CDS	588				hypothetical protein
M6280_00774	CDS	195				hypothetical protein
M6280_00775	CDS	117				hypothetical protein
M6280_00776	CDS	399				hypothetical protein
M6280_00777	CDS	189				hypothetical protein
M6280_00778	CDS	246				hypothetical protein
M6280_00779	CDS	339	lspA	3.4.23.36		Lipoprotein signal peptidase
M6280_00780	CDS	927	rluD	5.4.99.23	COG0564	Ribosomal large subunit pseudouridine synthase D
M6280_00781	CDS	591				hypothetical protein
M6280_00782	CDS	345		3.1.4.-		Putative metallophosphoesterase MG207 
M6280_00783	CDS	159		3.1.4.-		Putative metallophosphoesterase MG207 
M6280_00784	CDS	1461	uvrC		COG0322	UvrABC system protein C
M6280_00785	CDS	795	hrcA_1		COG1420	Heat-inducible transcription repressor HrcA
M6280_00786	CDS	231	hrcA_2			Heat-inducible transcription repressor HrcA
M6280_00787	CDS	2013	parC_1	5.6.2.2	COG0188	DNA topoisomerase 4 subunit A
M6280_00788	CDS	288	parC_2	5.6.2.2	COG0188	DNA topoisomerase 4 subunit A
M6280_00789	CDS	147	parE_1	5.6.2.2	COG0187	DNA topoisomerase 4 subunit B
M6280_00790	CDS	1746	parE_2	5.6.2.2	COG0187	DNA topoisomerase 4 subunit B
M6280_00791	tRNA	74				tRNA-Thr(ggt)
M6280_00792	CDS	369				hypothetical protein
M6280_00793	CDS	201	grpE_1			Protein GrpE
M6280_00794	CDS	453	grpE_2			Protein GrpE
M6280_00795	CDS	966				DnaJ-like protein MG200
M6280_00796	CDS	567				DnaJ-like protein MG200
M6280_00797	CDS	708	rnhC	3.1.26.4	COG1039	Ribonuclease HIII
M6280_00798	CDS	375	rplT			50S ribosomal protein L20
M6280_00799	CDS	180	rpmI			50S ribosomal protein L35
M6280_00800	CDS	546	infC			Translation initiation factor IF-3
M6280_00801	CDS	150				hypothetical protein
M6280_00802	CDS	402				hypothetical protein
M6280_00803	CDS	384				hypothetical protein
M6280_00804	CDS	645	pheT_1	6.1.1.20		Phenylalanine--tRNA ligase beta subunit
M6280_00805	CDS	228				hypothetical protein
M6280_00806	CDS	474	pheT_2	6.1.1.20	COG0072	Phenylalanine--tRNA ligase beta subunit
M6280_00807	CDS	153	pheS_1	6.1.1.20		Phenylalanine--tRNA ligase alpha subunit
M6280_00808	CDS	561	pheS_2	6.1.1.20		Phenylalanine--tRNA ligase alpha subunit
M6280_00809	CDS	285				hypothetical protein
M6280_00810	CDS	174				hypothetical protein
M6280_00811	CDS	1023	recA			Protein RecA
M6280_00812	CDS	204				hypothetical protein
M6280_00813	CDS	144				hypothetical protein
M6280_00814	CDS	165				hypothetical protein
M6280_00815	CDS	141				hypothetical protein
M6280_00816	CDS	306				hypothetical protein
M6280_00817	CDS	519				hypothetical protein
M6280_00818	CDS	198				hypothetical protein
M6280_00819	CDS	159				hypothetical protein
M6280_00820	CDS	258				hypothetical protein
M6280_00821	CDS	357				hypothetical protein
M6280_00822	CDS	177				hypothetical protein
M6280_00823	CDS	417				hypothetical protein
M6280_00824	CDS	456	sufS	4.4.1.16		Cysteine desulfurase
M6280_00825	CDS	384	csdA	2.8.1.7	COG0520	Cysteine desulfurase CsdA
M6280_00826	CDS	207		2.4.1.-	COG0463	Processive diacylglycerol beta-glycosyltransferase
M6280_00827	CDS	513		2.4.1.-	COG0463	Processive diacylglycerol beta-glycosyltransferase
M6280_00828	CDS	222				hypothetical protein
M6280_00829	CDS	576	engB			GTP-binding protein EngB
M6280_00830	CDS	189	valS_1	6.1.1.9	COG0525	Valine--tRNA ligase
M6280_00831	CDS	162	valS_2	6.1.1.9		Valine--tRNA ligase
M6280_00832	CDS	135				hypothetical protein
M6280_00833	CDS	234	valS_3	6.1.1.9		Valine--tRNA ligase
M6280_00834	CDS	123				hypothetical protein
M6280_00835	CDS	165	azoR	1.7.1.17		FMN-dependent NADH-azoreductase
M6280_00836	CDS	138				hypothetical protein
M6280_00837	CDS	720			COG0217	putative transcriptional regulatory protein
M6280_00838	CDS	102				hypothetical protein
M6280_00839	CDS	198				hypothetical protein
M6280_00840	CDS	210				hypothetical protein
M6280_00841	CDS	447	cmk	2.7.4.25	COG0283	Cytidylate kinase
M6280_00842	CDS	1347	der		COG1160	GTPase Der
M6280_00843	CDS	1386				hypothetical protein
M6280_00844	CDS	471				hypothetical protein
M6280_00845	CDS	807	menH	4.2.99.20		2-succinyl-6-hydroxy-2,4-cyclohexadiene-1-carboxylate synthase
M6280_00846	CDS	393				hypothetical protein
M6280_00847	CDS	495				hypothetical protein
M6280_00848	CDS	162	rpmGA			50S ribosomal protein L33 1
M6280_00849	CDS	102				hypothetical protein
M6280_00850	CDS	168				hypothetical protein
M6280_00851	CDS	648	ypdF	3.4.11.-	COG0006	Aminopeptidase YpdF
M6280_00852	CDS	270				hypothetical protein
M6280_00853	CDS	159				hypothetical protein
M6280_00854	tmRNA	388	ssrA			transfer-messenger RNA, SsrA
M6280_00855	CDS	684	ktrA		COG0569	Ktr system potassium uptake protein A
M6280_00856	CDS	1311	ktrB		COG0168	Ktr system potassium uptake protein B
M6280_00857	tRNA	75				tRNA-Asn(gtt)
M6280_00858	tRNA	77				tRNA-Glu(ttc)
M6280_00859	tRNA	75				tRNA-Thr(cgt)
M6280_00860	tRNA	76				tRNA-Val(tac)
M6280_00861	tRNA	76				tRNA-Thr(tgt)
M6280_00862	tRNA	76				tRNA-Lys(ctt)
M6280_00863	tRNA	85				tRNA-Leu(tag)
M6280_00864	CDS	1023				putative lipoprotein MG321 
M6280_00865	CDS	405				putative lipoprotein MG321 
M6280_00866	tRNA	89				tRNA-Ser(cga)
M6280_00867	tRNA	91				tRNA-Ser(gga)
M6280_00868	CDS	453				hypothetical protein
M6280_00869	CDS	252				hypothetical protein
M6280_00870	CDS	537				hypothetical protein
M6280_00871	CDS	204				hypothetical protein
M6280_00872	CDS	210				hypothetical protein
M6280_00873	CDS	345				hypothetical protein
M6280_00874	CDS	1143				hypothetical protein
M6280_00875	CDS	471				hypothetical protein
M6280_00876	CDS	372				hypothetical protein
M6280_00877	CDS	330				hypothetical protein
M6280_00878	CDS	465				hypothetical protein
M6280_00879	CDS	594				hypothetical protein
M6280_00880	CDS	435				hypothetical protein
M6280_00881	CDS	189				hypothetical protein
M6280_00882	CDS	114				hypothetical protein
M6280_00883	CDS	714				hypothetical protein
M6280_00884	CDS	342	hmw1			Cytadherence high molecular weight protein 1
M6280_00885	CDS	396				hypothetical protein
M6280_00886	CDS	2136				hypothetical protein
M6280_00887	CDS	597	rpsD			30S ribosomal protein S4
M6280_00888	CDS	414				hypothetical protein
M6280_00889	CDS	216				hypothetical protein
M6280_00890	CDS	363				hypothetical protein
M6280_00891	CDS	1608				hypothetical protein
M6280_00892	CDS	132				hypothetical protein
M6280_00893	CDS	810				hypothetical protein
M6280_00894	CDS	417	cshB	3.6.4.13	COG0513	DEAD-box ATP-dependent RNA helicase CshB
M6280_00895	CDS	177				hypothetical protein
M6280_00896	CDS	420				hypothetical protein
M6280_00897	CDS	225				hypothetical protein
M6280_00898	CDS	432				hypothetical protein
M6280_00899	CDS	708				hypothetical protein
M6280_00900	CDS	1062				hypothetical protein
M6280_00901	CDS	273				hypothetical protein
M6280_00902	CDS	264				hypothetical protein
M6280_00903	CDS	1728	dnaK		COG0443	Chaperone protein DnaK
M6280_00904	CDS	813	ecfA1_2	7.-.-.-	COG1122	Energy-coupling factor transporter ATP-binding protein EcfA1
M6280_00905	CDS	1074	btuD_4	7.6.2.8		Vitamin B12 import ATP-binding protein BtuD
M6280_00906	CDS	144				hypothetical protein
M6280_00907	CDS	333	ykoC			Putative HMP/thiamine permease protein YkoC
M6280_00908	CDS	1014	gapA	1.2.1.12		Glyceraldehyde-3-phosphate dehydrogenase
M6280_00909	CDS	993	pgk_1	2.7.2.3	COG0126	Phosphoglycerate kinase
M6280_00910	CDS	111	pgk_2	2.7.2.3		Phosphoglycerate kinase
M6280_00911	CDS	654				hypothetical protein
M6280_00912	CDS	450	smc_1		COG1196	Chromosome partition protein Smc
M6280_00913	CDS	339				hypothetical protein
M6280_00914	CDS	1335	smc_2			Chromosome partition protein Smc
M6280_00915	CDS	837	smc_3		COG1196	Chromosome partition protein Smc
M6280_00916	CDS	558	ftsY_1		COG0552	Signal recognition particle receptor FtsY
M6280_00917	CDS	333	ftsY_2		COG0552	Signal recognition particle receptor FtsY
M6280_00918	CDS	390				putative protein MG296 
M6280_00919	CDS	273	mnmA_1	2.8.1.13	COG0482	tRNA-specific 2-thiouridylase MnmA
M6280_00920	CDS	306	mnmA_2	2.8.1.13		tRNA-specific 2-thiouridylase MnmA
M6280_00921	CDS	237	mnmA_3	2.8.1.13		tRNA-specific 2-thiouridylase MnmA
M6280_00922	CDS	309				hypothetical protein
M6280_00923	CDS	219				hypothetical protein
M6280_00924	CDS	432				hypothetical protein
M6280_00925	CDS	183				hypothetical protein
M6280_00926	CDS	576	glpQ	3.1.4.46	COG0584	Glycerophosphodiester phosphodiesterase
M6280_00927	CDS	183	alaS_1	6.1.1.7	COG0013	Alanine--tRNA ligase
M6280_00928	CDS	435	alaS_2	6.1.1.7	COG0013	Alanine--tRNA ligase
M6280_00929	CDS	399				hypothetical protein
M6280_00930	CDS	288	alaS_3	6.1.1.7	COG0013	Alanine--tRNA ligase
M6280_00931	CDS	504				hypothetical protein
M6280_00932	CDS	417	yrrK	3.1.-.-	COG0816	Putative pre-16S rRNA nuclease
M6280_00933	CDS	258				hypothetical protein
M6280_00934	CDS	495				hypothetical protein
M6280_00935	CDS	159				hypothetical protein
M6280_00936	CDS	153				hypothetical protein
M6280_00937	CDS	183				hypothetical protein
M6280_00938	CDS	333	fetA	3.6.3.-	COG4619	putative iron export ATP-binding protein FetA
M6280_00939	CDS	192				High affinity transport system protein p37
M6280_00940	CDS	213				High affinity transport system protein p37
M6280_00941	CDS	453				High affinity transport system protein p37
M6280_00942	CDS	795				hypothetical protein
M6280_00943	CDS	264				hypothetical protein
M6280_00944	CDS	270				hypothetical protein
M6280_00945	tRNA	77				tRNA-Arg(tcg)
M6280_00946	CDS	231				putative protein MPN_377
M6280_00947	CDS	363	dnaE2_1	2.7.7.7		Error-prone DNA polymerase
M6280_00948	CDS	1113	dnaE2_2	2.7.7.7		Error-prone DNA polymerase
M6280_00949	CDS	444	dnaE	2.7.7.7	COG0587	DNA polymerase III subunit alpha
M6280_00950	CDS	174				hypothetical protein
M6280_00951	CDS	756	polA	2.7.7.7		DNA polymerase I
M6280_00952	CDS	855	mutM	3.2.2.23	COG0266	Formamidopyrimidine-DNA glycosylase
M6280_00953	CDS	147				hypothetical protein
M6280_00954	CDS	198				hypothetical protein
M6280_00955	CDS	279	coaE	2.7.1.24	COG0237	Dephospho-CoA kinase
M6280_00956	CDS	219				hypothetical protein
M6280_00957	CDS	837	yitU	3.1.3.104	COG0561	5-amino-6-(5-phospho-D-ribitylamino)uracil phosphatase YitU
M6280_00958	CDS	522	leuS_1	6.1.1.4		Leucine--tRNA ligase
M6280_00959	CDS	204	leuS_2	6.1.1.4		Leucine--tRNA ligase
M6280_00960	CDS	489	leuS_3	6.1.1.4	COG0495	Leucine--tRNA ligase
M6280_00961	CDS	186	leuS_4	6.1.1.4		Leucine--tRNA ligase
M6280_00962	CDS	123				hypothetical protein
M6280_00963	CDS	201				hypothetical protein
M6280_00964	CDS	378				hypothetical protein
M6280_00965	CDS	1023				hypothetical protein
M6280_00966	CDS	387				hypothetical protein
M6280_00967	CDS	111				hypothetical protein
M6280_00968	CDS	522	lplA	6.3.1.20	COG0095	Lipoate-protein ligase A
M6280_00969	CDS	1014	pdhD_1	1.8.1.4		Dihydrolipoyl dehydrogenase
M6280_00970	CDS	237	pdhD_2	1.8.1.4		Dihydrolipoyl dehydrogenase
M6280_00971	CDS	1155	pdhC	2.3.1.12		Dihydrolipoyllysine-residue acetyltransferase component of pyruvate dehydrogenase complex
M6280_00972	CDS	225	pdhB_1	1.2.4.1		Pyruvate dehydrogenase E1 component subunit beta
M6280_00973	CDS	732	pdhB_2	1.2.4.1		Pyruvate dehydrogenase E1 component subunit beta
M6280_00974	CDS	372	pdhA_1	1.2.4.1		Pyruvate dehydrogenase E1 component subunit alpha
M6280_00975	CDS	111	pdhA_2	1.2.4.1		Pyruvate dehydrogenase E1 component subunit alpha
M6280_00976	CDS	153	pdhA_3	1.2.4.1		Pyruvate dehydrogenase E1 component subunit alpha
M6280_00977	CDS	171	pdhA_4	1.2.4.1		Pyruvate dehydrogenase E1 component subunit alpha
M6280_00978	CDS	1083		1.6.99.3		putative NADH oxidase
M6280_00979	CDS	345	nox	1.6.99.3	COG0446	NADH oxidase
M6280_00980	CDS	543	apt	2.4.2.7	COG0503	Adenine phosphoribosyltransferase
M6280_00981	CDS	420				hypothetical protein
M6280_00982	CDS	435				hypothetical protein
M6280_00983	CDS	456				hypothetical protein
M6280_00984	CDS	309				hypothetical protein
M6280_00985	CDS	1389				hypothetical protein
M6280_00986	CDS	258				hypothetical protein
M6280_00987	CDS	144				hypothetical protein
M6280_00988	CDS	195				hypothetical protein
M6280_00989	CDS	657				hypothetical protein
M6280_00990	CDS	798				hypothetical protein
M6280_00991	CDS	831				putative protein MG281
M6280_00992	CDS	657				putative protein MG281
M6280_00993	tRNA	74				tRNA-Gly(tcc)
M6280_00994	tRNA	86				tRNA-Leu(taa)
M6280_00995	tRNA	75				tRNA-Lys(ttt)
M6280_00996	tRNA	75				tRNA-Gln(ttg)
M6280_00997	tRNA	87				tRNA-Tyr(gta)
M6280_00998	CDS	486	greA		COG0782	Transcription elongation factor GreA
M6280_00999	CDS	135				hypothetical protein
M6280_01000	CDS	327				hypothetical protein
M6280_01001	CDS	822	proS	6.1.1.15	COG0442	Proline--tRNA ligase
M6280_01002	CDS	141				hypothetical protein
M6280_01003	CDS	234				hypothetical protein
M6280_01004	CDS	138				hypothetical protein
M6280_01005	CDS	210				hypothetical protein
M6280_01006	CDS	159				hypothetical protein
M6280_01007	CDS	513				hypothetical protein
M6280_01008	tRNA	75				tRNA-SeC(tca)
M6280_01009	CDS	327				hypothetical protein
M6280_01010	CDS	1254				Mgp-operon protein 3
M6280_01011	CDS	387				Mgp-operon protein 3
