locus_tag	ftype	length_bp	gene	EC_number	COG	product
M6711_00001	CDS	1185				hypothetical protein
M6711_00002	CDS	165				hypothetical protein
M6711_00003	CDS	627				hypothetical protein
M6711_00004	CDS	195				hypothetical protein
M6711_00005	CDS	750				hypothetical protein
M6711_00006	CDS	645	pepF1	3.4.24.-		Oligoendopeptidase F, plasmid
M6711_00007	CDS	357				hypothetical protein
M6711_00008	CDS	645				hypothetical protein
M6711_00009	CDS	645	truA	5.4.99.12	COG0101	tRNA pseudouridine synthase A
M6711_00010	CDS	417	ecfT_1			Energy-coupling factor transporter transmembrane protein EcfT
M6711_00011	CDS	462				hypothetical protein
M6711_00012	CDS	336	ecfT_2			Energy-coupling factor transporter transmembrane protein EcfT
M6711_00013	CDS	915	ecfA2	3.6.3.-		Energy-coupling factor transporter ATP-binding protein EcfA2
M6711_00014	CDS	813	ecfA1_1	7.-.-.-	COG1122	Energy-coupling factor transporter ATP-binding protein EcfA1
M6711_00015	CDS	327	rplQ		COG0203	50S ribosomal protein L17
M6711_00016	CDS	582	rpoA_1	2.7.7.6	COG0202	DNA-directed RNA polymerase subunit alpha
M6711_00017	CDS	330	rpoA_2	2.7.7.6		DNA-directed RNA polymerase subunit alpha
M6711_00018	CDS	180	rpsK		COG0100	30S ribosomal protein S11
M6711_00019	CDS	258	rpsM			30S ribosomal protein S13
M6711_00020	CDS	213	infA			Translation initiation factor IF-1
M6711_00021	CDS	747	map	3.4.11.18	COG0024	Methionine aminopeptidase 1
M6711_00022	CDS	645	adk	2.7.4.3		Adenylate kinase
M6711_00023	CDS	1428	secY			Protein translocase subunit SecY
M6711_00024	CDS	453	rplO			50S ribosomal protein L15
M6711_00025	CDS	636				hypothetical protein
M6711_00026	CDS	390	rplR		COG0256	50S ribosomal protein L18
M6711_00027	CDS	462	rplF		COG0097	50S ribosomal protein L6
M6711_00028	CDS	426	rpsH		COG0096	30S ribosomal protein S8
M6711_00029	CDS	183	rpsN1		COG0199	30S ribosomal protein S14
M6711_00030	CDS	291	rplE			50S ribosomal protein L5
M6711_00031	CDS	327	rplX		COG0198	50S ribosomal protein L24
M6711_00032	CDS	369	rplN			50S ribosomal protein L14
M6711_00033	CDS	225	rpsQ			30S ribosomal protein S17
M6711_00034	CDS	195				hypothetical protein
M6711_00035	CDS	174	rplP_1		COG0197	50S ribosomal protein L16
M6711_00036	CDS	195	rplP_2			50S ribosomal protein L16
M6711_00037	CDS	651				hypothetical protein
M6711_00038	CDS	435				hypothetical protein
M6711_00039	CDS	264	rpsS			30S ribosomal protein S19
M6711_00040	CDS	858	rplB			50S ribosomal protein L2
M6711_00041	CDS	321	rplW			50S ribosomal protein L23
M6711_00042	CDS	636	rplD		COG0088	50S ribosomal protein L4
M6711_00043	CDS	378				hypothetical protein
M6711_00044	CDS	378	rplC		COG0087	50S ribosomal protein L3
M6711_00045	CDS	321	rpsJ			30S ribosomal protein S10
M6711_00046	CDS	264				hypothetical protein
M6711_00047	CDS	93				hypothetical protein
M6711_00048	CDS	720				hypothetical protein
M6711_00049	CDS	465				hypothetical protein
M6711_00050	CDS	255				hypothetical protein
M6711_00051	CDS	153				hypothetical protein
M6711_00052	CDS	252				hypothetical protein
M6711_00053	CDS	654				hypothetical protein
M6711_00054	CDS	177				hypothetical protein
M6711_00055	CDS	396				hypothetical protein
M6711_00056	CDS	201				hypothetical protein
M6711_00057	CDS	126				hypothetical protein
M6711_00058	CDS	810	ribF		COG0196	Bifunctional riboflavin kinase/FMN adenylyltransferase
M6711_00059	CDS	159				hypothetical protein
M6711_00060	CDS	108				hypothetical protein
M6711_00061	CDS	426				hypothetical protein
M6711_00062	CDS	339	rbfA			Ribosome-binding factor A
M6711_00063	CDS	1860	infB			Translation initiation factor IF-2
M6711_00064	CDS	273				hypothetical protein
M6711_00065	CDS	399	nusA_1			Transcription termination/antitermination protein NusA
M6711_00066	CDS	390	nusA_2			Transcription termination/antitermination protein NusA
M6711_00067	CDS	609	nusA_3			Transcription termination/antitermination protein NusA
M6711_00068	CDS	579				hypothetical protein
M6711_00069	CDS	135				hypothetical protein
M6711_00070	CDS	693				hypothetical protein
M6711_00071	CDS	321				hypothetical protein
M6711_00072	CDS	852				hypothetical protein
M6711_00073	CDS	291				hypothetical protein
M6711_00074	CDS	387				hypothetical protein
M6711_00075	CDS	228				hypothetical protein
M6711_00076	CDS	174				hypothetical protein
M6711_00077	CDS	204				hypothetical protein
M6711_00078	CDS	213	mgpA_1			Adhesin P1
M6711_00079	CDS	363				hypothetical protein
M6711_00080	CDS	1659	rnjA	3.1.-.-	COG0595	Ribonuclease J1
M6711_00081	CDS	1797	lepA	3.6.5.-		Elongation factor 4
M6711_00082	CDS	189				hypothetical protein
M6711_00083	CDS	840	fcf2	5.4.99.59		dTDP-fucopyranose mutase
M6711_00084	CDS	534	lysS_1	6.1.1.6		Lysine--tRNA ligase
M6711_00085	CDS	399	lysS_2	6.1.1.6	COG1190	Lysine--tRNA ligase
M6711_00086	CDS	429	lysS_3	6.1.1.6	COG1190	Lysine--tRNA ligase
M6711_00087	CDS	630				hypothetical protein
M6711_00088	CDS	192				hypothetical protein
M6711_00089	CDS	303	ybaB			Nucleoid-associated protein YbaB
M6711_00090	CDS	225				hypothetical protein
M6711_00091	CDS	426	hit		COG0537	Protein hit
M6711_00092	CDS	291				hypothetical protein
M6711_00093	CDS	270				hypothetical protein
M6711_00094	CDS	111				hypothetical protein
M6711_00095	CDS	1293	rny_1	3.1.-.-		Ribonuclease Y
M6711_00096	CDS	336				hypothetical protein
M6711_00097	CDS	780	nadK	2.7.1.23		NAD kinase
M6711_00098	CDS	438	spxA			Regulatory protein Spx
M6711_00099	CDS	1044	trpS	6.1.1.2		Tryptophan--tRNA ligase
M6711_00100	CDS	156				hypothetical protein
M6711_00101	CDS	690				hypothetical protein
M6711_00102	CDS	297				hypothetical protein
M6711_00103	CDS	993	rny_2	3.1.-.-		Ribonuclease Y
M6711_00104	CDS	312	topA_1	5.6.2.1		DNA topoisomerase 1
M6711_00105	CDS	1440	topA_2	5.6.2.1		DNA topoisomerase 1
M6711_00106	CDS	162	topA_3	5.6.2.1		DNA topoisomerase 1
M6711_00107	CDS	423				hypothetical protein
M6711_00108	CDS	198				hypothetical protein
M6711_00109	CDS	183				hypothetical protein
M6711_00110	CDS	429				hypothetical protein
M6711_00111	CDS	135				hypothetical protein
M6711_00112	CDS	441				hypothetical protein
M6711_00113	CDS	381				hypothetical protein
M6711_00114	CDS	1143	btuD_1	7.6.2.8		Vitamin B12 import ATP-binding protein BtuD
M6711_00115	CDS	237				hypothetical protein
M6711_00116	CDS	741	galE	5.1.3.2	COG1087	UDP-glucose 4-epimerase
M6711_00117	CDS	354				hypothetical protein
M6711_00118	CDS	204				hypothetical protein
M6711_00119	CDS	126				hypothetical protein
M6711_00120	CDS	534				hypothetical protein
M6711_00121	CDS	474				Protein MG115 
M6711_00122	CDS	147				hypothetical protein
M6711_00123	CDS	303				hypothetical protein
M6711_00124	CDS	135	asnS_1	6.1.1.22	COG0017	Asparagine--tRNA ligase
M6711_00125	CDS	936	asnS_2	6.1.1.22	COG0017	Asparagine--tRNA ligase
M6711_00126	CDS	234				hypothetical protein
M6711_00127	CDS	630	rpe	5.1.3.1	COG0036	Ribulose-phosphate 3-epimerase
M6711_00128	CDS	375	pgi_1	5.3.1.9	COG0166	Glucose-6-phosphate isomerase
M6711_00129	CDS	756	pgi_2	5.3.1.9	COG0166	Glucose-6-phosphate isomerase
M6711_00130	CDS	528	rsgA_1	3.6.1.-	COG1162	Small ribosomal subunit biogenesis GTPase RsgA
M6711_00131	CDS	141	rsgA_2	3.6.1.-		Small ribosomal subunit biogenesis GTPase RsgA
M6711_00132	CDS	96				hypothetical protein
M6711_00133	CDS	924	prkC	2.7.11.1		Serine/threonine-protein kinase PrkC
M6711_00134	CDS	315				hypothetical protein
M6711_00135	CDS	216				hypothetical protein
M6711_00136	CDS	570	gmk	2.7.4.8	COG0194	Guanylate kinase
M6711_00137	CDS	213				hypothetical protein
M6711_00138	CDS	252	cdaS	2.7.7.85		Diadenylate cyclase CdaS
M6711_00139	CDS	117				hypothetical protein
M6711_00140	CDS	414	rnr_1	3.1.13.1	COG0557	Ribonuclease R
M6711_00141	CDS	1287	rnr_2	3.1.13.1	COG0557	Ribonuclease R
M6711_00142	CDS	162				hypothetical protein
M6711_00143	CDS	234				hypothetical protein
M6711_00144	CDS	606	whiA			cell division protein WhiA
M6711_00145	CDS	948	trxB	1.8.1.9	COG0492	Thioredoxin reductase
M6711_00146	CDS	450				hypothetical protein
M6711_00147	CDS	1434	gatB	6.3.5.-	COG0064	Aspartyl/glutamyl-tRNA(Asn/Gln) amidotransferase subunit B
M6711_00148	CDS	552	gatA_1	6.3.5.7	COG0154	Glutamyl-tRNA(Gln) amidotransferase subunit A
M6711_00149	CDS	810	gatA_2	6.3.5.7	COG0154	Glutamyl-tRNA(Gln) amidotransferase subunit A
M6711_00150	CDS	474	GATC	6.3.5.-		Glutamyl-tRNA(Gln) amidotransferase subunit C, chloroplastic/mitochondrial
M6711_00151	CDS	135				hypothetical protein
M6711_00152	CDS	738				hypothetical protein
M6711_00153	CDS	228		3.2.2.27		Uracil-DNA glycosylase
M6711_00154	CDS	270				hypothetical protein
M6711_00155	CDS	1620				hypothetical protein
M6711_00156	CDS	174				hypothetical protein
M6711_00157	CDS	129				hypothetical protein
M6711_00158	CDS	348				hypothetical protein
M6711_00159	CDS	708	dnaB	3.6.4.12	COG0305	Replicative DNA helicase
M6711_00160	CDS	630				hypothetical protein
M6711_00161	CDS	453	rplI		COG0359	50S ribosomal protein L9
M6711_00162	CDS	315				hypothetical protein
M6711_00163	CDS	291				hypothetical protein
M6711_00164	CDS	471				hypothetical protein
M6711_00165	CDS	1659	fusA_1		COG0480	Elongation factor G
M6711_00166	CDS	126	fusA_2		COG0480	Elongation factor G
M6711_00167	CDS	216	fusA_3		COG0480	Elongation factor G
M6711_00168	CDS	468	rpsG			30S ribosomal protein S7
M6711_00169	CDS	420	rpsL		COG0048	30S ribosomal protein S12
M6711_00170	CDS	165				hypothetical protein
M6711_00171	CDS	807	lgt	2.5.1.145	COG0682	Phosphatidylglycerol--prolipoprotein diacylglyceryl transferase
M6711_00172	CDS	936	hprK	2.7.11.-		HPr kinase/phosphorylase
M6711_00173	CDS	345				hypothetical protein
M6711_00174	CDS	99				hypothetical protein
M6711_00175	CDS	213	tilS	6.3.4.19		tRNA(Ile)-lysidine synthase
M6711_00176	CDS	570	pth	3.1.1.29		Peptidyl-tRNA hydrolase
M6711_00177	CDS	327	rplA_1			50S ribosomal protein L1
M6711_00178	CDS	318	rplA_2		COG0081	50S ribosomal protein L1
M6711_00179	CDS	414	rplK		COG0080	50S ribosomal protein L11
M6711_00180	CDS	1107	btuD_2	7.6.2.8		Vitamin B12 import ATP-binding protein BtuD
M6711_00181	CDS	1350				hypothetical protein
M6711_00182	CDS	1113	oppD		COG0444	Oligopeptide transport ATP-binding protein OppD
M6711_00183	CDS	345				hypothetical protein
M6711_00184	CDS	114				hypothetical protein
M6711_00185	CDS	486				hypothetical protein
M6711_00186	CDS	171				hypothetical protein
M6711_00187	CDS	744			COG0601	Putative peptide transport permease protein
M6711_00188	CDS	201				hypothetical protein
M6711_00189	CDS	417				hypothetical protein
M6711_00190	CDS	294				hypothetical protein
M6711_00191	CDS	2397				hypothetical protein
M6711_00192	CDS	207				hypothetical protein
M6711_00193	CDS	1971	uvrB			UvrABC system protein B
M6711_00194	CDS	249				hypothetical protein
M6711_00195	CDS	2163	secA		COG0653	Protein translocase subunit SecA
M6711_00196	CDS	228				hypothetical protein
M6711_00197	CDS	441	pacL	7.2.2.10	COG0474	Calcium-transporting ATPase
M6711_00198	CDS	495		7.2.2.10		Calcium-transporting ATPase 1
M6711_00199	CDS	273	yoaB_1	7.2.2.10	COG0474	Calcium-transporting ATPase 1
M6711_00200	CDS	396	yoaB_2	7.2.2.10	COG0474	Calcium-transporting ATPase 1
M6711_00201	CDS	279				hypothetical protein
M6711_00202	CDS	216				hypothetical protein
M6711_00203	CDS	93				hypothetical protein
M6711_00204	CDS	582	ptsG_1	2.7.1.199		PTS system glucose-specific EIICBA component
M6711_00205	CDS	402	gamP		COG2190	Putative PTS system glucosamine-specific EIICBA component
M6711_00206	CDS	93				hypothetical protein
M6711_00207	CDS	207	ptsG_2	2.7.1.199		PTS system glucose-specific EIICBA component
M6711_00208	CDS	258				hypothetical protein
M6711_00209	CDS	309	ptsG_3	2.7.1.199	COG1263	PTS system glucose-specific EIICBA component
M6711_00210	CDS	294				hypothetical protein
M6711_00211	CDS	177				hypothetical protein
M6711_00212	CDS	147				hypothetical protein
M6711_00213	CDS	177				hypothetical protein
M6711_00214	CDS	237				hypothetical protein
M6711_00215	CDS	216				hypothetical protein
M6711_00216	CDS	174				hypothetical protein
M6711_00217	CDS	243				hypothetical protein
M6711_00218	CDS	1425				hypothetical protein
M6711_00219	CDS	285				hypothetical protein
M6711_00220	CDS	210				hypothetical protein
M6711_00221	CDS	1041	tkt_1	2.2.1.1		Transketolase
M6711_00222	CDS	852	tkt_2	2.2.1.1		Transketolase
M6711_00223	CDS	684	bceA		COG1136	Bacitracin export ATP-binding protein BceA
M6711_00224	CDS	201				hypothetical protein
M6711_00225	CDS	1056				hypothetical protein
M6711_00226	CDS	495				hypothetical protein
M6711_00227	CDS	153				hypothetical protein
M6711_00228	CDS	207				hypothetical protein
M6711_00229	CDS	309				hypothetical protein
M6711_00230	CDS	891				hypothetical protein
M6711_00231	CDS	204				hypothetical protein
M6711_00232	CDS	768	fruK	2.7.1.56		Putative 1-phosphofructokinase
M6711_00233	CDS	1749	fruA		COG1299	PTS system fructose-specific EIIABC component
M6711_00234	CDS	267				hypothetical protein
M6711_00235	tRNA	89				tRNA-Ser(gct)
M6711_00236	CDS	234				hypothetical protein
M6711_00237	CDS	711				hypothetical protein
M6711_00238	CDS	447				hypothetical protein
M6711_00239	CDS	213				hypothetical protein
M6711_00240	CDS	159				hypothetical protein
M6711_00241	CDS	267				hypothetical protein
M6711_00242	CDS	351	smpB		COG0691	SsrA-binding protein
M6711_00243	CDS	1092	prs	2.7.6.1	COG0462	Ribose-phosphate pyrophosphokinase
M6711_00244	CDS	384	rnmV	3.1.26.8	COG1658	Ribonuclease M5
M6711_00245	CDS	600	rsmI	2.1.1.198	COG0313	Ribosomal RNA small subunit methyltransferase I
M6711_00246	CDS	102				hypothetical protein
M6711_00247	CDS	243				hypothetical protein
M6711_00248	CDS	216				hypothetical protein
M6711_00249	CDS	324	nusG_1			Transcription termination/antitermination protein NusG
M6711_00250	CDS	522	nusG_2			Transcription termination/antitermination protein NusG
M6711_00251	CDS	219				hypothetical protein
M6711_00252	CDS	327		5.4.2.8	COG1109	putative phosphomannomutase
M6711_00253	CDS	948	pgcA	5.4.2.2		Phosphoglucomutase
M6711_00254	CDS	393	cdd	3.5.4.5	COG0295	Cytidine deaminase
M6711_00255	CDS	138				hypothetical protein
M6711_00256	CDS	924	pdp	2.4.2.2	COG0213	Pyrimidine-nucleoside phosphorylase
M6711_00257	CDS	672	deoC1	4.1.2.4		Deoxyribose-phosphate aldolase 1
M6711_00258	CDS	363	deoD_1	2.4.2.1		Purine nucleoside phosphorylase DeoD-type
M6711_00259	CDS	408	deoD_2	2.4.2.1	COG0813	Purine nucleoside phosphorylase DeoD-type
M6711_00260	CDS	336	ffh_1		COG0541	Signal recognition particle protein
M6711_00261	CDS	723	ffh_2		COG0541	Signal recognition particle protein
M6711_00262	CDS	120	srp54			Signal recognition particle 54 kDa protein
M6711_00263	CDS	258				hypothetical protein
M6711_00264	CDS	516	metK_1	2.5.1.6		S-adenosylmethionine synthase
M6711_00265	CDS	231	metK_2	2.5.1.6		S-adenosylmethionine synthase
M6711_00266	CDS	162	OSGEPL1	2.3.1.234		tRNA N6-adenosine threonylcarbamoyltransferase, mitochondrial
M6711_00267	CDS	615	tsaD	2.3.1.234	COG0533	tRNA N6-adenosine threonylcarbamoyltransferase
M6711_00268	CDS	834				hypothetical protein
M6711_00269	CDS	285				hypothetical protein
M6711_00270	CDS	378				hypothetical protein
M6711_00271	CDS	405				hypothetical protein
M6711_00272	CDS	495				hypothetical protein
M6711_00273	CDS	129				hypothetical protein
M6711_00274	CDS	330	cysA	7.3.2.3	COG1118	Sulfate/thiosulfate import ATP-binding protein CysA
M6711_00275	CDS	189				hypothetical protein
M6711_00276	CDS	324	potA	7.6.2.11	COG3842	Spermidine/putrescine import ATP-binding protein PotA
M6711_00277	CDS	267	ptsH			Phosphocarrier protein HPr
M6711_00278	CDS	246				hypothetical protein
M6711_00279	CDS	597				hypothetical protein
M6711_00280	CDS	276				hypothetical protein
M6711_00281	CDS	219				putative protein MG039 
M6711_00282	CDS	135				putative protein MG039 
M6711_00283	CDS	375				putative protein MG039 
M6711_00284	CDS	138	glpK_1	2.7.1.30	COG0554	Glycerol kinase
M6711_00285	CDS	90				hypothetical protein
M6711_00286	CDS	261				hypothetical protein
M6711_00287	CDS	153	glpK_2	2.7.1.30		Glycerol kinase
M6711_00288	CDS	180	glpK_3	2.7.1.30	COG0554	Glycerol kinase
M6711_00289	CDS	351				hypothetical protein
M6711_00290	CDS	96				hypothetical protein
M6711_00291	CDS	666				hypothetical protein
M6711_00292	CDS	165				hypothetical protein
M6711_00293	CDS	225	aspS_1	6.1.1.12	COG0173	Aspartate--tRNA(Asp) ligase
M6711_00294	CDS	537	aspS_2	6.1.1.12		Aspartate--tRNA(Asp/Asn) ligase
M6711_00295	CDS	249	hisS_1	6.1.1.21		Histidine--tRNA ligase
M6711_00296	CDS	147				hypothetical protein
M6711_00297	CDS	135				hypothetical protein
M6711_00298	CDS	378	hisS_2	6.1.1.21		Histidine--tRNA ligase
M6711_00299	CDS	297	tdk	2.7.1.21		Thymidine kinase
M6711_00300	CDS	153				hypothetical protein
M6711_00301	CDS	117				hypothetical protein
M6711_00302	CDS	243				hypothetical protein
M6711_00303	CDS	129				hypothetical protein
M6711_00304	CDS	663				hypothetical protein
M6711_00305	CDS	315				hypothetical protein
M6711_00306	CDS	201	polC_1	2.7.7.7		DNA polymerase III PolC-type
M6711_00307	CDS	294	polC_2	2.7.7.7		DNA polymerase III PolC-type
M6711_00308	CDS	90	polC_3	2.7.7.7		DNA polymerase III PolC-type
M6711_00309	CDS	468	polC_4	2.7.7.7		DNA polymerase III PolC-type
M6711_00310	CDS	675	polC_5	2.7.7.7		DNA polymerase III PolC-type
M6711_00311	CDS	171	polC_6	2.7.7.7		DNA polymerase III PolC-type
M6711_00312	CDS	435	polC_7	2.7.7.7		DNA polymerase III PolC-type
M6711_00313	CDS	255	polC_8	2.7.7.7		DNA polymerase III PolC-type
M6711_00314	CDS	204	polC_9	2.7.7.7		DNA polymerase III PolC-type
M6711_00315	CDS	462	polC_10	2.7.7.7		DNA polymerase III PolC-type
M6711_00316	CDS	621	upp	2.4.2.9	COG0035	Uracil phosphoribosyltransferase
M6711_00317	CDS	594				hypothetical protein
M6711_00318	CDS	171				hypothetical protein
M6711_00319	CDS	219			COG0781	putative protein MG027
M6711_00320	CDS	168			COG0781	putative protein MG027
M6711_00321	CDS	573	efp			Elongation factor P
M6711_00322	CDS	120				hypothetical protein
M6711_00323	CDS	654				hypothetical protein
M6711_00324	CDS	108	OLA1			Obg-like ATPase 1
M6711_00325	CDS	888	ychF		COG0012	Ribosome-binding ATPase YchF
M6711_00326	CDS	297	fba_1	4.1.2.13	COG0191	Fructose-bisphosphate aldolase
M6711_00327	CDS	531	fba_2	4.1.2.13		Fructose-bisphosphate aldolase
M6711_00328	CDS	213	rpoE			DNA-directed RNA polymerase subunit delta
M6711_00329	CDS	93				hypothetical protein
M6711_00330	CDS	237	metG_1	6.1.1.10		Methionine--tRNA ligase
M6711_00331	CDS	396	metG_2	6.1.1.10		Methionine--tRNA ligase
M6711_00332	CDS	117	metG_3	6.1.1.10		Methionine--tRNA ligase
M6711_00333	CDS	243	metG_4	6.1.1.10		Methionine--tRNA ligase
M6711_00334	CDS	255				hypothetical protein
M6711_00335	CDS	168				hypothetical protein
M6711_00336	CDS	201	pip	3.4.11.5	COG0596	Proline iminopeptidase
M6711_00337	CDS	1170	dnaJ_1			Chaperone protein DnaJ
M6711_00338	CDS	552				hypothetical protein
M6711_00339	CDS	114				hypothetical protein
M6711_00340	CDS	435				hypothetical protein
M6711_00341	CDS	912				hypothetical protein
M6711_00342	CDS	372				hypothetical protein
M6711_00343	CDS	357			COG1132	putative ABC transporter ATP-binding protein
M6711_00344	CDS	615			COG1132	putative ABC transporter ATP-binding protein
M6711_00345	CDS	273				hypothetical protein
M6711_00346	CDS	426			COG1132	putative ABC transporter ATP-binding protein
M6711_00347	CDS	432				hypothetical protein
M6711_00348	CDS	756				hypothetical protein
M6711_00349	tRNA	77				tRNA-Ile(gat)
M6711_00350	tRNA	76				tRNA-Ala(tgc)
M6711_00351	CDS	636	folD		COG0190	Bifunctional protein FolD protein
M6711_00352	CDS	216				hypothetical protein
M6711_00353	CDS	489	rimK	6.3.2.-	COG0189	Ribosomal protein S6--L-glutamate ligase
M6711_00354	CDS	309				hypothetical protein
M6711_00355	CDS	228				hypothetical protein
M6711_00356	CDS	177				hypothetical protein
M6711_00357	CDS	642	ycfH	3.1.-.-	COG0084	putative metal-dependent hydrolase YcfH
M6711_00358	CDS	1137	mnmE	3.6.-.-		tRNA modification GTPase MnmE
M6711_00359	CDS	288				hypothetical protein
M6711_00360	CDS	168				hypothetical protein
M6711_00361	CDS	633	tmk	2.7.4.9	COG0125	Thymidylate kinase
M6711_00362	CDS	252	serS_1	6.1.1.11	COG0172	Serine--tRNA ligase
M6711_00363	CDS	189	serS_2	6.1.1.11		Serine--tRNA ligase
M6711_00364	CDS	564	serS_3	6.1.1.11	COG0172	Serine--tRNA ligase
M6711_00365	CDS	2511	gyrA_1	5.6.2.2		DNA gyrase subunit A
M6711_00366	CDS	153	gyrB_1	5.6.2.2		DNA gyrase subunit B
M6711_00367	CDS	1029	gyrB_2	5.6.2.2		DNA gyrase subunit B
M6711_00368	CDS	195	gyrB_3	5.6.2.2		DNA gyrase subunit B
M6711_00369	CDS	246	gyrB_4	5.6.2.2		DNA gyrase subunit B
M6711_00370	CDS	135	gyrB_5	5.6.2.2		DNA gyrase subunit B
M6711_00371	CDS	156				hypothetical protein
M6711_00372	CDS	246	dnaJ_2			Chaperone protein DnaJ
M6711_00373	CDS	1143	dnaN		COG0592	Beta sliding clamp
M6711_00374	CDS	810			COG1192	putative protein
M6711_00375	CDS	246				putative protein MPN_687
M6711_00376	CDS	1314	dnaA			Chromosomal replication initiator protein DnaA
M6711_00377	CDS	849	btuD_3	7.6.2.8		Vitamin B12 import ATP-binding protein BtuD
M6711_00378	CDS	876				putative ABC transporter permease MG468 
M6711_00379	CDS	261				hypothetical protein
M6711_00380	CDS	204				putative ABC transporter permease MG468 
M6711_00381	CDS	150				hypothetical protein
M6711_00382	CDS	171				putative ABC transporter permease MG468 
M6711_00383	CDS	774				putative ABC transporter permease MG468 
M6711_00384	CDS	1722				putative ABC transporter permease MG468 
M6711_00385	CDS	354				putative ABC transporter permease MG468 
M6711_00386	CDS	543	macB	3.6.3.-		Macrolide export ATP-binding/permease protein MacB
M6711_00387	CDS	147	rpmH		COG0230	50S ribosomal protein L34
M6711_00388	CDS	429	yidC			Membrane protein insertase YidC
M6711_00389	CDS	315				hypothetical protein
M6711_00390	CDS	780	rsmA	2.1.1.182		Ribosomal RNA small subunit methyltransferase A
M6711_00391	CDS	498	gltX_1	6.1.1.17		Glutamate--tRNA ligase
M6711_00392	CDS	243	gltX_2	6.1.1.17		Glutamate--tRNA ligase
M6711_00393	CDS	222				hypothetical protein
M6711_00394	CDS	159	gltX_3	6.1.1.17		Glutamate--tRNA ligase
M6711_00395	CDS	759				hypothetical protein
M6711_00396	CDS	270				hypothetical protein
M6711_00397	CDS	939	ldh	1.1.1.27		L-lactate dehydrogenase
M6711_00398	CDS	309				hypothetical protein
M6711_00399	CDS	528	hpt	2.4.2.8		Hypoxanthine-guanine phosphoribosyltransferase
M6711_00400	CDS	159				hypothetical protein
M6711_00401	CDS	159				hypothetical protein
M6711_00402	CDS	1428	ftsH	3.4.24.-	COG0465	ATP-dependent zinc metalloprotease FtsH
M6711_00403	CDS	222				hypothetical protein
M6711_00404	CDS	279				hypothetical protein
M6711_00405	CDS	717				hypothetical protein
M6711_00406	CDS	333				hypothetical protein
M6711_00407	CDS	225	tyrS1	6.1.1.1	COG0162	Tyrosine--tRNA ligase 1
M6711_00408	CDS	366	tyrS	6.1.1.1	COG0162	Tyrosine--tRNA ligase
M6711_00409	CDS	423	ohrB		COG1764	Organic hydroperoxide resistance protein OhrB
M6711_00410	CDS	879	gtaB	2.7.7.9		UTP--glucose-1-phosphate uridylyltransferase
M6711_00411	CDS	378				hypothetical protein
M6711_00412	CDS	150				hypothetical protein
M6711_00413	CDS	1185	tuf			Elongation factor Tu
M6711_00414	CDS	309				hypothetical protein
M6711_00415	CDS	270				hypothetical protein
M6711_00416	CDS	126				hypothetical protein
M6711_00417	CDS	402				hypothetical protein
M6711_00418	CDS	204	msrAB		COG0225	Peptide methionine sulfoxide reductase MsrA/MsrB
M6711_00419	CDS	186	msrB	1.8.4.12		Peptide methionine sulfoxide reductase MsrB
M6711_00420	CDS	429				hypothetical protein
M6711_00421	CDS	744				hypothetical protein
M6711_00422	CDS	180				hypothetical protein
M6711_00423	CDS	138				hypothetical protein
M6711_00424	CDS	156	rpsP		COG0228	30S ribosomal protein S16
M6711_00425	CDS	114				hypothetical protein
M6711_00426	CDS	543	trmD	2.1.1.228		tRNA (guanine-N(1)-)-methyltransferase
M6711_00427	CDS	360	rplS		COG0335	50S ribosomal protein L19
M6711_00428	CDS	498				hypothetical protein
M6711_00429	CDS	396				hypothetical protein
M6711_00430	CDS	813	rbgA		COG1161	Ribosome biogenesis GTPase A
M6711_00431	CDS	195				hypothetical protein
M6711_00432	CDS	573				hypothetical protein
M6711_00433	CDS	210				hypothetical protein
M6711_00434	CDS	354				hypothetical protein
M6711_00435	CDS	552			COG0732	Putative type-1 restriction enzyme specificity protein MG438
M6711_00436	CDS	516			COG0732	Putative type-1 restriction enzyme specificity protein MG438
M6711_00437	CDS	171				hypothetical protein
M6711_00438	CDS	90				hypothetical protein
M6711_00439	CDS	306				hypothetical protein
M6711_00440	CDS	429	frr			Ribosome-recycling factor
M6711_00441	CDS	732	pyrH	2.7.4.22	COG0528	Uridylate kinase
M6711_00442	CDS	393	tsf		COG0264	Elongation factor Ts
M6711_00443	CDS	117	TSFM			Elongation factor Ts, mitochondrial
M6711_00444	CDS	333				hypothetical protein
M6711_00445	CDS	276				hypothetical protein
M6711_00446	CDS	213				hypothetical protein
M6711_00447	CDS	489	tpiA	5.3.1.1		Triosephosphate isomerase
M6711_00448	CDS	1524	gpmI	5.4.2.12		2,3-bisphosphoglycerate-independent phosphoglycerate mutase
M6711_00449	CDS	720	ptsI_1	2.7.3.9		Phosphoenolpyruvate-protein phosphotransferase
M6711_00450	CDS	747	ptsI_2	2.7.3.9		Phosphoenolpyruvate-protein phosphotransferase
M6711_00451	CDS	231	ptsI_3	2.7.3.9	COG1080	Phosphoenolpyruvate-protein phosphotransferase
M6711_00452	CDS	297				hypothetical protein
M6711_00453	CDS	291		1.11.1.-	COG1765	Hydroperoxide reductase
M6711_00454	CDS	195				hypothetical protein
M6711_00455	CDS	948	rhpA	3.6.4.13		DEAD-box ATP-dependent RNA helicase RhpA
M6711_00456	CDS	339	cshA	3.6.4.13	COG0513	DEAD-box ATP-dependent RNA helicase CshA
M6711_00457	CDS	261	rpsO			30S ribosomal protein S15
M6711_00458	CDS	162	rnjB_1	3.1.-.-	COG0595	Ribonuclease J2
M6711_00459	CDS	1446	rnjB_2	3.1.-.-	COG0595	Ribonuclease J2
M6711_00460	CDS	165				hypothetical protein
M6711_00461	CDS	192				hypothetical protein
M6711_00462	CDS	438				hypothetical protein
M6711_00463	CDS	153				hypothetical protein
M6711_00464	CDS	354				hypothetical protein
M6711_00465	CDS	270				hypothetical protein
M6711_00466	CDS	264				hypothetical protein
M6711_00467	CDS	519	uvrA_1			UvrABC system protein A
M6711_00468	CDS	1635	uvrA_2			UvrABC system protein A
M6711_00469	CDS	198	dnaX	2.7.7.7	COG2812	DNA polymerase III subunit tau
M6711_00470	CDS	1107				hypothetical protein
M6711_00471	CDS	117				hypothetical protein
M6711_00472	CDS	231	rplM_1		COG0102	50S ribosomal protein L13
M6711_00473	CDS	186	rplM_2		COG0102	50S ribosomal protein L13
M6711_00474	CDS	399	rpsI		COG0103	30S ribosomal protein S9
M6711_00475	CDS	645				hypothetical protein
M6711_00476	CDS	501				hypothetical protein
M6711_00477	CDS	495				hypothetical protein
M6711_00478	CDS	252				hypothetical protein
M6711_00479	CDS	294				hypothetical protein
M6711_00480	CDS	639				hypothetical protein
M6711_00481	CDS	744				hypothetical protein
M6711_00482	CDS	306				hypothetical protein
M6711_00483	CDS	387				hypothetical protein
M6711_00484	CDS	201				hypothetical protein
M6711_00485	CDS	651				hypothetical protein
M6711_00486	CDS	177				hypothetical protein
M6711_00487	CDS	630				hypothetical protein
M6711_00488	CDS	234				hypothetical protein
M6711_00489	CDS	156	pstB3_1	7.3.2.1	COG1117	Phosphate import ATP-binding protein PstB 3
M6711_00490	CDS	345	pstB3_2	7.3.2.1	COG1117	Phosphate import ATP-binding protein PstB 3
M6711_00491	CDS	678				hypothetical protein
M6711_00492	CDS	744	eno_1	4.2.1.11		Enolase
M6711_00493	CDS	459	eno_2	4.2.1.11		Enolase
M6711_00494	CDS	273				hypothetical protein
M6711_00495	CDS	180				hypothetical protein
M6711_00496	CDS	291				hypothetical protein
M6711_00497	CDS	102				hypothetical protein
M6711_00498	CDS	129				hypothetical protein
M6711_00499	CDS	309	atpH			ATP synthase subunit c
M6711_00500	CDS	246	atpF			ATP synthase subunit b
M6711_00501	CDS	531	atpD_1			ATP synthase subunit delta
M6711_00502	CDS	747	atpA_1	7.1.2.2	COG0056	ATP synthase subunit alpha
M6711_00503	CDS	789	atpA_2	7.2.2.1		ATP synthase subunit alpha, sodium ion specific
M6711_00504	CDS	348	atpG_1		COG0224	ATP synthase gamma chain
M6711_00505	CDS	396	atpG_2		COG0224	ATP synthase gamma chain, sodium ion specific
M6711_00506	CDS	1431	atpD_2	7.2.2.1	COG0055	ATP synthase subunit beta, sodium ion specific
M6711_00507	CDS	402	atpC			ATP synthase epsilon chain
M6711_00508	CDS	312				hypothetical protein
M6711_00509	CDS	351				hypothetical protein
M6711_00510	CDS	768				hypothetical protein
M6711_00511	CDS	459	rpiB	5.3.1.6	COG0698	Ribose-5-phosphate isomerase B
M6711_00512	CDS	132				hypothetical protein
M6711_00513	CDS	357				hypothetical protein
M6711_00514	CDS	777				hypothetical protein
M6711_00515	CDS	870	glyA_1	2.1.2.1	COG0112	Serine hydroxymethyltransferase
M6711_00516	CDS	327	glyA_2	2.1.2.1	COG0112	Serine hydroxymethyltransferase
M6711_00517	CDS	333	groS			10 kDa chaperonin
M6711_00518	CDS	1632	groL			60 kDa chaperonin
M6711_00519	CDS	1056	pepA_1	3.4.11.10		cytosol aminopeptidase
M6711_00520	CDS	234	pepA_2	3.4.11.10		cytosol aminopeptidase
M6711_00521	CDS	294				hypothetical protein
M6711_00522	CDS	681				hypothetical protein
M6711_00523	CDS	348				hypothetical protein
M6711_00524	CDS	111				hypothetical protein
M6711_00525	CDS	195				hypothetical protein
M6711_00526	CDS	324	ybeY	3.1.-.-		Endoribonuclease YbeY
M6711_00527	CDS	480	era_1			GTPase Era
M6711_00528	CDS	204	era_2			GTPase Era
M6711_00529	CDS	495				Protein P200
M6711_00530	CDS	285				hypothetical protein
M6711_00531	CDS	168				hypothetical protein
M6711_00532	CDS	198				hypothetical protein
M6711_00533	CDS	2406				hypothetical protein
M6711_00534	CDS	270				hypothetical protein
M6711_00535	CDS	108				hypothetical protein
M6711_00536	CDS	447				hypothetical protein
M6711_00537	CDS	177				hypothetical protein
M6711_00538	CDS	981	obg	3.6.5.-	COG0536	GTPase Obg
M6711_00539	CDS	444	nadE	6.3.1.5	COG0171	NH(3)-dependent NAD(+) synthetase
M6711_00540	CDS	156				hypothetical protein
M6711_00541	CDS	204	udk	2.7.1.48	COG0572	Uridine kinase
M6711_00542	tRNA	76				tRNA-Arg(tct)
M6711_00543	CDS	345				hypothetical protein
M6711_00544	CDS	579	rsmG	2.1.1.170		Ribosomal RNA small subunit methyltransferase G
M6711_00545	CDS	534	mnmG_1			tRNA uridine 5-carboxymethylaminomethyl modification enzyme MnmG
M6711_00546	CDS	1305	mnmG_2			tRNA uridine 5-carboxymethylaminomethyl modification enzyme MnmG
M6711_00547	CDS	180				hypothetical protein
M6711_00548	CDS	453	argS_1	6.1.1.19	COG0018	Arginine--tRNA ligase
M6711_00549	CDS	177				hypothetical protein
M6711_00550	CDS	441	argS_2	6.1.1.19	COG0018	Arginine--tRNA ligase
M6711_00551	CDS	381				putative protein MG377 
M6711_00552	CDS	159				putative protein MG377 
M6711_00553	CDS	150				putative protein MG376 
M6711_00554	CDS	318				hypothetical protein
M6711_00555	CDS	186	thrS_1	6.1.1.3		Threonine--tRNA ligase
M6711_00556	CDS	477	thrS_2	6.1.1.3		Threonine--tRNA ligase
M6711_00557	CDS	585	thrS_3	6.1.1.3		Threonine--tRNA ligase
M6711_00558	CDS	129				hypothetical protein
M6711_00559	CDS	357				hypothetical protein
M6711_00560	CDS	168				hypothetical protein
M6711_00561	CDS	360				hypothetical protein
M6711_00562	CDS	162				hypothetical protein
M6711_00563	CDS	1158	thiI	2.8.1.4	COG0301	putative tRNA sulfurtransferase
M6711_00564	CDS	378	nrnA_1	3.1.-.-	COG0618	Bifunctional oligoribonuclease and PAP phosphatase NrnA
M6711_00565	CDS	99				hypothetical protein
M6711_00566	CDS	255				hypothetical protein
M6711_00567	CDS	120				hypothetical protein
M6711_00568	CDS	594	rluC	5.4.99.24	COG0564	Ribosomal large subunit pseudouridine synthase C
M6711_00569	CDS	270				hypothetical protein
M6711_00570	CDS	513				putative protein
M6711_00571	CDS	1155				putative protein
M6711_00572	CDS	987	plsX	2.3.1.274		Phosphate acyltransferase
M6711_00573	CDS	297	rnc	3.1.26.3		Ribonuclease 3
M6711_00574	CDS	123				hypothetical protein
M6711_00575	CDS	282				hypothetical protein
M6711_00576	CDS	942				hypothetical protein
M6711_00577	CDS	366	fmt	2.1.2.9		Methionyl-tRNA formyltransferase
M6711_00578	CDS	132				hypothetical protein
M6711_00579	CDS	357				hypothetical protein
M6711_00580	CDS	156				hypothetical protein
M6711_00581	CDS	267				hypothetical protein
M6711_00582	CDS	174	rpmF			50S ribosomal protein L32
M6711_00583	CDS	369	rplL			50S ribosomal protein L7/L12
M6711_00584	CDS	489	rplJ			50S ribosomal protein L10
M6711_00585	CDS	564	dinB	2.7.7.7	COG0389	DNA polymerase IV
M6711_00586	CDS	288				hypothetical protein
M6711_00587	CDS	924	ruvB	3.6.4.12	COG2255	Holliday junction ATP-dependent DNA helicase RuvB
M6711_00588	CDS	501	ruvA	3.6.4.12		Holliday junction ATP-dependent DNA helicase RuvA
M6711_00589	CDS	228				hypothetical protein
M6711_00590	CDS	210				hypothetical protein
M6711_00591	CDS	498	ackA_1	2.7.2.1	COG0282	Acetate kinase
M6711_00592	CDS	513	ackA_2	2.7.2.1	COG0282	Acetate kinase
M6711_00593	CDS	360				hypothetical protein
M6711_00594	CDS	639	clpB_1			Chaperone protein ClpB
M6711_00595	CDS	273	clpB_2			Chaperone protein ClpB
M6711_00596	CDS	885	clpB_3		COG0542	Chaperone protein ClpB
M6711_00597	CDS	414				putative protein MG354
M6711_00598	CDS	315				hypothetical protein
M6711_00599	CDS	309	recU	3.1.22.4	COG3331	Holliday junction resolvase RecU
M6711_00600	CDS	219	ppa_1	3.6.1.1	COG0221	Inorganic pyrophosphatase
M6711_00601	CDS	162	ppa_2	3.6.1.1	COG0221	Inorganic pyrophosphatase
M6711_00602	CDS	210				hypothetical protein
M6711_00603	tRNA	82				tRNA-Leu(caa)
M6711_00604	CDS	261				hypothetical protein
M6711_00605	CDS	216				hypothetical protein
M6711_00606	CDS	339				hypothetical protein
M6711_00607	CDS	243				hypothetical protein
M6711_00608	CDS	117				hypothetical protein
M6711_00609	tRNA	88				tRNA-Leu(gag)
M6711_00610	CDS	246				hypothetical protein
M6711_00611	CDS	522				hypothetical protein
M6711_00612	tRNA	76				tRNA-His(gtg)
M6711_00613	CDS	156				hypothetical protein
M6711_00614	CDS	342	trmB	2.1.1.33	COG0220	tRNA (guanine-N(7)-)-methyltransferase
M6711_00615	CDS	114				hypothetical protein
M6711_00616	CDS	168	trmL	2.1.1.207	COG0219	tRNA (cytidine(34)-2'-O)-methyltransferase
M6711_00617	CDS	366	ileS_1	6.1.1.5		Isoleucine--tRNA ligase
M6711_00618	CDS	273	ileS_2	6.1.1.5		Isoleucine--tRNA ligase
M6711_00619	CDS	246	ileS_3	6.1.1.5		Isoleucine--tRNA ligase
M6711_00620	CDS	138				hypothetical protein
M6711_00621	CDS	216				hypothetical protein
M6711_00622	CDS	210				hypothetical protein
M6711_00623	CDS	285				hypothetical protein
M6711_00624	CDS	240				hypothetical protein
M6711_00625	CDS	396				hypothetical protein
M6711_00626	CDS	183				hypothetical protein
M6711_00627	CDS	507				hypothetical protein
M6711_00628	CDS	2697	rpoB_1	2.7.7.6		DNA-directed RNA polymerase subunit beta
M6711_00629	CDS	1077	rpoB_2	2.7.7.6	COG0085	DNA-directed RNA polymerase subunit beta
M6711_00630	CDS	270	rpoB_3	2.7.7.6	COG0085	DNA-directed RNA polymerase subunit beta
M6711_00631	CDS	99				hypothetical protein
M6711_00632	CDS	2046	rpoC_1	2.7.7.6	COG0086	DNA-directed RNA polymerase subunit beta'
M6711_00633	CDS	1524	rpoC_2	2.7.7.6	COG0086	DNA-directed RNA polymerase subunit beta'
M6711_00634	CDS	129				hypothetical protein
M6711_00635	CDS	291				hypothetical protein
M6711_00636	CDS	222				Mgp-operon protein 3
M6711_00637	CDS	279				hypothetical protein
M6711_00638	CDS	312				hypothetical protein
M6711_00639	CDS	177				hypothetical protein
M6711_00640	CDS	1023	recA			Protein RecA
M6711_00641	CDS	204				hypothetical protein
M6711_00642	CDS	144				hypothetical protein
M6711_00643	CDS	165				hypothetical protein
M6711_00644	CDS	141				hypothetical protein
M6711_00645	CDS	96				hypothetical protein
M6711_00646	CDS	519				hypothetical protein
M6711_00647	CDS	198				hypothetical protein
M6711_00648	CDS	159				hypothetical protein
M6711_00649	CDS	258				hypothetical protein
M6711_00650	CDS	357				hypothetical protein
M6711_00651	CDS	177				hypothetical protein
M6711_00652	CDS	417				hypothetical protein
M6711_00653	CDS	456	sufS	4.4.1.16		Cysteine desulfurase
M6711_00654	CDS	384	csdA	2.8.1.7	COG0520	Cysteine desulfurase CsdA
M6711_00655	CDS	207		2.4.1.-	COG0463	Processive diacylglycerol beta-glycosyltransferase
M6711_00656	CDS	513		2.4.1.-	COG0463	Processive diacylglycerol beta-glycosyltransferase
M6711_00657	CDS	222				hypothetical protein
M6711_00658	CDS	576	engB			GTP-binding protein EngB
M6711_00659	CDS	189	valS_1	6.1.1.9	COG0525	Valine--tRNA ligase
M6711_00660	CDS	162	valS_2	6.1.1.9		Valine--tRNA ligase
M6711_00661	CDS	135				hypothetical protein
M6711_00662	CDS	234	valS_3	6.1.1.9		Valine--tRNA ligase
M6711_00663	CDS	123				hypothetical protein
M6711_00664	CDS	165	azoR	1.7.1.17		FMN-dependent NADH-azoreductase
M6711_00665	CDS	138				hypothetical protein
M6711_00666	CDS	720			COG0217	putative transcriptional regulatory protein
M6711_00667	CDS	102				hypothetical protein
M6711_00668	CDS	198				hypothetical protein
M6711_00669	CDS	210				hypothetical protein
M6711_00670	CDS	447	cmk	2.7.4.25	COG0283	Cytidylate kinase
M6711_00671	CDS	1347	der		COG1160	GTPase Der
M6711_00672	CDS	1386				hypothetical protein
M6711_00673	CDS	471				hypothetical protein
M6711_00674	CDS	807	menH	4.2.99.20		2-succinyl-6-hydroxy-2,4-cyclohexadiene-1-carboxylate synthase
M6711_00675	CDS	393				hypothetical protein
M6711_00676	CDS	495				hypothetical protein
M6711_00677	CDS	162	rpmGA			50S ribosomal protein L33 1
M6711_00678	CDS	102				hypothetical protein
M6711_00679	CDS	168				hypothetical protein
M6711_00680	CDS	648	ypdF	3.4.11.-	COG0006	Aminopeptidase YpdF
M6711_00681	CDS	270				hypothetical protein
M6711_00682	CDS	159				hypothetical protein
M6711_00683	tmRNA	388	ssrA			transfer-messenger RNA, SsrA
M6711_00684	CDS	684	ktrA		COG0569	Ktr system potassium uptake protein A
M6711_00685	CDS	1311	ktrB		COG0168	Ktr system potassium uptake protein B
M6711_00686	tRNA	75				tRNA-Asn(gtt)
M6711_00687	tRNA	77				tRNA-Glu(ttc)
M6711_00688	tRNA	75				tRNA-Thr(cgt)
M6711_00689	tRNA	76				tRNA-Val(tac)
M6711_00690	tRNA	76				tRNA-Thr(tgt)
M6711_00691	tRNA	76				tRNA-Lys(ctt)
M6711_00692	tRNA	85				tRNA-Leu(tag)
M6711_00693	CDS	1023				putative lipoprotein MG321 
M6711_00694	CDS	405				putative lipoprotein MG321 
M6711_00695	tRNA	89				tRNA-Ser(cga)
M6711_00696	tRNA	91				tRNA-Ser(gga)
M6711_00697	CDS	453				hypothetical protein
M6711_00698	CDS	252				hypothetical protein
M6711_00699	CDS	537				hypothetical protein
M6711_00700	CDS	204				hypothetical protein
M6711_00701	CDS	210				hypothetical protein
M6711_00702	CDS	363				hypothetical protein
M6711_00703	CDS	1143				hypothetical protein
M6711_00704	CDS	603				hypothetical protein
M6711_00705	CDS	372				hypothetical protein
M6711_00706	CDS	330				hypothetical protein
M6711_00707	CDS	465				hypothetical protein
M6711_00708	CDS	594				hypothetical protein
M6711_00709	CDS	435				hypothetical protein
M6711_00710	CDS	189				hypothetical protein
M6711_00711	CDS	114				hypothetical protein
M6711_00712	CDS	714				hypothetical protein
M6711_00713	CDS	342	hmw1			Cytadherence high molecular weight protein 1
M6711_00714	CDS	396				hypothetical protein
M6711_00715	CDS	2136				hypothetical protein
M6711_00716	CDS	597	rpsD			30S ribosomal protein S4
M6711_00717	CDS	414				hypothetical protein
M6711_00718	CDS	216				hypothetical protein
M6711_00719	CDS	363				hypothetical protein
M6711_00720	CDS	1311				hypothetical protein
M6711_00721	CDS	132				hypothetical protein
M6711_00722	CDS	810				hypothetical protein
M6711_00723	CDS	417	cshB	3.6.4.13	COG0513	DEAD-box ATP-dependent RNA helicase CshB
M6711_00724	CDS	177				hypothetical protein
M6711_00725	CDS	420				hypothetical protein
M6711_00726	CDS	225				hypothetical protein
M6711_00727	CDS	432				hypothetical protein
M6711_00728	CDS	708				hypothetical protein
M6711_00729	CDS	1059				hypothetical protein
M6711_00730	CDS	273				hypothetical protein
M6711_00731	CDS	264				hypothetical protein
M6711_00732	CDS	1728	dnaK		COG0443	Chaperone protein DnaK
M6711_00733	CDS	813	ecfA1_2	7.-.-.-	COG1122	Energy-coupling factor transporter ATP-binding protein EcfA1
M6711_00734	CDS	1074	btuD_4	7.6.2.8		Vitamin B12 import ATP-binding protein BtuD
M6711_00735	CDS	144				hypothetical protein
M6711_00736	CDS	333	ykoC			Putative HMP/thiamine permease protein YkoC
M6711_00737	CDS	1014	gapA	1.2.1.12		Glyceraldehyde-3-phosphate dehydrogenase
M6711_00738	CDS	993	pgk_1	2.7.2.3	COG0126	Phosphoglycerate kinase
M6711_00739	CDS	111	pgk_2	2.7.2.3		Phosphoglycerate kinase
M6711_00740	CDS	654				hypothetical protein
M6711_00741	CDS	450	smc_1		COG1196	Chromosome partition protein Smc
M6711_00742	CDS	339				hypothetical protein
M6711_00743	CDS	1335	smc_2			Chromosome partition protein Smc
M6711_00744	CDS	837	smc_3		COG1196	Chromosome partition protein Smc
M6711_00745	CDS	558	ftsY_1		COG0552	Signal recognition particle receptor FtsY
M6711_00746	CDS	333	ftsY_2		COG0552	Signal recognition particle receptor FtsY
M6711_00747	CDS	390				putative protein MG296 
M6711_00748	CDS	273	mnmA_1	2.8.1.13	COG0482	tRNA-specific 2-thiouridylase MnmA
M6711_00749	CDS	306	mnmA_2	2.8.1.13		tRNA-specific 2-thiouridylase MnmA
M6711_00750	CDS	237	mnmA_3	2.8.1.13		tRNA-specific 2-thiouridylase MnmA
M6711_00751	CDS	309				hypothetical protein
M6711_00752	CDS	432				hypothetical protein
M6711_00753	CDS	183				hypothetical protein
M6711_00754	CDS	576	glpQ	3.1.4.46	COG0584	Glycerophosphodiester phosphodiesterase
M6711_00755	CDS	183	alaS_1	6.1.1.7	COG0013	Alanine--tRNA ligase
M6711_00756	CDS	435	alaS_2	6.1.1.7	COG0013	Alanine--tRNA ligase
M6711_00757	CDS	399				hypothetical protein
M6711_00758	CDS	288	alaS_3	6.1.1.7	COG0013	Alanine--tRNA ligase
M6711_00759	CDS	504				hypothetical protein
M6711_00760	CDS	417	yrrK	3.1.-.-	COG0816	Putative pre-16S rRNA nuclease
M6711_00761	CDS	258				hypothetical protein
M6711_00762	CDS	495				hypothetical protein
M6711_00763	CDS	159				hypothetical protein
M6711_00764	CDS	198				hypothetical protein
M6711_00765	CDS	183				hypothetical protein
M6711_00766	CDS	333	fetA	3.6.3.-	COG4619	putative iron export ATP-binding protein FetA
M6711_00767	CDS	192				High affinity transport system protein p37
M6711_00768	CDS	213				High affinity transport system protein p37
M6711_00769	CDS	453				High affinity transport system protein p37
M6711_00770	CDS	357				hypothetical protein
M6711_00771	CDS	264				hypothetical protein
M6711_00772	CDS	270				Mgp-operon protein 3
M6711_00773	CDS	222				Mgp-operon protein 3
M6711_00774	CDS	177				hypothetical protein
M6711_00775	tRNA	75				tRNA-SeC(tca)
M6711_00776	CDS	513				hypothetical protein
M6711_00777	CDS	159				hypothetical protein
M6711_00778	CDS	210				hypothetical protein
M6711_00779	CDS	138				hypothetical protein
M6711_00780	CDS	234				hypothetical protein
M6711_00781	CDS	141				hypothetical protein
M6711_00782	CDS	822	proS	6.1.1.15	COG0442	Proline--tRNA ligase
M6711_00783	CDS	327				hypothetical protein
M6711_00784	CDS	135				hypothetical protein
M6711_00785	CDS	486	greA		COG0782	Transcription elongation factor GreA
M6711_00786	tRNA	87				tRNA-Tyr(gta)
M6711_00787	tRNA	75				tRNA-Gln(ttg)
M6711_00788	tRNA	75				tRNA-Lys(ttt)
M6711_00789	tRNA	86				tRNA-Leu(taa)
M6711_00790	tRNA	74				tRNA-Gly(tcc)
M6711_00791	CDS	657				putative protein MG281
M6711_00792	CDS	831				putative protein MG281
M6711_00793	CDS	798				hypothetical protein
M6711_00794	CDS	657				hypothetical protein
M6711_00795	CDS	195				hypothetical protein
M6711_00796	CDS	144				hypothetical protein
M6711_00797	CDS	258				hypothetical protein
M6711_00798	CDS	1389				hypothetical protein
M6711_00799	CDS	309				hypothetical protein
M6711_00800	CDS	456				hypothetical protein
M6711_00801	CDS	435				hypothetical protein
M6711_00802	CDS	687				hypothetical protein
M6711_00803	CDS	543	apt	2.4.2.7	COG0503	Adenine phosphoribosyltransferase
M6711_00804	CDS	345	nox	1.6.99.3	COG0446	NADH oxidase
M6711_00805	CDS	1083		1.6.99.3		putative NADH oxidase
M6711_00806	CDS	171	pdhA_1	1.2.4.1		Pyruvate dehydrogenase E1 component subunit alpha
M6711_00807	CDS	153	pdhA_2	1.2.4.1		Pyruvate dehydrogenase E1 component subunit alpha
M6711_00808	CDS	111	pdhA_3	1.2.4.1		Pyruvate dehydrogenase E1 component subunit alpha
M6711_00809	CDS	372	pdhA_4	1.2.4.1		Pyruvate dehydrogenase E1 component subunit alpha
M6711_00810	CDS	732	pdhB_1	1.2.4.1		Pyruvate dehydrogenase E1 component subunit beta
M6711_00811	CDS	225	pdhB_2	1.2.4.1		Pyruvate dehydrogenase E1 component subunit beta
M6711_00812	CDS	1155	pdhC	2.3.1.12		Dihydrolipoyllysine-residue acetyltransferase component of pyruvate dehydrogenase complex
M6711_00813	CDS	237	pdhD_1	1.8.1.4		Dihydrolipoyl dehydrogenase
M6711_00814	CDS	1014	pdhD_2	1.8.1.4		Dihydrolipoyl dehydrogenase
M6711_00815	CDS	522	lplA	6.3.1.20	COG0095	Lipoate-protein ligase A
M6711_00816	CDS	111				hypothetical protein
M6711_00817	CDS	387				hypothetical protein
M6711_00818	CDS	1023				hypothetical protein
M6711_00819	CDS	378				hypothetical protein
M6711_00820	CDS	201				hypothetical protein
M6711_00821	CDS	123				hypothetical protein
M6711_00822	CDS	186	leuS_1	6.1.1.4		Leucine--tRNA ligase
M6711_00823	CDS	489	leuS_2	6.1.1.4	COG0495	Leucine--tRNA ligase
M6711_00824	CDS	204	leuS_3	6.1.1.4		Leucine--tRNA ligase
M6711_00825	CDS	522	leuS_4	6.1.1.4		Leucine--tRNA ligase
M6711_00826	CDS	837	yitU	3.1.3.104	COG0561	5-amino-6-(5-phospho-D-ribitylamino)uracil phosphatase YitU
M6711_00827	CDS	219				hypothetical protein
M6711_00828	CDS	279	coaE	2.7.1.24	COG0237	Dephospho-CoA kinase
M6711_00829	CDS	198				hypothetical protein
M6711_00830	CDS	147				hypothetical protein
M6711_00831	CDS	855	mutM	3.2.2.23	COG0266	Formamidopyrimidine-DNA glycosylase
M6711_00832	CDS	756	polA	2.7.7.7		DNA polymerase I
M6711_00833	CDS	174				hypothetical protein
M6711_00834	CDS	444	dnaE	2.7.7.7	COG0587	DNA polymerase III subunit alpha
M6711_00835	CDS	1113	dnaE2_1	2.7.7.7		Error-prone DNA polymerase
M6711_00836	CDS	363	dnaE2_2	2.7.7.7		Error-prone DNA polymerase
M6711_00837	CDS	231				putative protein MPN_377
M6711_00838	tRNA	77				tRNA-Arg(tcg)
M6711_00839	CDS	198				hypothetical protein
M6711_00840	CDS	486				hypothetical protein
M6711_00841	CDS	177				hypothetical protein
M6711_00842	CDS	243				hypothetical protein
M6711_00843	CDS	228				hypothetical protein
M6711_00844	CDS	348				hypothetical protein
M6711_00845	CDS	1146				hypothetical protein
M6711_00846	CDS	636				hypothetical protein
M6711_00847	CDS	432				hypothetical protein
M6711_00848	CDS	276	prmC	2.1.1.297		Release factor glutamine methyltransferase
M6711_00849	CDS	126				hypothetical protein
M6711_00850	CDS	606	prfA_1		COG0216	Peptide chain release factor 1
M6711_00851	CDS	441	prfA_2			Peptide chain release factor 1
M6711_00852	CDS	294				hypothetical protein
M6711_00853	CDS	141				hypothetical protein
M6711_00854	CDS	180				hypothetical protein
M6711_00855	tRNA	74				tRNA-Trp(cca)
M6711_00856	tRNA	75				tRNA-Arg(cct)
M6711_00857	CDS	741				hypothetical protein
M6711_00858	CDS	294				hypothetical protein
M6711_00859	tRNA	74				tRNA-Gly(gcc)
M6711_00860	CDS	714	ligA_1	6.5.1.2	COG0272	DNA ligase
M6711_00861	CDS	1197	ligA_2	6.5.1.2	COG0272	DNA ligase
M6711_00862	CDS	540	cysS_1	6.1.1.16	COG0215	Cysteine--tRNA ligase
M6711_00863	CDS	261	cysS_2	6.1.1.16	COG0215	Cysteine--tRNA ligase
M6711_00864	CDS	168				hypothetical protein
M6711_00865	CDS	306		2.1.1.-		Putative TrmH family tRNA/rRNA methyltransferase
M6711_00866	CDS	228	glyQS_1	6.1.1.14	COG0423	Glycine--tRNA ligase
M6711_00867	CDS	438	glyQS_2	6.1.1.14	COG0423	Glycine--tRNA ligase
M6711_00868	CDS	309	glyQS_3	6.1.1.14		Glycine--tRNA ligase
M6711_00869	CDS	174	glyQS_4	6.1.1.14		Glycine--tRNA ligase
M6711_00870	CDS	243	dnaG_1	2.7.7.-	COG0358	DNA primase
M6711_00871	CDS	630	dnaG_2	2.7.7.-	COG0358	DNA primase
M6711_00872	CDS	201				hypothetical protein
M6711_00873	CDS	126				hypothetical protein
M6711_00874	CDS	135				hypothetical protein
M6711_00875	CDS	366				hypothetical protein
M6711_00876	CDS	405	rpoD			RNA polymerase sigma factor RpoD
M6711_00877	CDS	516	sigA		COG0568	RNA polymerase sigma factor SigA
M6711_00878	CDS	657				hypothetical protein
M6711_00879	CDS	237	plsY	2.3.1.275		Glycerol-3-phosphate acyltransferase
M6711_00880	CDS	186				hypothetical protein
M6711_00881	CDS	645		3.1.-.-		Putative phosphatase/phosphodiesterase MPN_349
M6711_00882	CDS	156		3.1.-.-		Putative phosphatase/phosphodiesterase MPN_349
M6711_00883	CDS	498		6.3.3.2		5-formyltetrahydrofolate cyclo-ligase
M6711_00884	CDS	558	pcrA_1	3.6.4.12		ATP-dependent DNA helicase PcrA
M6711_00885	CDS	360				hypothetical protein
M6711_00886	CDS	765	pcrA_2	3.6.4.12		ATP-dependent DNA helicase PcrA
M6711_00887	CDS	372				hypothetical protein
M6711_00888	CDS	294				hypothetical protein
M6711_00889	CDS	165				hypothetical protein
M6711_00890	CDS	117				hypothetical protein
M6711_00891	CDS	219				hypothetical protein
M6711_00892	CDS	681				hypothetical protein
M6711_00893	CDS	489				hypothetical protein
M6711_00894	CDS	486				hypothetical protein
M6711_00895	CDS	105				hypothetical protein
M6711_00896	CDS	459				hypothetical protein
M6711_00897	CDS	345	nadD	2.7.7.18	COG1057	putative nicotinate-nucleotide adenylyltransferase
M6711_00898	CDS	402				hypothetical protein
M6711_00899	CDS	219				hypothetical protein
M6711_00900	CDS	1266	lon1_1	3.4.21.53	COG0466	Lon protease 1
M6711_00901	CDS	978	lon1_2	3.4.21.53	COG0466	Lon protease 1
M6711_00902	CDS	1224	tig	5.2.1.8	COG0544	Trigger factor
M6711_00903	CDS	885				putative protein MG237 
M6711_00904	CDS	423				hypothetical protein
M6711_00905	CDS	846	nfo	3.1.21.2	COG0648	putative endonuclease 4
M6711_00906	CDS	315	rpmA		COG0211	50S ribosomal protein L27
M6711_00907	CDS	300				hypothetical protein
M6711_00908	CDS	303	rplU		COG0261	50S ribosomal protein L21
M6711_00909	CDS	459	nrdE	1.17.4.1	COG0209	Ribonucleoside-diphosphate reductase subunit alpha
M6711_00910	CDS	1629	nrdE2	1.17.4.1	COG0209	Ribonucleoside-diphosphate reductase subunit alpha 2
M6711_00911	CDS	462	nrdI		COG1780	Protein NrdI
M6711_00912	CDS	672	nrdF	1.17.4.1	COG0208	Ribonucleoside-diphosphate reductase 2 subunit beta
M6711_00913	CDS	132				hypothetical protein
M6711_00914	CDS	192				hypothetical protein
M6711_00915	CDS	231	dhfR	1.5.1.3	COG0262	Dihydrofolate reductase
M6711_00916	CDS	372	thyA	2.1.1.45	COG0207	Thymidylate synthase
M6711_00917	CDS	183	thyA2	2.1.1.45	COG0207	Thymidylate synthase 2
M6711_00918	CDS	291				hypothetical protein
M6711_00919	CDS	372				hypothetical protein
M6711_00920	rRNA	74				5S ribosomal RNA (partial)
M6711_00921	rRNA	2907				23S ribosomal RNA
M6711_00922	rRNA	1514				16S ribosomal RNA
M6711_00923	CDS	225				Mgp-operon protein 3
M6711_00924	CDS	279				hypothetical protein
M6711_00925	CDS	216				hypothetical protein
M6711_00926	CDS	177				hypothetical protein
M6711_00927	CDS	222	mgpA_2			Adhesin P1
M6711_00928	CDS	336				hypothetical protein
M6711_00929	CDS	1278				hypothetical protein
M6711_00930	CDS	978				hypothetical protein
M6711_00931	CDS	174				hypothetical protein
M6711_00932	CDS	288				hypothetical protein
M6711_00933	CDS	171				hypothetical protein
M6711_00934	CDS	891	ftsZ			Cell division protein FtsZ
M6711_00935	CDS	1236				hypothetical protein
M6711_00936	CDS	930	rsmH	2.1.1.199	COG0275	Ribosomal RNA small subunit methyltransferase H
M6711_00937	CDS	465	mraZ			Transcriptional regulator MraZ
M6711_00938	tRNA	77				tRNA-Arg(gcg)
M6711_00939	CDS	204				hypothetical protein
M6711_00940	CDS	477				hypothetical protein
M6711_00941	CDS	309				putative protein MG218.1
M6711_00942	CDS	696				putative protein MG218.1
M6711_00943	CDS	477	hmw2_1			Cytadherence high molecular weight protein 2
M6711_00944	CDS	942	hmw2_2			Cytadherence high molecular weight protein 2
M6711_00945	CDS	3153	hmw2_3			Cytadherence high molecular weight protein 2
M6711_00946	CDS	93				hypothetical protein
M6711_00947	CDS	1002				hypothetical protein
M6711_00948	tRNA	76				tRNA-Phe(gaa)
M6711_00949	tRNA	74				tRNA-Asp(gtc)
M6711_00950	tRNA	77				tRNA-Met(cat)
M6711_00951	tRNA	92				tRNA-Ser(tga)
M6711_00952	tRNA	77				tRNA-Met(cat)
M6711_00953	tRNA	77				tRNA-Met(cat)
M6711_00954	tRNA	77				tRNA-Pro(tgg)
M6711_00955	tRNA	77				tRNA-Cys(gca)
M6711_00956	CDS	294	pyk_1	2.7.1.40		Pyruvate kinase
M6711_00957	CDS	864	pyk_2	2.7.1.40		Pyruvate kinase
M6711_00958	CDS	468	pfkA_1	2.7.1.11		ATP-dependent 6-phosphofructokinase
M6711_00959	CDS	420	pfkA_2	2.7.1.11	COG0205	ATP-dependent 6-phosphofructokinase isozyme 1
M6711_00960	CDS	624	scpB		COG1386	Segregation and condensation protein B
M6711_00961	CDS	885	scpA			Segregation and condensation protein A
M6711_00962	CDS	189				hypothetical protein
M6711_00963	CDS	156				hypothetical protein
M6711_00964	CDS	588				hypothetical protein
M6711_00965	CDS	195				hypothetical protein
M6711_00966	CDS	117				hypothetical protein
M6711_00967	CDS	399				hypothetical protein
M6711_00968	CDS	189				hypothetical protein
M6711_00969	CDS	246				hypothetical protein
M6711_00970	CDS	339	lspA	3.4.23.36		Lipoprotein signal peptidase
M6711_00971	CDS	927	rluD	5.4.99.23	COG0564	Ribosomal large subunit pseudouridine synthase D
M6711_00972	CDS	591				hypothetical protein
M6711_00973	CDS	345		3.1.4.-		Putative metallophosphoesterase MG207 
M6711_00974	CDS	159		3.1.4.-		Putative metallophosphoesterase MG207 
M6711_00975	CDS	1461	uvrC		COG0322	UvrABC system protein C
M6711_00976	CDS	795	hrcA_1		COG1420	Heat-inducible transcription repressor HrcA
M6711_00977	CDS	231	hrcA_2			Heat-inducible transcription repressor HrcA
M6711_00978	CDS	2013	parC	5.6.2.2	COG0188	DNA topoisomerase 4 subunit A
M6711_00979	CDS	288	gyrA_2	5.6.2.2	COG0188	Type 2 topoisomerase subunit A
M6711_00980	CDS	147	parE_1	5.6.2.2	COG0187	DNA topoisomerase 4 subunit B
M6711_00981	CDS	1746	parE_2	5.6.2.2	COG0187	DNA topoisomerase 4 subunit B
M6711_00982	tRNA	74				tRNA-Thr(ggt)
M6711_00983	CDS	369				hypothetical protein
M6711_00984	CDS	201	grpE_1			Protein GrpE
M6711_00985	CDS	453	grpE_2			Protein GrpE
M6711_00986	CDS	966				DnaJ-like protein MG200
M6711_00987	CDS	567				DnaJ-like protein MG200
M6711_00988	CDS	708	rnhC	3.1.26.4	COG1039	Ribonuclease HIII
M6711_00989	CDS	375	rplT			50S ribosomal protein L20
M6711_00990	CDS	180	rpmI			50S ribosomal protein L35
M6711_00991	CDS	546	infC			Translation initiation factor IF-3
M6711_00992	CDS	150				hypothetical protein
M6711_00993	CDS	402				hypothetical protein
M6711_00994	CDS	384				hypothetical protein
M6711_00995	CDS	645	pheT_1	6.1.1.20		Phenylalanine--tRNA ligase beta subunit
M6711_00996	CDS	228				hypothetical protein
M6711_00997	CDS	474	pheT_2	6.1.1.20		Phenylalanine--tRNA ligase beta subunit
M6711_00998	CDS	153	pheS_1	6.1.1.20		Phenylalanine--tRNA ligase alpha subunit
M6711_00999	CDS	561	pheS_2	6.1.1.20		Phenylalanine--tRNA ligase alpha subunit
M6711_01000	CDS	288				hypothetical protein
M6711_01001	CDS	174				hypothetical protein
M6711_01002	CDS	255	mgpA_3			Adhesin P1
M6711_01003	CDS	168				hypothetical protein
M6711_01004	CDS	249				hypothetical protein
M6711_01005	CDS	1239				Mgp-operon protein 3
M6711_01006	CDS	384				Mgp-operon protein 3
M6711_01007	CDS	228				hypothetical protein
M6711_01008	CDS	177				hypothetical protein
M6711_01009	CDS	369				hypothetical protein
M6711_01010	CDS	1002				hypothetical protein
M6711_01011	CDS	147				hypothetical protein
M6711_01012	CDS	144	mgpA_4			Adhesin P1
M6711_01013	CDS	156				hypothetical protein
M6711_01014	CDS	273	mgpA_5			Adhesin P1
M6711_01015	CDS	354	mgpA_6			Adhesin P1
M6711_01016	CDS	153	mgpA_7			Adhesin P1
M6711_01017	CDS	528	mgpA_8			Adhesin P1
M6711_01018	CDS	768	nrnA_2	3.1.-.-		Bifunctional oligoribonuclease and PAP phosphatase NrnA
M6711_01019	CDS	159				hypothetical protein
M6711_01020	CDS	201				hypothetical protein
M6711_01021	CDS	156				hypothetical protein
M6711_01022	CDS	564	araP		COG1175	L-arabinose transport system permease protein AraP
M6711_01023	CDS	282				hypothetical protein
M6711_01024	CDS	219				Putative ABC transporter ATP-binding protein MG187 
M6711_01025	CDS	705				Putative ABC transporter ATP-binding protein MG187 
M6711_01026	CDS	294				Putative ABC transporter ATP-binding protein MG187 
M6711_01027	CDS	330				Putative ABC transporter ATP-binding protein MG187 
M6711_01028	CDS	273				putative lipoprotein MG186 
M6711_01029	CDS	177				hypothetical protein
M6711_01030	CDS	159				hypothetical protein
M6711_01031	CDS	252				hypothetical protein
M6711_01032	CDS	405	bla	3.5.2.6		Beta-lactamase TEM
M6711_01033	CDS	390		3.5.2.6		Beta-lactamase TEM-12
M6711_01034	CDS	549				hypothetical protein
